model,seed,h,MAE,RMSE,MASE,skill_vs_persistence,market_MAE_sd,worst_decile_MAE,highvol_MAE,spike_MAE,spike_share
Persistence,0,1,2035.859059639684,6428.188078150188,1.0,0.0,974.6105806363454,3038.872451117391,,10447.858198547276,0.1504451038575667
Persistence,0,3,4718.699383516978,9960.701309520164,1.0,0.0,1574.9776710033325,6559.940647655193,9631.5182073769,11268.823376323233,0.3582838773491592
Persistence,0,7,8071.020941311366,13454.61369232388,1.0,0.0,1932.7165882185127,9698.219660725144,16081.64677548686,12953.632616881268,0.5760138476755687
Persistence,0,14,13009.299895298534,18706.92992997518,1.0,0.0,2453.6412587586865,15037.982279784264,22157.03326883609,16918.506114683652,0.7429525222551929
Persistence,0,30,22054.878988038043,28493.326810471037,1.0,0.0,3331.4393907076,25388.42716108353,25668.895297271305,24794.92698899384,0.8807863501483679
SeasonalNaive7,0,1,8045.739017128249,13484.297078312336,3.952011795233125,-2.9520117952331244,1937.0263654602088,9840.05962677918,,13095.730982077532,0.1504451038575667
SeasonalNaive7,0,3,8066.881068825173,13500.167750658518,1.7095560477965228,-0.7095560477965228,1958.405558383451,9800.890143268343,14034.369840676962,12758.374905103085,0.3582838773491592
SeasonalNaive7,0,7,8071.020941311366,13454.61369232388,1.0,0.0,1932.7165882185127,9698.219660725144,16081.64677548686,12953.632616881268,0.5760138476755687
SeasonalNaive7,0,14,13009.299895298534,18706.92992997518,1.0,0.0,2453.6412587586865,15037.982279784264,22157.03326883609,16918.506114683652,0.7429525222551929
SeasonalNaive7,0,30,23359.171344859667,29989.484167628965,1.0591384952748568,-0.0591384952748568,3433.0214219175714,26840.05914331457,26646.70971436032,25680.370327970264,0.8807863501483679
Drift,0,1,2499.347032840567,6625.83600797156,1.2276621119749385,-0.2276621119749384,978.7067153316348,3546.5925622014224,,10490.200578484184,0.1504451038575667
Drift,0,3,5639.59999718373,10941.477344492832,1.1951598393581877,-0.1951598393581874,1665.3683170725333,7423.180125732447,10728.0200171191,11399.58438225419,0.3582838773491592
Drift,0,7,10183.60743694026,17001.83838766232,1.2617495990892134,-0.2617495990892133,2410.467506453401,12010.841532082166,19542.2107158714,14039.725875230535,0.5760138476755687
Drift,0,14,18833.961327297617,29227.40076623722,1.447730583419333,-0.447730583419333,3720.106822497729,22217.388575589437,32703.69050386802,21718.061875142783,0.7429525222551929
Drift,0,30,43348.22777634263,69901.1583917301,1.9654711231856457,-0.965471123185646,8331.94144328561,50989.68897470411,59913.991407221125,46617.50889015435,0.8807863501483679
ETS,0,1,2035.859059639684,6428.188078150188,1.0,0.0,974.6105806363454,3038.872451117391,,10447.858198547276,0.1504451038575667
ETS,0,3,4750.620169797077,9970.927526811209,1.0067647425033268,-0.0067647425033268,1559.128984958894,6559.94064784209,9670.96757423398,11282.543084095863,0.3582838773491592
ETS,0,7,8139.305253394398,13502.161347554633,1.0084604305427485,-0.0084604305427482,1933.11691542529,9863.501666610357,16171.368470172603,12995.302513920002,0.5760138476755687
ETS,0,14,13109.72748889461,18808.45426936693,1.0077196770313803,-0.0077196770313803,2481.801446084868,15812.75969239529,22320.890490503534,16991.36995898037,0.7429525222551929
ETS,0,30,22174.827027326293,28644.80620037848,1.0054386169769196,-0.0054386169769196,3387.47831816221,25768.679164405967,25853.19376734712,24901.3406990756,0.8807863501483679
XGBoost,0,1,5197.226972028848,9106.49656131184,2.552842225212131,-1.5528422252121312,1257.5486649535117,6237.977174597325,,9399.18452631961,0.1504451038575667
XGBoost,0,3,6861.681877278488,10819.25429926706,1.454146856917231,-0.4541468569172309,1420.5467172679091,8068.03622746399,11660.395426452047,9392.746113844923,0.3582838773491592
XGBoost,0,7,10022.420914581697,14192.632936655786,1.2417785788762024,-0.2417785788762023,1608.4210339959002,11406.553627262512,16167.330232511897,11249.817253956388,0.5760138476755687
XGBoost,0,14,13123.391511587846,18233.126168813527,1.0087700043205663,-0.0087700043205662,2033.2854456178263,15051.866531605232,21120.70356584123,13570.840597232262,0.7429525222551929
XGBoost,0,30,15649.930018852368,20883.404961766555,0.7095903825788596,0.2904096174211403,1982.7743940283076,17667.42814974744,22823.23927964349,15845.638461347073,0.8807863501483679
XGBoost,1,1,5197.226972028848,9106.49656131184,2.552842225212131,-1.5528422252121312,1257.5486649535117,6237.977174597325,,9399.18452631961,0.1504451038575667
XGBoost,1,3,6861.681877278488,10819.25429926706,1.454146856917231,-0.4541468569172309,1420.5467172679091,8068.03622746399,11660.395426452047,9392.746113844923,0.3582838773491592
XGBoost,1,7,10022.420914581697,14192.632936655786,1.2417785788762024,-0.2417785788762023,1608.4210339959002,11406.553627262512,16167.330232511897,11249.817253956388,0.5760138476755687
XGBoost,1,14,13123.391511587846,18233.126168813527,1.0087700043205663,-0.0087700043205662,2033.2854456178263,15051.866531605232,21120.70356584123,13570.840597232262,0.7429525222551929
XGBoost,1,30,15649.930018852368,20883.404961766555,0.7095903825788596,0.2904096174211403,1982.7743940283076,17667.42814974744,22823.23927964349,15845.638461347073,0.8807863501483679
XGBoost,2,1,5197.226972028848,9106.49656131184,2.552842225212131,-1.5528422252121312,1257.5486649535117,6237.977174597325,,9399.18452631961,0.1504451038575667
XGBoost,2,3,6861.681877278488,10819.25429926706,1.454146856917231,-0.4541468569172309,1420.5467172679091,8068.03622746399,11660.395426452047,9392.746113844923,0.3582838773491592
XGBoost,2,7,10022.420914581697,14192.632936655786,1.2417785788762024,-0.2417785788762023,1608.4210339959002,11406.553627262512,16167.330232511897,11249.817253956388,0.5760138476755687
XGBoost,2,14,13123.391511587846,18233.126168813527,1.0087700043205663,-0.0087700043205662,2033.2854456178263,15051.866531605232,21120.70356584123,13570.840597232262,0.7429525222551929
XGBoost,2,30,15649.930018852368,20883.404961766555,0.7095903825788596,0.2904096174211403,1982.7743940283076,17667.42814974744,22823.23927964349,15845.638461347073,0.8807863501483679
XGBoost,3,1,5197.226972028848,9106.49656131184,2.552842225212131,-1.5528422252121312,1257.5486649535117,6237.977174597325,,9399.18452631961,0.1504451038575667
XGBoost,3,3,6861.681877278488,10819.25429926706,1.454146856917231,-0.4541468569172309,1420.5467172679091,8068.03622746399,11660.395426452047,9392.746113844923,0.3582838773491592
XGBoost,3,7,10022.420914581697,14192.632936655786,1.2417785788762024,-0.2417785788762023,1608.4210339959002,11406.553627262512,16167.330232511897,11249.817253956388,0.5760138476755687
XGBoost,3,14,13123.391511587846,18233.126168813527,1.0087700043205663,-0.0087700043205662,2033.2854456178263,15051.866531605232,21120.70356584123,13570.840597232262,0.7429525222551929
XGBoost,3,30,15649.930018852368,20883.404961766555,0.7095903825788596,0.2904096174211403,1982.7743940283076,17667.42814974744,22823.23927964349,15845.638461347073,0.8807863501483679
XGBoost,4,1,5197.226972028848,9106.49656131184,2.552842225212131,-1.5528422252121312,1257.5486649535117,6237.977174597325,,9399.18452631961,0.1504451038575667
XGBoost,4,3,6861.681877278488,10819.25429926706,1.454146856917231,-0.4541468569172309,1420.5467172679091,8068.03622746399,11660.395426452047,9392.746113844923,0.3582838773491592
XGBoost,4,7,10022.420914581697,14192.632936655786,1.2417785788762024,-0.2417785788762023,1608.4210339959002,11406.553627262512,16167.330232511897,11249.817253956388,0.5760138476755687
XGBoost,4,14,13123.391511587846,18233.126168813527,1.0087700043205663,-0.0087700043205662,2033.2854456178263,15051.866531605232,21120.70356584123,13570.840597232262,0.7429525222551929
XGBoost,4,30,15649.930018852368,20883.404961766555,0.7095903825788596,0.2904096174211403,1982.7743940283076,17667.42814974744,22823.23927964349,15845.638461347073,0.8807863501483679
XGBoost,5,1,5197.226972028848,9106.49656131184,2.552842225212131,-1.5528422252121312,1257.5486649535117,6237.977174597325,,9399.18452631961,0.1504451038575667
XGBoost,5,3,6861.681877278488,10819.25429926706,1.454146856917231,-0.4541468569172309,1420.5467172679091,8068.03622746399,11660.395426452047,9392.746113844923,0.3582838773491592
XGBoost,5,7,10022.420914581697,14192.632936655786,1.2417785788762024,-0.2417785788762023,1608.4210339959002,11406.553627262512,16167.330232511897,11249.817253956388,0.5760138476755687
XGBoost,5,14,13123.391511587846,18233.126168813527,1.0087700043205663,-0.0087700043205662,2033.2854456178263,15051.866531605232,21120.70356584123,13570.840597232262,0.7429525222551929
XGBoost,5,30,15649.930018852368,20883.404961766555,0.7095903825788596,0.2904096174211403,1982.7743940283076,17667.42814974744,22823.23927964349,15845.638461347073,0.8807863501483679
XGBoost,6,1,5197.226972028848,9106.49656131184,2.552842225212131,-1.5528422252121312,1257.5486649535117,6237.977174597325,,9399.18452631961,0.1504451038575667
XGBoost,6,3,6861.681877278488,10819.25429926706,1.454146856917231,-0.4541468569172309,1420.5467172679091,8068.03622746399,11660.395426452047,9392.746113844923,0.3582838773491592
XGBoost,6,7,10022.420914581697,14192.632936655786,1.2417785788762024,-0.2417785788762023,1608.4210339959002,11406.553627262512,16167.330232511897,11249.817253956388,0.5760138476755687
XGBoost,6,14,13123.391511587846,18233.126168813527,1.0087700043205663,-0.0087700043205662,2033.2854456178263,15051.866531605232,21120.70356584123,13570.840597232262,0.7429525222551929
XGBoost,6,30,15649.930018852368,20883.404961766555,0.7095903825788596,0.2904096174211403,1982.7743940283076,17667.42814974744,22823.23927964349,15845.638461347073,0.8807863501483679
XGBoost,7,1,5197.226972028848,9106.49656131184,2.552842225212131,-1.5528422252121312,1257.5486649535117,6237.977174597325,,9399.18452631961,0.1504451038575667
XGBoost,7,3,6861.681877278488,10819.25429926706,1.454146856917231,-0.4541468569172309,1420.5467172679091,8068.03622746399,11660.395426452047,9392.746113844923,0.3582838773491592
XGBoost,7,7,10022.420914581697,14192.632936655786,1.2417785788762024,-0.2417785788762023,1608.4210339959002,11406.553627262512,16167.330232511897,11249.817253956388,0.5760138476755687
XGBoost,7,14,13123.391511587846,18233.126168813527,1.0087700043205663,-0.0087700043205662,2033.2854456178263,15051.866531605232,21120.70356584123,13570.840597232262,0.7429525222551929
XGBoost,7,30,15649.930018852368,20883.404961766555,0.7095903825788596,0.2904096174211403,1982.7743940283076,17667.42814974744,22823.23927964349,15845.638461347073,0.8807863501483679
XGBoost,8,1,5197.226972028848,9106.49656131184,2.552842225212131,-1.5528422252121312,1257.5486649535117,6237.977174597325,,9399.18452631961,0.1504451038575667
XGBoost,8,3,6861.681877278488,10819.25429926706,1.454146856917231,-0.4541468569172309,1420.5467172679091,8068.03622746399,11660.395426452047,9392.746113844923,0.3582838773491592
XGBoost,8,7,10022.420914581697,14192.632936655786,1.2417785788762024,-0.2417785788762023,1608.4210339959002,11406.553627262512,16167.330232511897,11249.817253956388,0.5760138476755687
XGBoost,8,14,13123.391511587846,18233.126168813527,1.0087700043205663,-0.0087700043205662,2033.2854456178263,15051.866531605232,21120.70356584123,13570.840597232262,0.7429525222551929
XGBoost,8,30,15649.930018852368,20883.404961766555,0.7095903825788596,0.2904096174211403,1982.7743940283076,17667.42814974744,22823.23927964349,15845.638461347073,0.8807863501483679
XGBoost,9,1,5197.226972028848,9106.49656131184,2.552842225212131,-1.5528422252121312,1257.5486649535117,6237.977174597325,,9399.18452631961,0.1504451038575667
XGBoost,9,3,6861.681877278488,10819.25429926706,1.454146856917231,-0.4541468569172309,1420.5467172679091,8068.03622746399,11660.395426452047,9392.746113844923,0.3582838773491592
XGBoost,9,7,10022.420914581697,14192.632936655786,1.2417785788762024,-0.2417785788762023,1608.4210339959002,11406.553627262512,16167.330232511897,11249.817253956388,0.5760138476755687
XGBoost,9,14,13123.391511587846,18233.126168813527,1.0087700043205663,-0.0087700043205662,2033.2854456178263,15051.866531605232,21120.70356584123,13570.840597232262,0.7429525222551929
XGBoost,9,30,15649.930018852368,20883.404961766555,0.7095903825788596,0.2904096174211403,1982.7743940283076,17667.42814974744,22823.23927964349,15845.638461347073,0.8807863501483679
LSTM,0,1,2159.396519559515,6407.603261268331,1.0606807525967417,-0.0606807525967416,951.5560735472994,3150.2371886050373,,10387.53973401542,0.1504451038575667
LSTM,0,3,4781.58452935167,9877.027959639068,1.0133267963740935,-0.0133267963740937,1545.115925546396,6609.51623479611,9647.342066433632,11152.10182354853,0.3582838773491592
LSTM,0,7,7764.202645068432,12546.62991265972,0.9619851938839,0.0380148061160998,1773.252289507992,9195.784507182116,14106.731054629632,11360.12226282886,0.5760138476755687
LSTM,0,14,11669.09285008728,16502.850062882284,0.8969808478551875,0.1030191521448125,1940.653403760182,13744.848199774173,18251.07623905794,12694.679504926138,0.7429525222551929
LSTM,0,30,15192.174697253477,20906.61860792965,0.6888350965558819,0.311164903444118,2026.3726347600104,17558.149253157182,21653.46958575789,15677.274892816396,0.8807863501483679
LSTM,1,1,2123.822127534858,6433.345239794398,1.043206855346235,-0.043206855346235,963.225352935432,3111.9835312003024,,10457.757316505576,0.1504451038575667
LSTM,1,3,4776.654715567683,9940.08367658414,1.0122820564185864,-0.0122820564185863,1559.0945096678786,6589.964404941489,9688.199721969138,11239.645364277896,0.3582838773491592
LSTM,1,7,8072.250917731139,13389.35360946886,1.0001523941554256,-0.0001523941554255,1921.2896052274432,9695.571985685949,16094.596630756338,12828.145781774248,0.5760138476755687
LSTM,1,14,12535.433464594456,17991.23272137037,0.9635747938384194,0.0364252061615806,2356.3459854598623,14564.588050844084,21002.48171300617,16157.24722371512,0.7429525222551929
LSTM,1,30,20187.65393606962,26197.179183886798,0.915337324998194,0.0846626750018059,3026.1979968245228,23339.472483912523,22909.01162777991,22487.09261640109,0.8807863501483679
LSTM,2,1,2115.841566818218,6413.011978603224,1.0392868586849473,-0.0392868586849473,959.6395345020578,3115.7217514862946,,10409.908321401244,0.1504451038575667
LSTM,2,3,4783.718699035828,9918.80996372536,1.0137790755956972,-0.0137790755956972,1552.819296090036,6608.861010192984,9658.87557239674,11207.711413344668,0.3582838773491592
LSTM,2,7,7921.760590720801,13067.9403395072,0.981506633215808,0.018493366784192,1882.376534850851,9524.052222974433,15466.590871547594,12505.35042371297,0.5760138476755687
LSTM,2,14,12611.411208106032,18019.825682459727,0.9694150576591524,0.0305849423408477,2356.390543967467,14676.706309785832,20973.251994066733,16228.355481368986,0.7429525222551929
LSTM,2,30,21549.685980804643,27910.814594549607,0.9770938209406,0.0229061790594,3238.5484326205024,24802.727933865808,24855.46186434313,24184.94038907808,0.8807863501483679
LSTM,3,1,2102.6030758961624,6423.513380827744,1.0327842027867542,-0.0327842027867542,963.6386608164388,3095.129543950517,,10422.001616343325,0.1504451038575667
LSTM,3,3,4845.754197497887,9779.249091217607,1.0269258123169973,-0.0269258123169973,1520.8466647583707,6681.041060271407,9575.608463388691,10974.702634956517,0.3582838773491592
LSTM,3,7,7865.082410581673,12903.103521704725,0.974484203147634,0.025515796852366,1851.048073054428,9411.231945905924,15127.741940451437,12280.489010139616,0.5760138476755687
LSTM,3,14,12453.844829467427,17727.487703858333,0.9573032315111868,0.0426967684888133,2333.9957427598392,14477.948718010492,20301.000949198544,15862.132741204172,0.7429525222551929
LSTM,3,30,20890.979134150584,27083.69782792281,0.9472271031494336,0.0527728968505665,3140.475212260096,24113.11974249649,23962.430437371557,23350.754397418837,0.8807863501483679
LSTM,4,1,2113.8169710375137,6417.227020877192,1.0382923911302715,-0.0382923911302715,961.953916657964,3121.726932378661,,10423.077095152816,0.1504451038575667
LSTM,4,3,4770.012241002362,9916.257347239756,1.0108743645896636,-0.0108743645896636,1557.5059008499416,6593.147648547244,9651.041894062771,11197.915730309898,0.3582838773491592
LSTM,4,7,7850.055342758587,12783.406644435398,0.9726223485034252,0.0273776514965746,1834.3756163607816,9331.47946213544,14910.55346807874,12037.897182409382,0.5760138476755687
LSTM,4,14,12409.712387902462,17555.146517213263,0.9539108551404246,0.0460891448595753,2307.3820235439784,14568.531076146715,20223.490969615406,15736.68319054278,0.7429525222551929
LSTM,4,30,20822.46084656123,26775.009625345632,0.9441203852378768,0.0558796147621233,3093.627656871111,24095.93705885204,23423.32135874154,23265.923673283607,0.8807863501483679
LSTM,5,1,2111.8311667472635,6414.788206004093,1.037316977689519,-0.037316977689519,959.8519452131292,3124.583341497153,,10404.10679838791,0.1504451038575667
LSTM,5,3,4827.97623546557,9797.467730126767,1.0231582567709887,-0.0231582567709887,1523.9451513879935,6630.917131078151,9655.004508567556,11027.011295152392,0.3582838773491592
LSTM,5,7,8042.570518319383,13304.642760016844,0.996474990809854,0.0035250091901459,1907.2356195979185,9689.00018068913,15865.227190887508,12789.958077066223,0.5760138476755687
LSTM,5,14,12742.454818280034,18193.974208122607,0.979488129325473,0.0205118706745269,2378.763901491286,14764.670177670474,21353.853932942347,16466.370573340948,0.7429525222551929
LSTM,5,30,21528.77433728131,27787.512328630037,0.9761456568842622,0.0238543431157377,3212.248014662512,24784.05054990396,24758.413710587665,24167.08786187208,0.8807863501483679
LSTM,6,1,2135.8205282990302,6446.432169110175,1.0491003874683926,-0.0491003874683926,961.2357350324232,3138.838418748016,,10474.866638086143,0.1504451038575667
LSTM,6,3,4768.034889245015,9911.560912243734,1.0104553186626748,-0.0104553186626747,1556.2447497270834,6596.580414069724,9648.505551090087,11187.869812644254,0.3582838773491592
LSTM,6,7,8007.149436397769,13149.114430539335,0.9920863165418552,0.0079136834581449,1893.1881362738927,9616.00782230903,15530.980407472824,12602.486758001707,0.5760138476755687
LSTM,6,14,12699.45777805171,18154.851913581,0.9761830290837712,0.0238169709162288,2389.09319434102,14710.345776433733,21024.20846198039,16367.99895918205,0.7429525222551929
LSTM,6,30,20892.323880999465,26903.09484578185,0.9472880759096836,0.0527119240903164,3084.7435914821795,24040.472392910197,23637.47964344704,23326.03112015122,0.8807863501483679
LSTM,7,1,2112.3584041203903,6427.054727573618,1.0375759530692883,-0.0375759530692882,961.7981932695332,3113.31112999487,,10427.694306251344,0.1504451038575667
LSTM,7,3,4805.309668729137,9867.07201244912,1.0183546944131894,-0.0183546944131893,1537.6777655001194,6595.91830331041,9602.11660391608,11111.992617840184,0.3582838773491592
LSTM,7,7,7845.415780616493,12694.757596916112,0.972047506463511,0.0279524935364889,1793.9733978317047,9376.937033434724,14608.796843320542,11846.480122487194,0.5760138476755687
LSTM,7,14,11825.70310270882,16288.551245499468,0.9090191784250083,0.0909808215749916,1980.016607607059,13666.024727379943,17726.581291123737,13448.4408568967,0.7429525222551929
LSTM,7,30,15395.350111884974,20613.03266159034,0.6980473626826512,0.3019526373173488,2040.5107019165864,17630.111720944657,22476.826254613683,15655.212555774242,0.8807863501483679
LSTM,8,1,2117.0831363616967,6422.872525783315,1.0398967091250353,-0.0398967091250352,964.8397443478408,3107.0557712171217,,10456.083550233185,0.1504451038575667
LSTM,8,3,4768.931015604871,9911.677157556956,1.0106452282727223,-0.0106452282727222,1556.4680067473903,6619.779908858505,9622.26368805366,11208.690531622518,0.3582838773491592
LSTM,8,7,7971.868365656263,13042.11933785577,0.9877149896678384,0.0122850103321615,1885.291976883248,9579.960338648534,15426.911208188,12460.980767361172,0.5760138476755687
LSTM,8,14,12734.580641168855,18223.933942593863,0.978882856391914,0.021117143608086,2393.2930281034137,14765.653278893724,21294.20798876771,16465.088385444713,0.7429525222551929
LSTM,8,30,21109.26524299008,27344.25230352677,0.9571245099299416,0.0428754900700583,3151.6933807704145,24286.593466960134,24134.801958896875,23628.604877587084,0.8807863501483679
LSTM,9,1,2140.797953109256,6425.537508534535,1.0515452643800127,-0.0515452643800127,961.1861603436454,3151.623226670953,,10424.763538443916,0.1504451038575667
LSTM,9,3,4781.8237856890855,9908.70750178075,1.013377500247761,-0.0133775002477609,1547.0750289711723,6595.2247298801485,9650.383807096388,11187.462698902496,0.3582838773491592
LSTM,9,7,7828.388954043757,12751.939540503055,0.9699378815850046,0.0300621184149953,1854.6145541272776,9377.586596160723,14832.073308683475,12032.069127017015,0.5760138476755687
LSTM,9,14,12667.593597256922,18149.88928143525,0.9737336904528504,0.0262663095471495,2386.161555213751,14673.14355737352,21419.194623518983,16381.621415364523,0.7429525222551929
LSTM,9,30,20491.98648993464,26501.283653532704,0.9291362016109416,0.0708637983890583,3024.6394372944374,23635.770205731045,23287.05161096221,22868.242358361254,0.8807863501483679
GRU,0,1,2148.139572715095,6440.734965961261,1.0551514175520984,-0.0551514175520984,961.8342776011552,3154.874852132931,,10464.046567667769,0.1504451038575667
GRU,0,3,4808.034026152518,9863.713265411436,1.0189320478748016,-0.0189320478748016,1537.1341867202043,6623.152334209003,9604.444503347591,11125.341062668153,0.3582838773491592
GRU,0,7,7827.957535185765,12543.89434797658,0.969884428761486,0.030115571238514,1758.6375389566526,9250.580415509652,13782.84368309706,11063.796257640195,0.5760138476755687
GRU,0,14,11744.398046084243,16479.16263176614,0.902769414234857,0.0972305857651429,1955.0057089888055,13658.777276667684,18314.86176637211,12812.379280562467,0.7429525222551929
GRU,0,30,14946.672117707654,20705.79003342515,0.6777036557677019,0.3222963442322981,2070.6888869420545,17462.518561342687,22544.13230497863,15219.06720163052,0.8807863501483679
GRU,1,1,2170.350259880473,6430.689466686725,1.0660611546776682,-0.0660611546776681,955.9590844255812,3155.781801853562,,10459.488085832298,0.1504451038575667
GRU,1,3,4808.662828344001,9900.427933701652,1.0190653053977707,-0.0190653053977707,1541.1645014319356,6653.862733650878,9598.206141538498,11173.378082940028,0.3582838773491592
GRU,1,7,7874.3184101259585,12749.771809309894,0.9756285440694882,0.0243714559305118,1795.5947290286852,9394.422678309147,14795.12094298229,11839.144417308373,0.5760138476755687
GRU,1,14,11635.43010321252,16257.917996704457,0.8943932568898254,0.1056067431101746,2031.0017914688133,13575.710979232104,18069.75021874006,13382.952973614008,0.7429525222551929
GRU,1,30,15398.646134544464,20747.780539944648,0.6981968091004382,0.3018031908995617,2137.537474922412,18142.20600346197,21212.329012973347,15928.169493155312,0.8807863501483679
GRU,2,1,2150.095804052779,6415.15007069352,1.0561123049614805,-0.0561123049614804,953.2568353940162,3150.8037383963583,,10410.83806380458,0.1504451038575667
GRU,2,3,4803.473991484388,9898.539297392254,1.017965672546028,-0.0179656725460279,1540.2588969505607,6607.332655160952,9616.458637128077,11177.784383075808,0.3582838773491592
GRU,2,7,7729.420104977584,12508.765075048908,0.9576756349887156,0.0423243650112843,1769.744601526587,9242.560266118906,14022.36418642348,11421.40619020027,0.5760138476755687
GRU,2,14,11687.264820123908,16448.516411525317,0.8983776924342869,0.1016223075657131,1957.8781649354823,13414.710891414768,18013.03135129471,12775.506781147124,0.7429525222551929
GRU,2,30,15063.99661444256,21160.692780731057,0.6830233175440615,0.3169766824559384,2076.99642741721,17233.413115603416,23525.52660039737,15274.253950497923,0.8807863501483679
GRU,3,1,2231.4722767341977,6436.004778606518,1.096083869936033,-0.0960838699360329,945.7833688847552,3217.0654629836667,,10389.620959714372,0.1504451038575667
GRU,3,3,4785.112062798229,9860.226503425873,1.0140743611498624,-0.0140743611498623,1535.187687802901,6608.093398116215,9579.204637319404,11067.54380520536,0.3582838773491592
GRU,3,7,7789.596660800214,12717.354874029164,0.9651315140231284,0.0348684859768716,1848.9777962104804,9274.6781871871,14883.294388273263,11888.084990164793,0.5760138476755687
GRU,3,14,12059.03768975867,16954.393099467943,0.9269551618313232,0.0730448381686766,2151.7310156289177,14086.601709066314,19517.286649214624,14245.552474020096,0.7429525222551929
GRU,3,30,19425.191546980437,25218.76557082965,0.8807661813749293,0.1192338186250706,2838.234037329001,22348.84000484652,22460.486623966102,21305.77529927871,0.8807863501483679
GRU,4,1,2195.9086215556204,6406.086609947518,1.078615246550644,-0.078615246550644,951.0368209692712,3191.450279797732,,10363.4919047248,0.1504451038575667
GRU,4,3,4842.880389305876,9788.267203176078,1.0263167868295824,-0.0263167868295823,1519.730298369491,6643.750970054782,9565.687432839622,10996.053894934235,0.3582838773491592
GRU,4,7,7834.249154215232,12672.552500288828,0.9706639607531902,0.0293360392468098,1801.049654804827,9359.6242682373,14247.49158678434,11608.507134599193,0.5760138476755687
GRU,4,14,11528.15436299042,16193.332567850855,0.886147175925786,0.113852824074214,1943.2090988185244,13484.982493899615,18157.59643258064,12959.497262154466,0.7429525222551929
GRU,4,30,14816.69943218628,20573.96086853274,0.671810506882511,0.328189493117489,2101.272973510116,17511.847665523903,22124.58381584909,15204.403028276483,0.8807863501483679
GRU,5,1,2190.3651954644024,6407.396369959391,1.0758923536937095,-0.0758923536937097,948.0415125037126,3184.3872247375616,,10370.265237907097,0.1504451038575667
GRU,5,3,4819.581242087684,9857.254192084349,1.021379166242948,-0.0213791662429481,1533.9308158939766,6610.910612204535,9637.26426842675,11090.799583512691,0.3582838773491592
GRU,5,7,7729.793680220301,12564.279521079625,0.95772192098468,0.0422780790153201,1793.681928890617,9199.98239264613,14340.600815899112,11667.811016246564,0.5760138476755687
GRU,5,14,11427.79219058688,16256.661913995536,0.8784325276963444,0.1215674723036556,2015.4683096718304,13415.293823748922,18279.90035564175,12871.034386842364,0.7429525222551929
GRU,5,30,15140.574377520252,20737.15377201541,0.6864954636900108,0.3135045363099892,2110.1508082384985,17269.908606045203,21433.864209455154,15638.380954262424,0.8807863501483679
GRU,6,1,2165.921860780477,6430.686142496089,1.0638859554274902,-0.0638859554274902,956.0260871317398,3169.064433485154,,10427.529434237267,0.1504451038575667
GRU,6,3,4830.038276197095,9955.205886828477,1.0235952502227708,-0.0235952502227707,1549.4294188046697,6637.517156628205,9666.84158195712,11249.010343478858,0.3582838773491592
GRU,6,7,7937.103807301883,12762.442890199332,0.9834076587109282,0.0165923412890718,1785.0302329973451,9472.599711344405,14349.837342551746,11631.821705619048,0.5760138476755687
GRU,6,14,11733.948566772611,16577.624840102355,0.901966182746942,0.098033817253058,1988.553834418177,13834.12805427539,18402.320473359425,13056.840804235417,0.7429525222551929
GRU,6,30,15238.62226719541,21222.0084883975,0.6909410963197947,0.3090589036802053,1998.6195365568467,17507.992576618926,22930.36063942185,15650.628678182216,0.8807863501483679
GRU,7,1,2209.8343441625198,6429.390631663579,1.0854554659366382,-0.0854554659366382,946.6032493987296,3205.2095663557698,,10433.86195270006,0.1504451038575667
GRU,7,3,4864.469629213799,9927.327983043191,1.030892039066107,-0.0308920390661069,1537.1304311414638,6699.713393463493,9638.993554090604,11137.87477663097,0.3582838773491592
GRU,7,7,7930.712517230578,12978.780341043454,0.9826157774708992,0.0173842225291006,1877.3110010550104,9502.963750181432,15327.697018783245,12360.280241220857,0.5760138476755687
GRU,7,14,12872.253453995292,18267.38156608852,0.9894655021864188,0.010534497813581,2376.5798086895898,14956.193737169207,21336.803259031807,16579.022148634558,0.7429525222551929
GRU,7,30,21643.8650166465,27700.586410632277,0.981364034161581,0.0186359658384189,3146.1917331952777,24874.64118143584,24608.20873964036,24190.959620754016,0.8807863501483679
GRU,8,1,2134.2914637693884,6433.814653429106,1.048349321463896,-0.0483493214638961,961.2349551695092,3146.6930689235423,,10445.32851061249,0.1504451038575667
GRU,8,3,4831.901897203753,9866.103402568884,1.023990194010283,-0.0239901940102829,1536.1773699791763,6617.2980907696,9592.818331896668,11074.3827789763,0.3582838773491592
GRU,8,7,7769.5747465556415,12559.33255616125,0.9626507975945424,0.0373492024054575,1761.726995006395,9240.780019055288,13977.447949933112,11340.065090972896,0.5760138476755687
GRU,8,14,11704.891284850935,16394.44431127329,0.8997326050636282,0.1002673949363718,2010.8528069644235,13720.70778345015,17994.30465524133,12969.155550471798,0.7429525222551929
GRU,8,30,15325.144580747865,21102.180884249363,0.6948641427168927,0.3051358572831073,2143.3779112314987,17776.590527414755,22925.78358744778,15568.81958619621,0.8807863501483679
GRU,9,1,2259.164043639314,6398.740877807665,1.1096858758185115,-0.1096858758185115,938.1993445765926,3241.860528897182,,10328.25391257401,0.1504451038575667
GRU,9,3,4851.658110354318,9846.921888587416,1.0281769860783634,-0.0281769860783633,1524.4484792662872,6635.115684348835,9618.10371202252,11079.605424674724,0.3582838773491592
GRU,9,7,8085.307652067455,12959.748240014447,1.00177012435725,-0.0017701243572498,1813.5895080792488,9782.961672943138,14872.539410563772,12077.33406723504,0.5760138476755687
GRU,9,14,11540.008244676132,16056.7653643835,0.8870583611379891,0.1129416388620109,1992.0586687490168,13499.363511679758,17507.30623539227,13219.75966625698,0.7429525222551929
GRU,9,30,15139.902936996185,20554.822950907783,0.6864650196089332,0.3135349803910667,2049.053431859051,17363.32086772023,21273.331721675277,15636.509502640896,0.8807863501483679
TCN,0,1,2194.68472399394,6386.334296766945,1.0780140764667498,-0.0780140764667498,943.6634455845322,3181.0442126156586,,10318.001835826111,0.1504451038575667
TCN,0,3,4883.166039502716,9749.93765379444,1.03485423474109,-0.03485423474109,1494.7667734618672,6625.430046810436,9626.92885470712,10831.126779444308,0.3582838773491592
TCN,0,7,7923.959334980211,12637.888271274547,0.9817790577672244,0.0182209422327754,1728.069035543278,9331.929617268675,13934.31360380308,10432.216361835632,0.5760138476755687
TCN,0,14,11965.03284060844,17316.04629754165,0.9197291888806802,0.0802708111193197,1924.592323183372,13793.929019079613,20243.45668821327,12436.5162418755,0.7429525222551929
TCN,0,30,15527.611827993736,22003.895314385438,0.7040442995137485,0.2959557004862515,1920.7272614754731,18088.770034970275,25444.27789215025,15602.117337586807,0.8807863501483679
TCN,1,1,2132.6244325385937,6409.950029149101,1.0475304871625228,-0.0475304871625228,956.2308197747608,3140.1680332973224,,10390.791895536631,0.1504451038575667
TCN,1,3,4794.666082903263,9812.534837584915,1.0160990758707042,-0.0160990758707042,1531.2983353241614,6575.8110546771,9625.938483117545,11029.42687876774,0.3582838773491592
TCN,1,7,7621.910212004227,12466.965144467023,0.9443551525175242,0.0556448474824757,1771.7139709521864,9019.286336040705,14238.750745202153,11004.738784179566,0.5760138476755687
TCN,1,14,11462.83821509608,16182.09270763555,0.8811264485676639,0.1188735514323361,2012.2405931222484,13426.665209456329,18489.82262239376,12529.072763188798,0.7429525222551929
TCN,1,30,16080.054117369202,21569.048890599548,0.7290928291236863,0.2709071708763136,2157.170633050873,18670.68411250335,24295.78902175398,16338.320829463428,0.8807863501483679
TCN,2,1,2113.649553002231,6439.703095233795,1.0382101565401658,-0.0382101565401657,967.486076241104,3111.737600675825,,10475.525441660462,0.1504451038575667
TCN,2,3,4911.256555066055,9772.66556872984,1.040807255537766,-0.040807255537766,1493.198174549671,6606.068112299264,9596.782072704937,10780.161322577143,0.3582838773491592
TCN,2,7,8331.858243055192,13185.771353526625,1.0323177580185343,-0.0323177580185345,1745.0344089076295,9717.137816330074,13827.292186782692,10938.665039295049,0.5760138476755687
TCN,2,14,12270.848695613322,17742.226569407703,0.9432366687194226,0.0567633312805774,1959.4519876887991,14218.334659585573,19761.28176277013,12840.824473510116,0.7429525222551929
TCN,2,30,15143.979789053325,21484.81067272501,0.6866498699569833,0.3133501300430167,1652.4378878831185,17328.919209435644,25933.623666087104,15099.711058784842,0.8807863501483679
TCN,3,1,2099.8460210688927,6418.111847687155,1.0314299563745504,-0.0314299563745503,963.2486121937634,3099.77850800255,,10418.663660523389,0.1504451038575667
TCN,3,3,4770.587289588711,9925.543301953392,1.0109962304979596,-0.0109962304979596,1557.3212069392066,6589.870231536191,9663.544721738344,11216.467322501474,0.3582838773491592
TCN,3,7,7782.9707788602,12562.608795934484,0.9643105668358772,0.0356894331641226,1756.4410117164884,9207.628150296918,14443.059112450384,11439.05173569246,0.5760138476755687
TCN,3,14,11679.13667264442,16316.819536096771,0.8977528972842861,0.1022471027157139,1914.2500149946093,13574.64373373174,18586.521122192036,12859.805791972169,0.7429525222551929
TCN,3,30,14987.75249812214,20474.079382174445,0.6795662994229569,0.3204337005770431,1999.4927489640863,17402.787996229985,23718.66221526038,15280.479144511171,0.8807863501483679
TCN,4,1,2145.917047382371,6392.108825737089,1.0540597283596662,-0.0540597283596662,952.0293147371044,3143.9425301697643,,10359.22295306348,0.1504451038575667
TCN,4,3,4763.785214628628,9855.499106896634,1.0095547157060143,-0.0095547157060142,1544.1576062022211,6565.836478259796,9631.961715737538,11116.482579737423,0.3582838773491592
TCN,4,7,7716.735750736922,12429.023459065098,0.9561040427040596,0.0438959572959403,1748.103264799295,9059.937044067026,14100.934612927076,10969.861741099292,0.5760138476755687
TCN,4,14,11582.522168240464,16543.55683959327,0.8903263251257896,0.1096736748742104,1994.986910666949,13543.004264738189,19312.45279747309,12683.3253067952,0.7429525222551929
TCN,4,30,16077.22292774901,21959.310161015943,0.7289644589058435,0.2710355410941565,2100.287412055834,18517.45693857354,24348.82340592708,16538.933985319367,0.8807863501483679
TCN,5,1,2135.6728764327827,6392.724291620066,1.0490278618848812,-0.0490278618848811,954.8062392395452,3134.6550247117734,,10358.09980303576,0.1504451038575667
TCN,5,3,4759.211895346455,9925.047852714331,1.0085855250645956,-0.0085855250645956,1559.3577775765978,6613.101504574641,9645.34843875152,11206.356431739176,0.3582838773491592
TCN,5,7,7784.838066891854,12577.96776320614,0.9645419239399208,0.0354580760600793,1792.3345859463843,9130.801948127995,14190.330191354258,11130.495487495493,0.5760138476755687
TCN,5,14,11696.258518134391,16694.608043987468,0.8990690207980627,0.1009309792019372,2000.8550509484007,13605.242075142138,19468.67577409056,12700.735605831764,0.7429525222551929
TCN,5,30,15893.124596078196,22071.089936390897,0.7206171752154337,0.2793828247845663,1982.8548767246148,18149.67085739209,25114.51315523872,16036.4200168819,0.8807863501483679
TCN,6,1,2119.5858609746065,6407.97661547766,1.0411260302811634,-0.0411260302811633,959.4108287960556,3127.37831445598,,10386.234496244828,0.1504451038575667
TCN,6,3,4785.02615745215,9888.19110022578,1.0140561558481265,-0.0140561558481262,1548.9291664189202,6602.924604361242,9630.410145168547,11149.840546461455,0.3582838773491592
TCN,6,7,7792.490696436784,12587.648120826734,0.9654900852197112,0.0345099147802888,1801.8345140472384,9217.144398347276,14189.29724726384,11352.044136792729,0.5760138476755687
TCN,6,14,11536.34463652333,16224.00876416154,0.8867767465866846,0.1132232534133154,2066.018242045736,13602.378451459284,18359.927450473973,13083.436470569532,0.7429525222551929
TCN,6,30,14979.664255644317,20588.006006051102,0.6791995668518005,0.3208004331481995,2131.8963335567764,17584.398563767103,22713.478972945308,15277.996880336632,0.8807863501483679
TCN,7,1,2105.0524818025333,6429.609602053628,1.033987334160104,-0.033987334160104,966.5220425684804,3109.134365980447,,10444.0949607744,0.1504451038575667
TCN,7,3,4786.349468729716,9990.740066940189,1.0143365956833463,-0.0143365956833463,1562.1173844434693,6626.949945810071,9731.065668031875,11277.994821377231,0.3582838773491592
TCN,7,7,7749.153121036146,12424.59669657081,0.9601205569139656,0.0398794430860345,1742.4628470747257,9133.708427405036,14012.177278715097,11197.12633553512,0.5760138476755687
TCN,7,14,11396.557294976748,15993.897805749762,0.8760315610139312,0.1239684389860688,1918.82868811448,13193.849783950878,18293.178928861045,12440.187094197156,0.7429525222551929
TCN,7,30,14693.797435849236,20293.18454778457,0.6662379532355968,0.3337620467644032,1949.95796760325,17091.77492528555,22874.29186845805,14874.645903374116,0.8807863501483679
TCN,8,1,2096.822875648748,6426.858126945481,1.029945008089044,-0.0299450080890439,967.3135562275836,3095.788850229648,,10445.68577092529,0.1504451038575667
TCN,8,3,4885.131361043515,9878.936430156871,1.035270731190867,-0.0352707311908671,1523.6014304743226,6675.631839171131,9714.444265728736,11067.74266470374,0.3582838773491592
TCN,8,7,7720.234564025255,12620.493704523831,0.9565375458895644,0.0434624541104357,1792.919309844884,9117.0698810057,14442.514545693832,11245.251515346286,0.5760138476755687
TCN,8,14,11824.717488831388,16637.61354339479,0.9089434161714384,0.0910565838285615,2025.9145808083824,13851.285152156112,19051.087373303635,13222.895368641575,0.7429525222551929
TCN,8,30,15817.135850475295,21654.508130805123,0.7171717359707153,0.2828282640292847,2072.6749560752883,18041.448651620856,23298.990085005236,16232.849000223823,0.8807863501483679
TCN,9,1,2104.5344300437814,6419.724014378459,1.033732870691084,-0.0337328706910839,964.1268106760906,3106.7553808747302,,10415.040296751016,0.1504451038575667
TCN,9,3,4765.915061549091,9856.247030240653,1.0100060788354188,-0.0100060788354188,1540.1851466428093,6557.889508294871,9603.839007023817,11078.447445784728,0.3582838773491592
TCN,9,7,7560.695945945458,12311.897402379762,0.936770701119877,0.0632292988801229,1719.464480805609,8875.88783738056,13840.3073710957,10659.866804867228,0.5760138476755687
TCN,9,14,11208.112105636776,15921.511360831566,0.861546139749404,0.138453860250596,1933.2997620514816,13013.330851170946,18021.74975193741,12517.371635978436,0.7429525222551929
TCN,9,30,15899.43635948346,20832.32523603664,0.7209033596650825,0.2790966403349175,2259.734502001421,18593.94100696397,23113.612072404787,16439.59658699058,0.8807863501483679
NHiTS,0,1,2165.1166122117006,6401.407338132079,1.0634904228561348,-0.0634904228561348,964.6351853436242,3165.638498440501,,10383.44087114153,0.1504451038575667
NHiTS,0,3,4776.613121214599,9775.921746014925,1.0122732416266909,-0.0122732416266908,1533.095036372319,6545.729306905595,9587.534253495973,10990.073201299676,0.3582838773491592
NHiTS,0,7,7725.413481560921,12716.5871058289,0.9571792140965142,0.0428207859034858,1895.075248466621,9073.597625543847,15014.472757569492,11564.593458239076,0.5760138476755687
NHiTS,0,14,11322.964919254022,16394.815503967755,0.8703746558526226,0.1296253441473773,2280.6797615789937,13256.590881252025,18523.71857031668,13383.019638088424,0.7429525222551929
NHiTS,0,30,16420.06154995468,21949.821456596957,0.7445092561541811,0.2554907438458189,2264.627824425774,18356.683486398622,22133.87712646428,16904.02942333145,0.8807863501483679
NHiTS,1,1,2172.294805924249,6414.720846428744,1.067016302350867,-0.0670163023508669,965.9763052541456,3168.019868710866,,10377.50321889615,0.1504451038575667
NHiTS,1,3,4837.062727942735,9919.4698574611,1.0250838917264398,-0.0250838917264397,1543.4696681686742,6650.038820273772,9804.744858148935,11164.792294686144,0.3582838773491592
NHiTS,1,7,7676.756360967352,12658.981186047096,0.9511505938082778,0.0488494061917221,1888.1700874463647,9129.015845441309,14457.425554391551,11419.267771568517,0.5760138476755687
NHiTS,1,14,11428.614403044068,16694.56801218381,0.8784957295952787,0.1215042704047213,2352.5795872245,13554.675341655526,18483.499403428952,13486.234192472346,0.7429525222551929
NHiTS,1,30,16608.08054099809,22050.715144621958,0.7530343081912104,0.2469656918087895,2370.4671508061097,18732.396296689087,20742.61527018215,17221.658929852438,0.8807863501483679
NHiTS,2,1,2229.284980057748,6401.230949118777,1.095009484817823,-0.0950094848178229,947.7696738995592,3221.0038468641965,,10315.6767614296,0.1504451038575667
NHiTS,2,3,4804.234626075703,9904.811717405846,1.0181268683606992,-0.0181268683606992,1546.8165438884532,6589.927080736632,9700.016348818466,11130.83034231436,0.3582838773491592
NHiTS,2,7,7694.784523665492,12716.550657883552,0.953384284295421,0.046615715704579,1893.4937269466636,9102.681101718528,14811.40803732784,11494.416441483098,0.5760138476755687
NHiTS,2,14,11214.868083756635,16296.028671005335,0.862065458865285,0.137934541134715,2288.0838478788014,13397.91960497522,18597.276932526325,13160.502516589331,0.7429525222551929
NHiTS,2,30,16215.52181657108,21725.657012293257,0.7352351298488616,0.2647648701511383,2293.423199082453,18297.90915901328,21415.54186485512,16714.498280907166,0.8807863501483679
NHiTS,3,1,2187.0899938487,6442.707567894795,1.0742835971345588,-0.0742835971345587,964.4879967283672,3203.992958465764,,10470.837902343854,0.1504451038575667
NHiTS,3,3,4775.316582135924,9851.044372950711,1.0119984754309033,-0.0119984754309032,1537.4724490191777,6578.550029608937,9630.673394768008,11089.801830254688,0.3582838773491592
NHiTS,3,7,7647.042363858563,12731.763587802709,0.9474690277059402,0.0525309722940597,1913.0109047406,9055.630732307542,14747.021887700132,11591.535786584822,0.5760138476755687
NHiTS,3,14,11316.756279592142,16434.710903169846,0.8698974095971095,0.1301025904028905,2308.445013699463,13330.924417419748,18460.74470094513,13199.240173850176,0.7429525222551929
NHiTS,3,30,16405.993054812323,21552.87503666765,0.7438713703081518,0.2561286296918482,2238.2029831340265,18288.97821464673,21218.71387409689,16833.51370657652,0.8807863501483679
NHiTS,4,1,2167.518517865798,6410.409568240272,1.0646702224315152,-0.0646702224315152,965.6707154616428,3195.917648761405,,10419.12899544011,0.1504451038575667
NHiTS,4,3,4796.57576169677,9905.944445819994,1.0165037803535069,-0.0165037803535068,1544.4319012965364,6577.357469668821,9708.524002276215,11190.773748638932,0.3582838773491592
NHiTS,4,7,7640.608939194021,12606.49422282734,0.9466719259871712,0.0533280740128289,1896.292683639297,9072.446600326382,14427.52117671258,11337.126287829868,0.5760138476755687
NHiTS,4,14,11362.30403603596,16272.533538515258,0.8733985785155289,0.126601421484471,2261.6125582818,13516.083787044576,17857.89078558808,13070.36667900816,0.7429525222551929
NHiTS,4,30,16158.50749489694,21547.7870748868,0.7326500183320376,0.2673499816679624,2244.066543419947,18201.96972621282,20605.472630322365,16592.396962879782,0.8807863501483679
NHiTS,5,1,2155.32183796008,6449.005340769949,1.058679296955625,-0.0586792969556246,973.252990905215,3176.8278519559967,,10435.917180057064,0.1504451038575667
NHiTS,5,3,4801.784354518118,9880.460800006516,1.0176075999440368,-0.0176075999440368,1544.8252007510944,6598.665684526011,9661.621165882609,11057.600200574376,0.3582838773491592
NHiTS,5,7,7628.365969594047,12710.093823149004,0.9451550212871338,0.0548449787128662,1904.1722734016555,9063.197263820895,14820.101928289962,11579.835388766303,0.5760138476755687
NHiTS,5,14,11389.089852066898,16377.160647462964,0.8754575529604657,0.1245424470395343,2270.215051205041,13542.675836977256,18314.687704835414,13263.757206336695,0.7429525222551929
NHiTS,5,30,16244.520216749695,21969.09446679928,0.7365499591070201,0.2634500408929798,2373.7934231075496,18215.346091947216,21690.402747659627,16640.612566542153,0.8807863501483679
NHiTS,6,1,2148.378712094181,6393.591617182978,1.055268881174128,-0.0552688811741279,963.4182435316382,3157.031133151234,,10351.869217478385,0.1504451038575667
NHiTS,6,3,4769.708588881326,9850.088080831843,1.0108100137810283,-0.0108100137810283,1547.9499600059107,6538.851745572237,9595.843140175804,11034.933915102543,0.3582838773491592
NHiTS,6,7,7766.2573972258415,12800.43467272079,0.9622397778048626,0.0377602221951374,1896.3687518954143,9153.701454213871,14811.28425081848,11617.124168545864,0.5760138476755687
NHiTS,6,14,11415.789569498917,16648.642010220115,0.8775099091707848,0.1224900908292152,2323.1801968710406,13718.289011720726,18953.24552594643,13300.875000028624,0.7429525222551929
NHiTS,6,30,16349.700973808334,21791.354393372283,0.7413190062242445,0.2586809937757555,2259.2450029713127,18609.12636248873,20915.619071780013,16942.712303875098,0.8807863501483679
NHiTS,7,1,2198.6454642558333,6458.80795030429,1.0799595649047335,-0.0799595649047335,967.0360682199496,3197.2582218953034,,10445.31793341963,0.1504451038575667
NHiTS,7,3,4788.729121625067,9820.243438973755,1.014840898395162,-0.014840898395162,1548.7530970148896,6628.750946461339,9588.729424181658,11079.94839770305,0.3582838773491592
NHiTS,7,7,7681.690745970693,12659.723448801957,0.951761964419161,0.0482380355808389,1889.8357781561929,9136.34467213875,14819.23193985427,11667.64941424708,0.5760138476755687
NHiTS,7,14,11138.918141544278,16110.83080241232,0.8562273320772474,0.1437726679227525,2245.2513500074083,13097.75151020485,18393.241284494525,13188.43013703751,0.7429525222551929
NHiTS,7,30,16292.31648724026,21582.59584945576,0.7387171108976278,0.2612828891023722,2223.2081374474765,18339.8598295659,21527.40823901925,16784.19570600058,0.8807863501483679
NHiTS,8,1,2166.226664690746,6418.7846797853545,1.0640356730166454,-0.0640356730166453,970.0357972975336,3186.817251740485,,10418.154579831187,0.1504451038575667
NHiTS,8,3,4796.733575953368,9728.57951833756,1.0165372247931228,-0.0165372247931228,1519.9886232487668,6551.373868832342,9602.143628847822,10921.985928438506,0.3582838773491592
NHiTS,8,7,7744.067105389967,12685.229918009913,0.95949039925694,0.0405096007430599,1891.62542895049,9113.965756457244,14748.448994251272,11569.664944126562,0.5760138476755687
NHiTS,8,14,11674.784108888956,16541.781775277603,0.8974183240335736,0.1025816759664264,2234.132786424938,13596.143327305985,18663.93914888352,13583.824920359992,0.7429525222551929
NHiTS,8,30,16364.900250611743,21607.80470378465,0.7420081633405294,0.2579918366594705,2263.6465492918915,18245.182558089906,20846.37908815692,16766.066299127706,0.8807863501483679
NHiTS,9,1,2214.978673798087,6419.964665018343,1.0879823253531629,-0.0879823253531628,960.698787728648,3211.0313908424346,,10352.057973144174,0.1504451038575667
NHiTS,9,3,4869.3967248619065,10005.997558419856,1.0319362029866397,-0.0319362029866394,1564.7690027272224,6693.057569405417,9742.522459367272,11190.710053071823,0.3582838773491592
NHiTS,9,7,7877.750933513362,12997.924689510932,0.9760538339321168,0.0239461660678831,1901.766717942529,9318.280829957934,15054.119884645366,11886.835071706357,0.5760138476755687
NHiTS,9,14,11598.713467888614,16664.61606222305,0.8915709193605649,0.1084290806394351,2237.330393064572,13685.211278483872,18446.46440298387,13330.810641692316,0.7429525222551929
NHiTS,9,30,17272.92369550233,22962.7432552995,0.7831792550242822,0.2168207449757178,2478.72606941549,19343.537378106223,20775.976778209584,17994.488448004275,0.8807863501483679
STGCN_phys,0,1,2211.384273570596,6408.959793792504,1.086216780626247,-0.086216780626247,945.1950603722612,3192.965300960155,,10340.255444674547,0.1504451038575667
STGCN_phys,0,3,4829.569068677316,9936.652717533889,1.0234958144499775,-0.0234958144499775,1539.638783503991,6640.743423802448,9684.809848470097,11189.803025330077,0.3582838773491592
STGCN_phys,0,7,7963.625228645752,12319.396040789896,0.9866936644760874,0.0133063355239125,1645.8721426489965,9335.568200162072,13110.746646160243,10270.408289294915,0.5760138476755687
STGCN_phys,0,14,11051.353100001626,15355.713205795202,0.8494963748199474,0.1505036251800525,1885.63229430494,12910.93094915349,16702.30634008846,11732.487489272971,0.7429525222551929
STGCN_phys,0,30,14807.230455660574,19641.28343200125,0.6713811698396354,0.3286188301603646,2245.897028067274,17073.13775867236,21081.660460909217,15418.635384981171,0.8807863501483679
STGCN_phys,1,1,2217.7954625508605,6388.814231421827,1.089365912659679,-0.089365912659679,935.5445256717288,3178.2781359290266,,10321.866203117545,0.1504451038575667
STGCN_phys,1,3,4812.317355554997,9835.084513204109,1.019839783048066,-0.0198397830480661,1527.0573097235406,6618.9868357963205,9643.39232407954,11050.067916262293,0.3582838773491592
STGCN_phys,1,7,7976.364379490775,12580.905308638548,0.9882720460634548,0.0117279539365452,1760.6954259480094,9355.418242255177,13952.67493312154,11265.845878599808,0.5760138476755687
STGCN_phys,1,14,12114.04764374078,16751.107404755465,0.93118367177612,0.06881632822388,1923.6941532974165,14206.785061528546,18689.668837383266,12579.028230478987,0.7429525222551929
STGCN_phys,1,30,17139.093453746726,22342.381878191703,0.7771111989797131,0.2228888010202868,2429.855697759608,19837.98823592245,20238.95137369382,18360.137978424045,0.8807863501483679
STGCN_phys,2,1,2179.267514121283,6392.262035367699,1.0704412487704231,-0.0704412487704233,949.1255350301522,3184.911637039801,,10372.965898019123,0.1504451038575667
STGCN_phys,2,3,4807.004958603344,10002.265663261787,1.0187139649952757,-0.0187139649952756,1560.847539213935,6648.812902451642,9740.500633525544,11326.224764315377,0.3582838773491592
STGCN_phys,2,7,8130.576609499218,12538.325038664603,1.0073789510175866,-0.0073789510175865,1730.464648281886,9747.058160306266,14031.724962998313,11579.238622163217,0.5760138476755687
STGCN_phys,2,14,11897.681568150325,15919.509736583035,0.9145520253899334,0.0854479746100665,2041.0491521245367,13582.342610817142,17220.559951433974,13416.05811891437,0.7429525222551929
STGCN_phys,2,30,17465.993475022875,22628.733030271305,0.791933317090334,0.208066682909666,2485.626857039537,20245.93964711012,20832.96123590195,18666.11700840889,0.8807863501483679
STGCN_phys,3,1,2139.8569861441424,6423.375042087809,1.0510830678636782,-0.0510830678636782,957.5715545017256,3157.629199238295,,10383.256157189016,0.1504451038575667
STGCN_phys,3,3,4850.969087315963,9870.855062088944,1.028030966384725,-0.0280309663847246,1529.747194187295,6649.522926976171,9681.599897952992,11127.477790349642,0.3582838773491592
STGCN_phys,3,7,7765.340143000446,12570.282685674038,0.9621261299489016,0.0378738700510983,1771.043944240331,9168.52374481475,14291.963959968769,11286.324349356855,0.5760138476755687
STGCN_phys,3,14,11261.513018140611,15704.84244671883,0.8656509657533871,0.1343490342466129,1964.000217152752,13089.204725000343,17811.251354979515,12808.088628701977,0.7429525222551929
STGCN_phys,3,30,15331.98410919077,21309.52311368962,0.6951742567939917,0.3048257432060083,2102.0660358416826,17583.61896716529,23336.0814311846,15697.81177447513,0.8807863501483679
STGCN_phys,4,1,2158.247366386406,6390.076949499878,1.0601162964436168,-0.0601162964436168,952.237549564413,3161.451834998521,,10375.327805904852,0.1504451038575667
STGCN_phys,4,3,4866.239456456195,9721.662055685132,1.0312671058161902,-0.0312671058161901,1492.126753984505,6636.5052471724175,9524.68938600926,10786.637137525438,0.3582838773491592
STGCN_phys,4,7,8041.21941825173,12636.89928632068,0.996307589426872,0.0036924105731279,1690.6103851307232,9500.231595920804,13510.582930037495,10353.080107919455,0.5760138476755687
STGCN_phys,4,14,11633.274095203236,16561.104251491655,0.8942275286779587,0.1057724713220412,1827.711463553372,13376.019129681225,18252.674339104866,12211.103873825848,0.7429525222551929
STGCN_phys,4,30,14578.07239229278,20250.24215865329,0.6609908129715663,0.3390091870284337,1649.5324437930217,16646.83105385744,23023.008118736783,14689.539159707116,0.8807863501483679
STGCN_phys,5,1,2204.912609775827,6492.257218042888,1.0830379437789093,-0.0830379437789092,962.4634350366604,3204.9851628115,,10549.658825162069,0.1504451038575667
STGCN_phys,5,3,4798.808948295952,9738.107444431344,1.0169770435172891,-0.0169770435172893,1514.5851725711786,6604.613298791772,9570.673403317536,10888.65294759814,0.3582838773491592
STGCN_phys,5,7,7772.136068709977,12421.854210054396,0.9629681455698432,0.0370318544301567,1710.335792163081,9141.715310818685,13986.15545421846,10685.076909803174,0.5760138476755687
STGCN_phys,5,14,11261.583316322203,16025.650527371925,0.8656563694401463,0.1343436305598536,1936.188206091836,12933.857914991717,17864.8866943788,12106.333706363406,0.7429525222551929
STGCN_phys,5,30,14397.784034416552,20119.07181619267,0.6528162789841429,0.3471837210158571,2117.100426996448,16822.073307641418,22789.37369947253,14488.343945075549,0.8807863501483679
STGCN_phys,6,1,2199.210252140625,6443.859935866883,1.0802369848381603,-0.0802369848381603,959.163498407867,3187.0882400289624,,10485.06363652317,0.1504451038575667
STGCN_phys,6,3,4820.925140828484,9712.366582977713,1.0216639690310838,-0.0216639690310838,1495.57639443859,6580.831848647668,9542.33114191734,10794.410463074017,0.3582838773491592
STGCN_phys,6,7,7673.2456051092,12354.909910518409,0.9507156109376248,0.049284389062375,1673.566933343878,9460.927472305655,13163.04633892935,9975.915692823042,0.5760138476755687
STGCN_phys,6,14,11094.060240167964,16333.566826084863,0.8527791909983776,0.1472208090016223,1773.9463505682347,13185.239323724723,18272.986984916683,11309.323075231763,0.7429525222551929
STGCN_phys,6,30,13472.838964862283,19967.86873593872,0.6108779364497796,0.3891220635502204,1720.934699311649,15752.862954707864,24048.514058364683,13272.280511417195,0.8807863501483679
STGCN_phys,7,1,2107.7524693741743,6423.980105989352,1.0353135495279395,-0.0353135495279395,963.8238689098704,3112.2875366181424,,10419.32507525398,0.1504451038575667
STGCN_phys,7,3,4865.604538353204,9869.6012780691,1.0311325521921113,-0.0311325521921113,1526.7064744676286,6672.329309020859,9656.235882253635,10993.50144788916,0.3582838773491592
STGCN_phys,7,7,7919.633390023566,12698.11719681072,0.9812430729162248,0.0187569270837751,1785.363799208165,9385.340423160382,14324.844440173209,11409.749258602147,0.5760138476755687
STGCN_phys,7,14,11664.46955202928,16412.53173156358,0.8966254637764737,0.1033745362235263,2045.8450932149076,13610.14060200352,18808.838412580597,13114.040163346324,0.7429525222551929
STGCN_phys,7,30,15618.764719437504,21044.53349765284,0.7081773029862776,0.2918226970137224,2221.128293585612,18049.46204512823,23003.95765911141,16102.617284498569,0.8807863501483679
STGCN_phys,8,1,2108.870592861119,6416.718584504499,1.0358627641121467,-0.0358627641121467,963.0233073221212,3106.6310171560763,,10430.021417034774,0.1504451038575667
STGCN_phys,8,3,4789.767233990996,9873.387736693488,1.0150608980776077,-0.0150608980776074,1551.9550577643947,6590.0649760887145,9650.646553643051,11129.68088094034,0.3582838773491592
STGCN_phys,8,7,7800.6263524101105,12607.790278503371,0.966498093504225,0.033501906495775,1776.9200022328591,9228.253208048536,14235.01324705189,11029.089840791945,0.5760138476755687
STGCN_phys,8,14,11789.437975459972,16841.01677636829,0.9062315474578758,0.0937684525421241,2064.429073553467,13784.019953821884,19884.723702474286,13186.319378717108,0.7429525222551929
STGCN_phys,8,30,16141.984993302149,21461.641832453777,0.7319008642966083,0.2680991357033917,2344.128396534504,18817.155869833783,23435.30175055172,16567.200220599105,0.8807863501483679
STGCN_phys,9,1,2137.55804849959,6415.49532625079,1.0499538454680182,-0.0499538454680181,955.0535246741553,3143.6836782979744,,10407.248048110496,0.1504451038575667
STGCN_phys,9,3,4785.461134257466,9648.895543760977,1.0141483373519609,-0.0141483373519608,1500.5590681175213,6552.027539000218,9530.737885692037,10813.761446575632,0.3582838773491592
STGCN_phys,9,7,7508.129876771766,12345.879162363295,0.9302577618578024,0.0697422381421974,1745.2861969169562,8818.392160746222,14248.144191803374,10753.66313788416,0.5760138476755687
STGCN_phys,9,14,11110.74077316784,16142.15956938221,0.8540613916651411,0.1459386083348589,1939.7835397122024,12844.42236611184,18501.81630866493,12121.308412910868,0.7429525222551929
STGCN_phys,9,30,15119.876075168251,21337.689618626453,0.6855569728298603,0.3144430271701397,1955.1799227261768,17304.176986037444,24752.40845637443,15279.00480409263,0.8807863501483679
AGCRN_style,0,1,2223.0303914140586,6430.400846821078,1.0919372737951225,-0.0919372737951225,952.8749117802436,3212.968963055436,,10439.23915762875,0.1504451038575667
AGCRN_style,0,3,4868.320345097914,9908.47942047639,1.031708093569932,-0.0317080935699318,1543.8908438151443,6668.247526777726,9669.48596840976,11174.842616945578,0.3582838773491592
AGCRN_style,0,7,7810.228630265516,12572.42351397628,0.9676878163317616,0.0323121836682382,1711.9944478889229,9264.345366380296,13873.753754862712,11001.007716056289,0.5760138476755687
AGCRN_style,0,14,11234.29605410454,15872.775371826065,0.8635588497859544,0.1364411502140455,1993.625138986645,13150.164327196344,17413.612064119236,12474.888695091528,0.7429525222551929
AGCRN_style,0,30,14454.71236343823,20141.62278151851,0.655397491470167,0.344602508529833,2213.191693663285,17093.22595392983,21977.49315162437,14675.518206497702,0.8807863501483679
AGCRN_style,1,1,2236.110312128041,6447.205521985661,1.0983620410952213,-0.0983620410952212,953.8625618299026,3250.03509249601,,10462.229435054089,0.1504451038575667
AGCRN_style,1,3,4828.420696670604,9821.339016460504,1.0232524482353966,-0.0232524482353966,1518.7052323677729,6601.212969182356,9680.674097577055,11080.718033111154,0.3582838773491592
AGCRN_style,1,7,7956.264565294409,13044.48916378094,0.985781677825964,0.014218322174036,1859.9835675093627,9501.070658642337,15249.090096992504,12402.912040831614,0.5760138476755687
AGCRN_style,1,14,12077.002141662324,17025.54557360539,0.928336054888462,0.0716639451115379,2168.623396186115,14100.69408755813,19115.311550203805,14386.182917285763,0.7429525222551929
AGCRN_style,1,30,18945.88242047934,24593.81088116121,0.8590336147731785,0.1409663852268214,2807.326700707722,21857.14427791464,21906.87734952277,20810.459040324236,0.8807863501483679
AGCRN_style,2,1,2181.47344881503,6384.664493321287,1.0715247887548354,-0.0715247887548353,944.5614712837418,3174.6082347222423,,10358.741043921427,0.1504451038575667
AGCRN_style,2,3,4987.038134935088,9905.158286062671,1.0568671003614794,-0.0568671003614793,1493.1265270663291,6781.93757775286,9554.171365128714,11066.43785191276,0.3582838773491592
AGCRN_style,2,7,8139.899470729439,12716.698239353918,1.0085340541077672,-0.0085340541077671,1685.4856544648087,9516.646325712456,13861.36491316872,10998.562693082014,0.5760138476755687
AGCRN_style,2,14,12187.606540895831,17037.16147043116,0.936838003503966,0.063161996496034,1906.5104078256763,14047.871093651522,18410.327715628588,12843.74434452032,0.7429525222551929
AGCRN_style,2,30,14654.087377128326,20598.375853779988,0.6644374419409101,0.3355625580590898,1973.473482348454,16861.485490114625,23842.04117154453,14510.184592011128,0.8807863501483679
AGCRN_style,3,1,2170.568222809559,6410.208005081055,1.0661682165727702,-0.0661682165727701,950.3732334368112,3168.8641691003454,,10393.596799145616,0.1504451038575667
AGCRN_style,3,3,4812.523301465976,9913.069265552364,1.0198834276827926,-0.0198834276827926,1541.4625248816126,6615.158720915233,9690.106120446942,11201.912191370213,0.3582838773491592
AGCRN_style,3,7,7965.344683969287,12781.370842443952,0.986906705098338,0.013093294901662,1780.9231783658925,9440.370940434956,14743.560837123028,11824.577573689574,0.5760138476755687
AGCRN_style,3,14,11744.423648408005,16300.2912350426,0.9027713822365148,0.0972286177634852,2010.039710996943,13668.892605201385,17598.626134563157,13354.44948694954,0.7429525222551929
AGCRN_style,3,30,14782.765372975646,20258.1242322675,0.6702718877303027,0.3297281122696973,2095.8588091957827,17203.459858530874,22076.198583757643,15169.38413591381,0.8807863501483679
AGCRN_style,4,1,2163.602313081347,6440.7604688516985,1.062746609514448,-0.0627466095144479,959.0582836856264,3161.348810508764,,10445.739286088896,0.1504451038575667
AGCRN_style,4,3,4848.4460986018175,9820.574068980372,1.0274962875444156,-0.0274962875444155,1513.262120131932,6611.272397374926,9613.30084656827,11045.641455600768,0.3582838773491592
AGCRN_style,4,7,8043.306087736236,12714.13597750978,0.9965661279066602,0.0034338720933397,1702.0135790078364,9475.427844813828,13538.792130499289,11137.81080706868,0.5760138476755687
AGCRN_style,4,14,11819.292337866682,16820.453015896062,0.9085263951934944,0.0914736048065055,1903.216537175408,13519.067452127738,16434.21683313343,12188.175992461453,0.7429525222551929
AGCRN_style,4,30,13733.712746351222,19861.82880576547,0.6227063296878668,0.3772936703121332,2000.2764778760447,15753.290668241689,22796.19753223262,13461.16979920613,0.8807863501483679
AGCRN_style,5,1,2125.4935184570195,6404.522159341722,1.0440278310980915,-0.0440278310980915,957.365907472811,3139.051053294601,,10410.813284849057,0.1504451038575667
AGCRN_style,5,3,5089.920363035764,9634.55449692411,1.0786701905223095,-0.0786701905223097,1434.8035638863666,6689.798565127018,9656.77069995661,10517.23345450774,0.3582838773491592
AGCRN_style,5,7,9002.221314389619,13290.45843634363,1.1153757845320311,-0.1153757845320313,1555.5310856744888,10369.440848760956,14448.960930258494,10453.620706117485,0.5760138476755687
AGCRN_style,5,14,12956.995155485976,18453.18995985649,0.9959794346941404,0.0040205653058594,1677.6344196667308,14760.500132957764,19824.13560661664,12590.236144204096,0.7429525222551929
AGCRN_style,5,30,13902.850046561609,20402.65716588182,0.6303752586492146,0.3696247413507854,1680.6839581583577,15771.87403740818,28361.52722046148,13400.190284243354,0.8807863501483679
AGCRN_style,6,1,2173.011570904956,6410.023915928233,1.0673683723909384,-0.0673683723909384,953.1798316174018,3172.181026893996,,10429.1404610779,0.1504451038575667
AGCRN_style,6,3,4880.153511098439,9823.269375664217,1.034215811277455,-0.0342158112774551,1506.6192909134868,6683.9504761938415,9598.197958498018,10977.329217301904,0.3582838773491592
AGCRN_style,6,7,8380.71016701929,12941.006944534964,1.038370514456577,-0.0383705144565769,1671.086431717111,9771.187476973966,13601.716402700598,10810.416284501393,0.5760138476755687
AGCRN_style,6,14,12616.688291483651,17848.77209330765,0.9698206969648868,0.0301793030351131,1810.1322214470963,14508.037401614749,18670.497552407287,12760.379765159403,0.7429525222551929
AGCRN_style,6,30,13815.187306192174,20278.78344518635,0.6264005036565901,0.3735994963434099,1581.761901817663,16034.324154672888,24951.752559707733,13468.095651794636,0.8807863501483679
AGCRN_style,7,1,2192.5381205338645,6430.493619029801,1.0769596795771856,-0.0769596795771856,949.3378598740674,3184.177794005472,,10435.143369985624,0.1504451038575667
AGCRN_style,7,3,4831.872355306053,9852.828057308376,1.0239839334085157,-0.0239839334085156,1526.5291670376048,6617.654117570044,9596.05575534368,11057.295084881503,0.3582838773491592
AGCRN_style,7,7,7909.706921810422,12661.167087979413,0.9800131828830648,0.0199868171169351,1749.505567751525,9357.531795659956,14026.074970166248,11220.662227606852,0.5760138476755687
AGCRN_style,7,14,11287.807193035933,16210.090962911238,0.8676721486845932,0.1323278513154068,1967.6942908752396,13133.562048600936,17652.908471415594,12162.438663323954,0.7429525222551929
AGCRN_style,7,30,14680.764360491978,21118.539287935728,0.6656470148149268,0.3343529851850731,2183.97897466909,17081.19255480342,24243.49736771925,14802.328014662102,0.8807863501483679
AGCRN_style,8,1,2197.0411104970603,6426.709142192551,1.0791715173475236,-0.0791715173475235,951.3417497517614,3186.0106770835,,10445.932331828097,0.1504451038575667
AGCRN_style,8,3,4844.144482097297,9830.518341825267,1.0265846769172275,-0.0265846769172275,1511.0179504987375,6631.976804779882,9587.095629211995,10983.47288745493,0.3582838773491592
AGCRN_style,8,7,7959.075428854104,12708.932289041855,0.986129943997014,0.013870056002986,1716.9495463637368,9444.049879359423,13907.811557518771,11215.562786300452,0.5760138476755687
AGCRN_style,8,14,11659.052553203825,16554.76000615766,0.8962090694378811,0.1037909305621188,1949.0372701590995,13534.253671099032,17923.64603207538,12562.321037404254,0.7429525222551929
AGCRN_style,8,30,14489.450619193864,20627.673764300696,0.6569725740527773,0.3430274259472227,2221.585391950631,17088.838546483526,23250.849783125588,14638.383902546691,0.8807863501483679
AGCRN_style,9,1,2177.0162791244643,6433.62131851531,1.069335457587994,-0.0693354575879938,955.1548222718732,3162.4199890829345,,10466.946567921264,0.1504451038575667
AGCRN_style,9,3,4837.175904617958,9874.640264845071,1.02510787644469,-0.0251078764446901,1526.9038971660143,6634.991144745602,9597.85131393042,11079.407835488408,0.3582838773491592
AGCRN_style,9,7,7735.1835420489215,12621.22884070382,0.9583897252027352,0.0416102747972647,1796.0096443196478,9337.22903998262,14447.49694136922,11585.842738790365,0.5760138476755687
AGCRN_style,9,14,11414.81089543743,15933.7949323307,0.8774346803675929,0.1225653196324071,2015.260578582744,13341.87723308631,17578.92842910621,13247.645270042178,0.7429525222551929
AGCRN_style,9,30,14999.313252896114,20357.934098565154,0.6800904807063928,0.3199095192936072,2251.494841729211,17597.67833547102,21328.073044443383,15519.580771518462,0.8807863501483679
GWNet_style,0,1,2180.612153204568,6429.287875997155,1.0711017262611993,-0.0711017262611992,956.8441913580036,3194.6044286512456,,10453.459089035045,0.1504451038575667
GWNet_style,0,3,4842.327697188305,9862.38884528132,1.0261996587668154,-0.0261996587668154,1530.6375684207069,6659.90274984201,9633.243574691052,11089.340685688376,0.3582838773491592
GWNet_style,0,7,7856.088761515244,12488.077475334894,0.973369889465161,0.0266301105348389,1665.3632247334249,9291.252943573223,13756.440824079667,10269.347138435862,0.5760138476755687
GWNet_style,0,14,11998.525787983415,17556.868178978,0.9223037276832704,0.0776962723167296,1808.218045788224,13850.724037408394,20965.4250751387,12514.65475181988,0.7429525222551929
GWNet_style,0,30,14207.273957914907,20973.578674736465,0.6441782775421502,0.3558217224578498,1519.991045874878,16275.314084148404,25766.06534474368,14206.012796480512,0.8807863501483679
GWNet_style,1,1,2170.463971815537,6392.693482373041,1.0661170091998786,-0.0661170091998786,951.2199609955402,3167.038776265448,,10380.317462205609,0.1504451038575667
GWNet_style,1,3,4779.217353998255,9790.88701499632,1.0128251379379398,-0.0128251379379398,1536.6751454440816,6572.874933357075,9603.795157703757,10969.773409452968,0.3582838773491592
GWNet_style,1,7,7676.23508952297,12454.880849189478,0.9510860082436792,0.0489139917563207,1765.25061503756,9036.455312405003,14224.568662773592,10861.315704351176,0.5760138476755687
GWNet_style,1,14,11321.028739096717,16289.245556084914,0.8702258253872718,0.1297741746127282,1903.7845362590672,13118.088713190864,18642.985686158838,12270.6438767241,0.7429525222551929
GWNet_style,1,30,15601.180949961608,21562.590376615804,0.7073800295355624,0.2926199704644375,2114.158967110377,17912.41418697691,24320.07381672512,15864.074676782104,0.8807863501483679
GWNet_style,2,1,2156.738193934171,6440.114794831636,1.0593750012910423,-0.0593750012910423,965.5455614800676,3169.608974095071,,10423.918706648838,0.1504451038575667
GWNet_style,2,3,4784.431702080213,9839.253925435076,1.0139301771994305,-0.0139301771994304,1533.669637711006,6591.158260842842,9635.862322537305,11036.677326565685,0.3582838773491592
GWNet_style,2,7,7897.464522055865,12680.708378903491,0.9784963487869104,0.0215036512130895,1724.9396895122695,9339.744809799062,14144.113354149817,10461.46709147733,0.5760138476755687
GWNet_style,2,14,11588.262600760849,16934.022793187152,0.8907675811938782,0.1092324188061217,1930.3392203958888,13478.626831956626,19507.029088107312,12213.449434897942,0.7429525222551929
GWNet_style,2,30,14668.386000363282,21272.873919977526,0.6650857621263309,0.3349142378736691,1911.710070229595,17097.019855077342,26249.14130504751,14410.815259637664,0.8807863501483679
GWNet_style,3,1,2115.366575609184,6426.918101146268,1.0390535462624666,-0.0390535462624666,962.8251759273368,3126.368000585696,,10443.321085525917,0.1504451038575667
GWNet_style,3,3,4859.370551394125,9990.774144039977,1.0298114282017052,-0.0298114282017052,1556.274367152799,6672.354010514901,9877.225333771525,11269.085288588123,0.3582838773491592
GWNet_style,3,7,7772.401873813418,12819.0285014558,0.9630010788388031,0.0369989211611968,1835.8630882339264,9116.20396884099,15258.860244655189,11581.80991674241,0.5760138476755687
GWNet_style,3,14,11678.058423240827,16861.943479129426,0.8976700143150049,0.102329985684995,2065.25240391928,13766.36360724515,19705.64893063616,13172.873140150115,0.7429525222551929
GWNet_style,3,30,16872.74244061012,23228.56795142704,0.7650344601646388,0.2349655398353611,2151.6152516439374,19414.89255622762,25999.204894310253,17258.62967094237,0.8807863501483679
GWNet_style,4,1,2123.557464793988,6428.723612763924,1.0430768548240392,-0.0430768548240392,965.4714440544232,3122.844663951653,,10454.830258376904,0.1504451038575667
GWNet_style,4,3,4848.257920702168,9823.469089641,1.027456408356454,-0.0274564083564541,1527.3961204729617,6634.924958003411,9629.557996589576,11043.724423533553,0.3582838773491592
GWNet_style,4,7,7879.69256918072,12659.67334574926,0.9762944027128792,0.0237055972871208,1768.7458440172786,9286.16132952058,14402.905340541272,10939.878772008591,0.5760138476755687
GWNet_style,4,14,12103.736146242276,17342.887951575336,0.9303910466862616,0.0696089533137385,1927.375774836967,13933.074784743534,19960.04578063531,12933.533178296557,0.7429525222551929
GWNet_style,4,30,15512.33448179378,21896.578419748817,0.7033516026185064,0.2966483973814936,1655.1575318065982,17469.089253795057,26927.049272982684,15418.463866364304,0.8807863501483679
GWNet_style,5,1,2153.4065398203725,6416.779176744477,1.0577385156522046,-0.0577385156522045,952.4972567323938,3153.4628924092744,,10394.488320513095,0.1504451038575667
GWNet_style,5,3,4863.884056417891,9867.46647110179,1.0307679428378214,-0.0307679428378213,1526.376785026045,6636.557364583554,9633.622643297316,11086.199349795246,0.3582838773491592
GWNet_style,5,7,8105.679267597697,12840.668328587715,1.004294168797027,-0.004294168797027,1815.7713647099768,9626.316673263049,14740.007149122568,11928.89238186268,0.5760138476755687
GWNet_style,5,14,12119.549869114626,16705.598621546465,0.931606617316474,0.0683933826835261,2021.8372880608213,13991.49769426872,18552.32179655645,13399.67829734052,0.7429525222551929
GWNet_style,5,30,16106.164755641465,21393.462133150384,0.7302767230950123,0.2697232769049876,2264.786861279781,18654.58971209752,23959.28336939211,16380.608348216996,0.8807863501483679
GWNet_style,6,1,2134.5524171877896,6440.261065619631,1.0484774999923483,-0.0484774999923485,961.588196562639,3139.29869561588,,10445.053488823436,0.1504451038575667
GWNet_style,6,3,4782.270928985896,9888.520648684307,1.013472260108576,-0.0134722601085759,1547.4440107210278,6568.692475417553,9613.43091595223,11128.99851023579,0.3582838773491592
GWNet_style,6,7,7735.704403005274,12543.55536439824,0.9584542599078412,0.0415457400921587,1795.378475203376,9090.282344878397,14135.766199344704,11190.965510454766,0.5760138476755687
GWNet_style,6,14,11614.499354884254,16418.77570592526,0.8927843503001763,0.1072156496998236,2075.03224127901,13582.9897439081,18577.46085208948,12984.448333417076,0.7429525222551929
GWNet_style,6,30,16070.531344773117,21232.27826404654,0.7286610528894458,0.2713389471105542,2459.335638673707,18806.480209794565,22653.341791744784,16535.02338209614,0.8807863501483679
GWNet_style,7,1,2205.1052015939003,6395.153481280071,1.0831325435583787,-0.0831325435583787,937.1576868936752,3198.2959806068966,,10370.79453761361,0.1504451038575667
GWNet_style,7,3,4813.162763794826,9883.40050535149,1.0200189443319532,-0.0200189443319531,1536.5064595554709,6618.879894683713,9614.086398357204,11118.114397004776,0.3582838773491592
GWNet_style,7,7,8259.415395968657,12558.185482148583,1.023342084728463,-0.0233420847284633,1691.3178124651188,9627.724019333562,13228.52211504747,10743.602933071385,0.5760138476755687
GWNet_style,7,14,11683.01135632421,16117.424587083016,0.8980507368076251,0.1019492631923748,2078.52208494912,13629.635232830726,17994.7025385596,13642.630736927922,0.7429525222551929
GWNet_style,7,30,19319.91932373741,24915.302887911104,0.8759929870490787,0.1240070129509213,2850.534931451222,22282.85133574748,21573.86687518997,21293.943980134547,0.8807863501483679
GWNet_style,8,1,2155.668139267912,6379.884370393475,1.0588493977817068,-0.0588493977817068,948.8082381993104,3153.6107066590494,,10332.406387840538,0.1504451038575667
GWNet_style,8,3,4813.842529875976,9827.349308185172,1.0201630022652737,-0.0201630022652736,1524.3754058287752,6616.191971957385,9636.57932216964,11050.147269021592,0.3582838773491592
GWNet_style,8,7,7812.540910403091,12447.560327070683,0.967974307985592,0.0320256920144079,1628.69276665891,9320.455363094996,13624.5151887437,9908.733364225744,0.5760138476755687
GWNet_style,8,14,11236.596203133266,16340.22059588592,0.8637356578422862,0.1362643421577137,1720.717168670015,13287.269527895953,18533.502850390665,11459.90560433492,0.7429525222551929
GWNet_style,8,30,13700.42038703765,19064.793418710942,0.6211968061338436,0.3788031938661563,1655.7507517037477,15386.992266730398,24188.10223219181,13474.92747135462,0.8807863501483679
GWNet_style,9,1,2186.405906529001,6433.787205076156,1.07394757813734,-0.0739475781373399,958.9307863999452,3188.60194768606,,10449.08655086144,0.1504451038575667
GWNet_style,9,3,4793.7513178598365,9870.594923469773,1.0159052162985895,-0.0159052162985895,1541.4118139491536,6609.127115242193,9617.780643785109,11096.554401500753,0.3582838773491592
GWNet_style,9,7,7671.19489488434,12402.597285265549,0.9504615278123584,0.0495384721876416,1780.484778272814,9075.933104368029,14166.644376422752,11082.728136452692,0.5760138476755687
GWNet_style,9,14,11309.413566493198,15888.169404776429,0.869332989285637,0.130667010714363,1992.7889829986827,13021.680901763846,17874.58096717394,12306.216141377075,0.7429525222551929
GWNet_style,9,30,14437.273234618806,19644.740724978,0.6546067762352804,0.3453932237647196,2142.883848007196,17008.69383038495,23229.670743077782,14517.721693638274,0.8807863501483679
L1_encoder_only@R,0,1,2086.8758003253897,6425.16956347863,1.025059072947189,-0.0250590729471886,969.3337953479416,3082.7633839310784,,10433.644550067213,0.1504451038575667
L1_encoder_only@R,0,3,4761.410913088281,9737.69025205687,1.009051547068351,-0.0090515470683509,1534.00932953519,6550.302664329761,9559.757974225073,11001.154941119825,0.3582838773491592
L1_encoder_only@R,0,7,7768.573716767915,12965.41601198954,0.9625267699411632,0.0374732300588368,1856.434022376344,9349.440632946773,15351.93919600918,11432.6440489916,0.5760138476755687
L1_encoder_only@R,0,14,11176.434429247383,16441.513969626205,0.8591111373553979,0.1408888626446021,2139.2573207532096,13475.172098735866,19285.88907847817,13206.25296382091,0.7429525222551929
L1_encoder_only@R,0,30,16497.741078158506,21936.08712106735,0.7480313579188725,0.2519686420811274,2084.1260546940885,18730.535727531627,21724.61281575529,16962.043570082922,0.8807863501483679
L1_encoder_only@R,1,1,2088.8381234718786,6416.005825035695,1.0260229526112534,-0.0260229526112534,964.2397307505178,3097.797920612179,,10410.876567822466,0.1504451038575667
L1_encoder_only@R,1,3,4734.064398526737,9744.86945539376,1.003256197049431,-0.0032561970494309,1522.947145628709,6510.44951979533,9504.962812022964,10940.963116685223,0.3582838773491592
L1_encoder_only@R,1,7,7552.533257139603,12316.034051033588,0.9357593434657202,0.0642406565342798,1807.742931859469,9015.49552306144,14473.08316752183,11085.974437571684,0.5760138476755687
L1_encoder_only@R,1,14,11126.578640872567,15859.29082783098,0.8552788182624363,0.1447211817375636,2048.4903622318247,13118.871162931648,18644.93065593122,13152.131470957142,0.7429525222551929
L1_encoder_only@R,1,30,16865.02251558821,21775.30174956343,0.7646844276377728,0.2353155723622272,2146.0487336916003,19143.629798299124,20258.855239855504,17583.059654816072,0.8807863501483679
L1_encoder_only@R,2,1,2082.4880958404606,6426.259099018684,1.0229038626126843,-0.0229038626126845,965.7074762624178,3086.762906158426,,10441.504756540093,0.1504451038575667
L1_encoder_only@R,2,3,4744.616859688419,9828.21706198233,1.0054925041976557,-0.0054925041976554,1539.188272673758,6542.938791169659,9596.384404100689,11090.990734948597,0.3582838773491592
L1_encoder_only@R,2,7,7647.543273519893,12609.027820008529,0.9475310904443438,0.0524689095556561,1831.446232913816,9302.594174052703,15156.031846742251,11350.43454598939,0.5760138476755687
L1_encoder_only@R,2,14,11150.425195788082,16281.234052514394,0.8571118573273696,0.1428881426726304,2065.235670506296,13525.5795262589,19638.02760951991,13301.16494736185,0.7429525222551929
L1_encoder_only@R,2,30,16734.83880485269,22302.0479868496,0.7587817105652316,0.2412182894347684,2283.146475985421,19364.4959547974,19802.90462923267,17734.869585164673,0.8807863501483679
L1_encoder_only@R,3,1,2073.664602041126,6424.630217374292,1.0185698230053963,-0.0185698230053963,968.5507056149576,3076.282404979824,,10435.41152652725,0.1504451038575667
L1_encoder_only@R,3,3,4726.054310701037,9815.363809885032,1.0015586767849105,-0.0015586767849105,1547.0940872296317,6538.894748606926,9565.309652218948,11098.230941615617,0.3582838773491592
L1_encoder_only@R,3,7,7578.5318999046995,12396.342385517675,0.9389805769322354,0.0610194230677646,1773.8004905837013,9045.034120976214,14622.319976387456,11151.229045524457,0.5760138476755687
L1_encoder_only@R,3,14,10752.51995849002,15145.599176468722,0.8265256428115629,0.173474357188437,1899.297881416111,12791.01153023853,16438.749105945913,12409.90464036492,0.7429525222551929
L1_encoder_only@R,3,30,16257.238344348363,21846.47765237652,0.7371266173423958,0.2628733826576042,1806.6441995659893,18182.442973142897,22102.54290143448,16240.408180667451,0.8807863501483679
L1_encoder_only@R,4,1,2121.4077293939927,6437.608789412016,1.0420209195470778,-0.0420209195470777,966.433453614938,3113.7604925907294,,10434.377922906537,0.1504451038575667
L1_encoder_only@R,4,3,4739.145817168675,9687.199885371294,1.0043330655313876,-0.0043330655313875,1522.7656218417303,6511.711047871051,9464.627219175256,10895.34324372356,0.3582838773491592
L1_encoder_only@R,4,7,7459.728205361333,12447.237689001331,0.924260791739352,0.0757392082606479,1836.708317326199,9051.137326744692,14327.738593660544,11328.872539711692,0.5760138476755687
L1_encoder_only@R,4,14,11017.021358412903,16009.047129354416,0.8468573595105124,0.1531426404894875,2169.7003527172405,13349.106389542252,17869.43276231204,13345.48638392984,0.7429525222551929
L1_encoder_only@R,4,30,16494.51569249822,22012.65235821433,0.7478851142844352,0.2521148857155648,2135.9334909404706,18783.81179447432,21200.11953852689,17109.099029996472,0.8807863501483679
L1_encoder_only@R,5,1,2105.282986198624,6443.481736004735,1.0341005563377392,-0.0341005563377392,966.9476240581594,3111.4114681534365,,10453.82868298037,0.1504451038575667
L1_encoder_only@R,5,3,4769.446607269733,9802.795114726763,1.0107544939035578,-0.0107544939035577,1527.9964285079222,6533.577209879103,9631.073428683776,11033.818303031338,0.3582838773491592
L1_encoder_only@R,5,7,7637.998658263859,12643.297581571936,0.9463485120164796,0.0536514879835202,1818.538069796552,9132.665029012398,14949.932587237694,11170.025428330197,0.5760138476755687
L1_encoder_only@R,5,14,10884.200933723649,15935.30421433782,0.8366477075109259,0.1633522924890741,2027.824461280993,13211.467277236294,18611.88741245749,12733.12592401908,0.7429525222551929
L1_encoder_only@R,5,30,16383.656068093562,22075.440410109262,0.7428585791370519,0.2571414208629481,2132.1404231673177,18632.585613894746,21198.711168608395,17009.816302317573,0.8807863501483679
L1_encoder_only@R,6,1,2145.820651712969,6403.510759232126,1.0540123794683245,-0.0540123794683244,962.9880441557128,3149.220315596144,,10410.93898732748,0.1504451038575667
L1_encoder_only@R,6,3,4790.32021631204,9802.923291012385,1.0151780876411076,-0.0151780876411076,1530.6463682206097,6593.037841602256,9657.568012183518,11075.92337551427,0.3582838773491592
L1_encoder_only@R,6,7,7711.576901672829,12403.559469498732,0.9554648609819942,0.0445351390180057,1832.7854216344767,9131.062076204978,14466.550875242585,11167.174599409347,0.5760138476755687
L1_encoder_only@R,6,14,11340.683312746933,15580.285296716514,0.8717366348703647,0.1282633651296353,1981.9214947058372,13292.15391765206,17744.88378544531,12979.351404670952,0.7429525222551929
L1_encoder_only@R,6,30,16742.88369969643,21798.70573061725,0.7591464776921836,0.2408535223078164,2129.728301963605,18997.297327368124,20479.103813068923,17467.267087849756,0.8807863501483679
L1_encoder_only@R,7,1,2084.4117314465097,6403.132586753778,1.02384873922236,-0.0238487392223598,963.642711733866,3085.5170303271416,,10390.99373594565,0.1504451038575667
L1_encoder_only@R,7,3,4748.407002373467,9701.838421333225,1.0062957218593456,-0.0062957218593455,1510.511003195043,6485.218867216818,9512.060052177989,10839.837344679729,0.3582838773491592
L1_encoder_only@R,7,7,7657.759687286231,12286.599885613652,0.9487969047496996,0.0512030952503003,1779.1554186348535,9045.089588082068,14237.64641476973,10579.385510606897,0.5760138476755687
L1_encoder_only@R,7,14,11070.93073563279,15711.99249805181,0.8510012702246754,0.1489987297753245,1933.896529672264,12984.50373211018,18119.95925518111,12223.0287468618,0.7429525222551929
L1_encoder_only@R,7,30,16050.646800282462,21406.49410510471,0.7277594589835605,0.2722405410164394,1970.9755493967275,18310.063789474752,20390.671082924226,16454.17242964426,0.8807863501483679
L1_encoder_only@R,8,1,2109.268718808279,6411.496974834608,1.0360583208454457,-0.0360583208454456,962.3691828005584,3112.8284874176675,,10381.127038139644,0.1504451038575667
L1_encoder_only@R,8,3,4790.82481293053,9956.514905262458,1.0152850231708963,-0.0152850231708965,1559.8550206397142,6584.294135528754,9703.887295276849,11194.008057692692,0.3582838773491592
L1_encoder_only@R,8,7,7681.804584908068,12822.008845832725,0.95177606907063,0.0482239309293699,1869.550695783924,9275.250638745178,15125.665874423274,11757.46136670045,0.5760138476755687
L1_encoder_only@R,8,14,11298.568113390813,16315.396845122516,0.8684993200498078,0.1315006799501922,2159.712546162741,13480.999231519543,18855.035794503277,13664.103067517284,0.7429525222551929
L1_encoder_only@R,8,30,16808.67472275863,21733.425556418908,0.7621295374993983,0.2378704625006017,2220.466194136274,19262.8545124623,19978.91386111326,17385.543667281407,0.8807863501483679
L1_encoder_only@R,9,1,2100.0810248266507,6398.448881287033,1.031545388607762,-0.0315453886077619,963.3698924350796,3093.4302808174657,,10388.874596695436,0.1504451038575667
L1_encoder_only@R,9,3,4760.562849566364,9806.09793492795,1.008871823069641,-0.0088718230696409,1527.0543155462933,6545.84105485879,9542.141544802138,10955.724173329232,0.3582838773491592
L1_encoder_only@R,9,7,7929.6059163267555,13082.29131737949,0.9824786695496251,0.0175213304503747,1891.3727778932569,9340.585743516054,15246.558935688148,11788.47725824394,0.5760138476755687
L1_encoder_only@R,9,14,11406.444529056538,16337.404675683176,0.8767915737862837,0.1232084262137163,2186.9869856015966,13282.783361209342,18323.459647527736,13230.378159511432,0.7429525222551929
L1_encoder_only@R,9,30,17365.288916882153,22021.555075441836,0.7873672272833874,0.2126327727166126,2274.6560802711856,19537.6688723896,20648.71404536701,17990.34999775313,0.8807863501483679
L2_fixed_physical@R,0,1,2094.1693562489863,6424.02357875379,1.0286416175683706,-0.0286416175683705,964.6517379097176,3103.789154513821,,10413.27567209773,0.1504451038575667
L2_fixed_physical@R,0,3,4669.626986492378,9361.42810609232,0.9896004400712586,0.0103995599287414,1453.392968923839,6317.280676956706,9284.933867223595,10191.85319659571,0.3582838773491592
L2_fixed_physical@R,0,7,7034.840373593695,11258.45919789815,0.8716171627787507,0.1283828372212493,1662.5343192321022,8469.436316753634,13113.085065720054,9583.414706339438,0.5760138476755687
L2_fixed_physical@R,0,14,10325.273655268258,14386.205220873251,0.7936840366790019,0.2063159633209981,1815.2674162315495,12147.180319611867,16955.387914717016,11404.944137749122,0.7429525222551929
L2_fixed_physical@R,0,30,15992.42998485065,20982.54415684114,0.7251198246666646,0.2748801753333354,2161.519292414888,18134.367452815743,20812.166301743437,16329.567672694711,0.8807863501483679
L2_fixed_physical@R,1,1,2089.916706870073,6442.021291220504,1.0265527453751917,-0.0265527453751914,969.8236542304434,3107.9096509011906,,10432.165883964615,0.1504451038575667
L2_fixed_physical@R,1,3,4658.063348901961,9382.607239044592,0.9871498415799008,0.012850158420099,1449.8234053728772,6335.730908235779,9255.85954654362,10229.119321290458,0.3582838773491592
L2_fixed_physical@R,1,7,6954.168027125991,11222.937282771887,0.8616218540000579,0.1383781459999421,1651.9850664236403,8455.706560026862,13345.858720814736,9838.795112246118,0.5760138476755687
L2_fixed_physical@R,1,14,10098.56999805454,14592.979471625342,0.7762577601661784,0.2237422398338215,1857.2769426853215,12028.811580231177,17371.251002471094,11603.31458852437,0.7429525222551929
L2_fixed_physical@R,1,30,16179.403679173072,22040.744230470173,0.7335974814438263,0.2664025185561737,2334.439973073689,18835.015192475625,20348.821018890387,16922.65435194476,0.8807863501483679
L2_fixed_physical@R,2,1,2091.2742421588828,6399.28886303372,1.0272195573936274,-0.0272195573936273,963.8609122443968,3095.73123152935,,10395.870348586335,0.1504451038575667
L2_fixed_physical@R,2,3,4702.371582912077,9660.895322695462,0.9965397667285322,0.0034602332714678,1491.0310526096646,6403.056614619344,9523.222511825445,10640.49216709995,0.3582838773491592
L2_fixed_physical@R,2,7,7473.679512075938,12091.814925202923,0.9259893595148604,0.0740106404851396,1744.2201771222246,9171.893222761417,14962.323871451264,10600.411811831413,0.5760138476755687
L2_fixed_physical@R,2,14,10747.737544440532,15614.32375152936,0.8261580277909257,0.1738419722090742,1926.6057039280124,12836.621396211372,19422.058845272124,12720.511345984953,0.7429525222551929
L2_fixed_physical@R,2,30,16896.49230316254,22394.441995515703,0.7661113131623497,0.2338886868376503,2554.5094851495305,19718.0299101668,19772.08318379438,17931.08472135357,0.8807863501483679
L2_fixed_physical@R,3,1,2103.1570271082446,6394.8758813244285,1.0330562998209076,-0.0330562998209076,962.7150953917936,3123.8600931394208,,10386.02201990642,0.1504451038575667
L2_fixed_physical@R,3,3,4683.853702723277,9439.69479597976,0.9926154056527904,0.0073845943472096,1444.5926058760062,6339.683355878123,9282.106272509604,10229.446435223495,0.3582838773491592
L2_fixed_physical@R,3,7,7036.360551707481,11074.349647694582,0.8718055129422356,0.1281944870577643,1586.12971546473,8402.379822013232,13126.37998460575,9521.96629868597,0.5760138476755687
L2_fixed_physical@R,3,14,10045.897917213097,14075.67821815552,0.7722089580580436,0.2277910419419564,1691.382554814077,11815.833473147522,16225.070222666036,11270.80235771224,0.7429525222551929
L2_fixed_physical@R,3,30,15664.97296899824,21259.90558578349,0.7102724516191855,0.2897275483808145,2183.997954377476,18036.788779768947,20586.269576586805,15916.50544599472,0.8807863501483679
L2_fixed_physical@R,4,1,2094.8717038128743,6434.461549391437,1.028986605872233,-0.028986605872233,966.1924151884524,3103.187849898525,,10433.846545789698,0.1504451038575667
L2_fixed_physical@R,4,3,4676.932701488288,9629.00513175331,0.9911486876713136,0.0088513123286865,1481.5332879797788,6356.706929108108,9414.515390913148,10445.60125285376,0.3582838773491592
L2_fixed_physical@R,4,7,7059.718286167737,11440.048466794666,0.874699537704419,0.125300462295581,1677.0349861118357,8581.755227011947,13874.904491780402,10085.454859389984,0.5760138476755687
L2_fixed_physical@R,4,14,10029.086165711218,14324.229411317634,0.7709166708760136,0.2290833291239864,1871.0694502535048,11894.327399880263,16822.90616518566,11483.254981509788,0.7429525222551929
L2_fixed_physical@R,4,30,15269.587586045593,20878.52446508533,0.6923451085053514,0.3076548914946486,2084.743957368674,17604.29368054223,19545.208875975502,15704.964362033668,0.8807863501483679
L2_fixed_physical@R,5,1,2083.623282759833,6392.056381899283,1.0234614586378108,-0.0234614586378107,967.2341069687626,3077.331846939908,,10416.10255749569,0.1504451038575667
L2_fixed_physical@R,5,3,4771.750533990805,9873.889452699108,1.0112427485122577,-0.0112427485122577,1552.6978717497225,6559.840239883457,9707.959793522788,11155.444405183269,0.3582838773491592
L2_fixed_physical@R,5,7,7582.039744918121,12184.720052141363,0.939415199149044,0.060584800850956,1807.5437555831145,9023.15743777352,15019.842196367874,11380.796691364065,0.5760138476755687
L2_fixed_physical@R,5,14,11128.700535782347,15446.912147116142,0.8554419242655923,0.1445580757344077,2102.0957145687207,13149.933688313204,18396.52126761032,13102.381581058731,0.7429525222551929
L2_fixed_physical@R,5,30,16999.1715237212,22005.07610148096,0.7707669370093159,0.2292330629906841,2401.549936035979,19482.89319612204,20121.15301386832,17924.794218161496,0.8807863501483679
L2_fixed_physical@R,6,1,2079.708762738324,6417.644643979543,1.02153867326474,-0.02153867326474,965.2001045688744,3082.39294273143,,10416.416425134055,0.1504451038575667
L2_fixed_physical@R,6,3,4674.299081567318,9548.959532550134,0.990590563555552,0.0094094364444481,1498.823509340055,6401.063933654187,9336.5273790058,10447.908825976532,0.3582838773491592
L2_fixed_physical@R,6,7,7103.868376577771,11331.867062397903,0.8801697366707051,0.1198302633292949,1715.5280222717436,8612.314861247343,13465.315759316942,9726.197333962617,0.5760138476755687
L2_fixed_physical@R,6,14,10323.681422387535,14749.04384395796,0.7935616447829326,0.2064383552170674,1937.6873721518184,12319.932090856088,17807.207668210205,11762.973133682986,0.7429525222551929
L2_fixed_physical@R,6,30,16195.979848968043,21521.68806647392,0.7343490688728012,0.2656509311271988,2278.1988746959687,18402.193899607668,20964.769110474423,16918.46212197306,0.8807863501483679
L2_fixed_physical@R,7,1,2126.337608361825,6397.230505342007,1.0444424422671743,-0.0444424422671743,957.2768579457824,3125.5639747940318,,10376.117642461815,0.1504451038575667
L2_fixed_physical@R,7,3,4736.0077020322415,9726.55517747378,1.003668027375451,-0.003668027375451,1532.0729675259176,6523.845333932593,9588.694087995464,10915.84367974032,0.3582838773491592
L2_fixed_physical@R,7,7,7635.963335684433,12515.026050838853,0.946096335421446,0.053903664578554,1847.444614186304,9238.58079535465,15252.648515811688,11220.771542661245,0.5760138476755687
L2_fixed_physical@R,7,14,10873.925709045105,15758.313186543315,0.8358578706433587,0.1641421293566413,2149.516757907275,12974.281462640718,18863.603192089475,12696.64220836388,0.7429525222551929
L2_fixed_physical@R,7,30,16822.340807908135,22371.76053441797,0.7627491774963765,0.2372508225036235,2449.311674340557,19466.04630615458,20401.75311972321,17684.977733424887,0.8807863501483679
L2_fixed_physical@R,8,1,2116.796252477405,6419.3993498615855,1.0397557937296729,-0.0397557937296728,959.9002448815482,3116.7254135898834,,10406.518558485135,0.1504451038575667
L2_fixed_physical@R,8,3,4732.618294616146,9731.142643589055,1.0029497346552292,-0.0029497346552291,1539.6113688200517,6540.603680802844,9560.059102147712,10973.40335154207,0.3582838773491592
L2_fixed_physical@R,8,7,7441.715587341334,12068.393404527866,0.922029027238804,0.0779709727611961,1801.366406420496,9147.929727131,15002.07455995495,11025.45223575928,0.5760138476755687
L2_fixed_physical@R,8,14,10776.529773405537,15269.969702081818,0.8283712313604282,0.1716287686395717,2056.975335305093,12971.758958279624,18582.99265844014,12765.070044459337,0.7429525222551929
L2_fixed_physical@R,8,30,16670.72265375739,21716.509418929563,0.7558745918669121,0.2441254081330879,2417.8710502421745,19030.1654763591,19699.174234856357,17443.3929826043,0.8807863501483679
L2_fixed_physical@R,9,1,2097.732638479313,6418.359127280634,1.0303918773486116,-0.0303918773486115,958.9702462209918,3102.4290103608,,10395.250667680217,0.1504451038575667
L2_fixed_physical@R,9,3,4682.187066908456,9533.942289941971,0.9922622075192872,0.0077377924807129,1497.9052689770583,6402.173226997462,9444.180944451571,10570.818786826969,0.3582838773491592
L2_fixed_physical@R,9,7,7040.684833359958,11350.859881798122,0.8723412917097448,0.1276587082902551,1649.424959195063,8490.77644760616,13799.07732779768,9882.5107170951,0.5760138476755687
L2_fixed_physical@R,9,14,10289.904947798132,14964.202090191093,0.7909653117856734,0.2090346882143265,1897.7531484804329,12333.126751326734,18249.46533457454,11967.148505901212,0.7429525222551929
L2_fixed_physical@R,9,30,16021.93371351877,21591.40898873973,0.7264575662468439,0.2735424337531561,2318.863565519698,18525.204706731813,20562.00535629441,16745.583502860445,0.8807863501483679
L3_learned_static@R,0,1,2094.895496592488,6419.305663496296,1.0289982927223127,-0.0289982927223126,967.4827774115485,3097.8686542829587,,10420.306016669334,0.1504451038575667
L3_learned_static@R,0,3,4628.34400214737,9374.473489875072,0.9808516343115158,0.0191483656884842,1450.4555063912187,6232.285196925855,9294.379041379172,10280.253042896236,0.3582838773491592
L3_learned_static@R,0,7,6950.623539163615,11316.022594604385,0.8611826917195793,0.1388173082804207,1675.308960002713,8397.44963439253,13725.372801285752,9945.894821947068,0.5760138476755687
L3_learned_static@R,0,14,10102.406613509433,14433.437642063423,0.7765526734578829,0.223447326542117,1848.832937541903,12064.561840328295,17598.121396333358,11773.481594742245,0.7429525222551929
L3_learned_static@R,0,30,15788.46756011129,21169.63400047456,0.7158718743673234,0.2841281256326766,2288.5839102699997,18190.82814862614,20059.731383492744,16388.1098495028,0.8807863501483679
L3_learned_static@R,1,1,2089.157968604288,6387.735447348241,1.0261800583455107,-0.0261800583455107,961.083729961966,3087.558218124667,,10370.391300501997,0.1504451038575667
L3_learned_static@R,1,3,4658.824564404907,9371.732453009132,0.9873111605029932,0.0126888394970067,1424.339443047033,6275.165873543654,9297.451286664938,10176.96620928312,0.3582838773491592
L3_learned_static@R,1,7,7099.78314166864,11331.744570666628,0.8796635758096645,0.1203364241903355,1588.9893009939246,8628.71763449544,14113.274304441997,9786.332536806283,0.5760138476755687
L3_learned_static@R,1,14,10317.7435854424,14850.202818853058,0.7931052146142896,0.2068947853857103,1776.2894355441035,12379.434376435842,18153.243750686484,11811.157737241225,0.7429525222551929
L3_learned_static@R,1,30,16161.94252457456,21221.45613400936,0.7328057675283709,0.2671942324716291,2256.3935935212035,18504.479275024067,20119.932722989128,16668.021225311248,0.8807863501483679
L3_learned_static@R,2,1,2122.363232470646,6355.66962722537,1.0424902561016536,-0.0424902561016535,955.3566431485798,3130.8918305347124,,10322.665809438671,0.1504451038575667
L3_learned_static@R,2,3,4743.06464393713,9508.370519872173,1.0051635542847386,-0.0051635542847385,1444.6557914698958,6369.378366415886,9488.051430279782,10335.983681450043,0.3582838773491592
L3_learned_static@R,2,7,7162.485478707469,11521.69124762299,0.8874323992949175,0.1125676007050825,1682.6783394046884,8791.184799504264,14014.2850687338,10199.35949359137,0.5760138476755687
L3_learned_static@R,2,14,10192.95217211033,14386.33535997192,0.7835127373606007,0.2164872626393993,1885.5902244969984,12243.218499018514,16815.855492895942,11777.060450893789,0.7429525222551929
L3_learned_static@R,2,30,16213.588192370977,21341.477424043103,0.7351474565407853,0.2648525434592147,2359.2111888221825,18523.702225724533,20322.12787945264,16778.097201782813,0.8807863501483679
L3_learned_static@R,3,1,2084.523607699908,6431.545085053648,1.0239036920703324,-0.0239036920703323,968.6186211271164,3085.9983024660305,,10449.496389511896,0.1504451038575667
L3_learned_static@R,3,3,4609.186493297148,9406.443938368222,0.9767917213369488,0.023208278663051,1434.9576496273291,6258.2143014607545,9217.239173497232,10146.65036175285,0.3582838773491592
L3_learned_static@R,3,7,6818.676177300255,10969.781696498874,0.8448344053227506,0.1551655946772494,1618.670654252879,8178.828444906376,12792.477983278151,9481.868498212683,0.5760138476755687
L3_learned_static@R,3,14,9774.682096711253,13823.424362584496,0.7513611166918944,0.2486388833081055,1717.2118641573988,11482.002108843652,15917.061654648702,11028.40762284082,0.7429525222551929
L3_learned_static@R,3,30,15439.401793829416,20879.84525060192,0.7000447294316746,0.2999552705683254,2171.460905423926,17708.27323673332,19520.56189257147,16064.034126864624,0.8807863501483679
L3_learned_static@R,4,1,2089.0961356169096,6417.576357082247,1.0261496864064097,-0.0261496864064094,963.6255052860251,3094.0556387225147,,10408.736435283152,0.1504451038575667
L3_learned_static@R,4,3,4659.947500915176,9593.961893007336,0.9875491363558716,0.0124508636441282,1479.4911754735222,6311.573521714268,9399.077408181693,10492.081532539596,0.3582838773491592
L3_learned_static@R,4,7,7059.850669058725,11301.601205307776,0.8747159399529016,0.1252840600470983,1623.7963179956018,8462.35270368662,13750.39697124375,9767.413817310338,0.5760138476755687
L3_learned_static@R,4,14,9993.910303499895,14229.551366418857,0.7682127696288732,0.2317872303711268,1792.954087763515,11864.14645588544,17117.045283650616,11458.597106010711,0.7429525222551929
L3_learned_static@R,4,30,15590.443481165305,20960.84568063208,0.7068931772249183,0.2931068227750817,2241.858877392502,17929.466847335487,19208.44479446268,16188.683719349636,0.8807863501483679
L3_learned_static@R,5,1,2070.7302226971383,6406.018244712314,1.0171284760073842,-0.0171284760073842,966.0488244382548,3068.57417628513,,10406.93207927973,0.1504451038575667
L3_learned_static@R,5,3,4698.703796825135,9736.866957981085,0.9957624792200812,0.0042375207799186,1517.462799032307,6401.616528534651,9469.881143617878,10593.681439118734,0.3582838773491592
L3_learned_static@R,5,7,7163.618006591253,11675.974906940308,0.8875727195706322,0.1124272804293677,1712.6538024676877,8719.979500069798,14459.53338788889,10244.960074984649,0.5760138476755687
L3_learned_static@R,5,14,9984.743787079951,14617.518499324186,0.7675081570445128,0.2324918429554872,1803.2320140261115,11925.30668455234,17940.875076703647,11663.137691019618,0.7429525222551929
L3_learned_static@R,5,30,15946.784355349422,21662.48618160354,0.7230501860381332,0.2769498139618668,2278.641104548168,18356.86941705518,19702.306807107198,16689.81425642012,0.8807863501483679
L3_learned_static@R,6,1,2087.9916817909834,6418.820499077563,1.025607186265893,-0.025607186265893,963.01129959614,3091.063202154301,,10391.342764141484,0.1504451038575667
L3_learned_static@R,6,3,4728.84134351813,9608.35518555703,1.002149312591639,-0.0021493125916389,1516.2614142698972,6455.702306327135,9557.678378908504,10842.150138875904,0.3582838773491592
L3_learned_static@R,6,7,7362.074520161872,11527.35784302673,0.9121614940284982,0.0878385059715017,1678.8269228992676,8882.368088134244,14094.980888989076,10365.187312855884,0.5760138476755687
L3_learned_static@R,6,14,10822.06286193496,15216.417264572225,0.8318712727843237,0.1681287272156763,1900.2746754380216,12877.905907169405,18231.855067526023,12470.70667116061,0.7429525222551929
L3_learned_static@R,6,30,16709.48874766131,21653.82640602753,0.7576323024363034,0.2423676975636965,2409.9579874092988,19219.386711259154,20001.050542379424,17405.11432906052,0.8807863501483679
L3_learned_static@R,7,1,2087.542996571815,6426.9512894038935,1.025386795165122,-0.0253867951651221,968.142888122556,3088.3252352251966,,10435.072052300911,0.1504451038575667
L3_learned_static@R,7,3,4687.062643707481,9558.26458210452,0.9932954534209132,0.0067045465790867,1474.816973394937,6349.226236677396,9438.83772798486,10476.033805643054,0.3582838773491592
L3_learned_static@R,7,7,7209.426686333288,11381.435637177492,0.8932484178590065,0.1067515821409934,1672.5021795171904,8825.161775566137,13864.652104700968,10243.754126680496,0.5760138476755687
L3_learned_static@R,7,14,10513.029683415854,14785.335617075849,0.8081164834408334,0.1918835165591665,1894.9454457352856,12574.050757176245,17987.135685646444,12506.991309424186,0.7429525222551929
L3_learned_static@R,7,30,16138.432568595135,21288.60855200064,0.731739792240446,0.2682602077595539,2338.7375205044777,18427.211762595733,19184.287196119996,17015.23684356522,0.8807863501483679
L3_learned_static@R,8,1,2084.6261841767523,6424.072423604028,1.0239540769318771,-0.0239540769318771,969.5169280864964,3090.427420286359,,10428.281512370264,0.1504451038575667
L3_learned_static@R,8,3,4621.121239530616,9224.05226556206,0.9793209662121696,0.0206790337878304,1425.9238410344549,6218.992459237413,9204.227793327058,10071.152022937324,0.3582838773491592
L3_learned_static@R,8,7,6938.503123660981,11104.827675311246,0.8596809714798763,0.1403190285201236,1648.8861151440378,8395.505074427987,13766.212626071574,9926.595743959397,0.5760138476755687
L3_learned_static@R,8,14,9866.861740209048,13967.240483525988,0.7584467895751146,0.2415532104248854,1795.727531462744,11837.401641629607,16801.174126329697,11587.65393880154,0.7429525222551929
L3_learned_static@R,8,30,15425.743877778268,20803.56227100241,0.6994254598333896,0.3005745401666104,2231.183195808447,17748.577176258877,19335.681569215005,16080.225011166196,0.8807863501483679
L3_learned_static@R,9,1,2091.9704421751608,6400.601554132263,1.0275615260642883,-0.0275615260642883,965.102599131663,3089.460516242957,,10399.72897129076,0.1504451038575667
L3_learned_static@R,9,3,4649.931423073667,9269.125670268622,0.9854265010643556,0.0145734989356444,1419.9788609505963,6238.471818660645,9243.236645881514,10173.166465772283,0.3582838773491592
L3_learned_static@R,9,7,6970.242992546582,11253.799761513976,0.8636135432222121,0.1363864567777879,1634.621672072625,8271.15188482987,13296.39469786479,9881.319325457822,0.5760138476755687
L3_learned_static@R,9,14,10170.526148223831,14422.371980790636,0.7817888917988113,0.2182111082011887,1844.646047850984,11866.458146464996,16302.781761771794,11470.829699914662,0.7429525222551929
L3_learned_static@R,9,30,15483.426576203325,21433.1480226654,0.7020408765154008,0.2979591234845992,2130.5110010795656,17926.677020119263,21090.892710457232,15924.253608456918,0.8807863501483679
L4_price_dynamic@R,0,1,2096.396299914305,6435.32288128748,1.0297354770154543,-0.0297354770154543,965.9134301379632,3100.244551376209,,10458.924183239382,0.1504451038575667
L4_price_dynamic@R,0,3,4642.921174898393,9323.96353133919,0.9839408696211316,0.0160591303788684,1441.2732251309064,6242.742177924552,9250.078690477749,10124.210225763549,0.3582838773491592
L4_price_dynamic@R,0,7,6946.009900352687,11253.630897748406,0.8606110615820197,0.1393889384179802,1646.2213690463325,8437.876615379797,13124.03009149819,9454.236709389968,0.5760138476755687
L4_price_dynamic@R,0,14,10234.08670317317,14475.836162725876,0.7866746700851822,0.2133253299148177,1845.6284167675417,12151.572448121204,17316.20998989877,11438.56394260132,0.7429525222551929
L4_price_dynamic@R,0,30,15898.77410710904,20920.16102712124,0.7208733321879524,0.2791266678120476,2251.531521410213,18035.99561389375,20563.628310175136,16395.56962754803,0.8807863501483679
L4_price_dynamic@R,1,1,2094.0847488363947,6435.687921596693,1.0286000589878828,-0.0286000589878827,966.5880043564156,3106.937579461221,,10419.21059322917,0.1504451038575667
L4_price_dynamic@R,1,3,4628.92305954283,9248.679365820575,0.9809743497778756,0.0190256502221244,1412.101599370914,6240.399184284514,9177.161734940542,9935.38315703344,0.3582838773491592
L4_price_dynamic@R,1,7,6877.491671155508,11186.211901716324,0.8521216486941817,0.1478783513058182,1635.220968854608,8362.101094739743,13164.723881094164,9628.96517903149,0.5760138476755687
L4_price_dynamic@R,1,14,9943.14603886587,14420.762915994444,0.764310617703513,0.2356893822964869,1844.588909521697,11867.528035296376,16780.458171393242,11336.734912543809,0.7429525222551929
L4_price_dynamic@R,1,30,15959.410873561435,21898.958644893297,0.7236226905718858,0.2763773094281142,2374.872986619003,18558.273157237287,20960.11162155854,16620.124547494343,0.8807863501483679
L4_price_dynamic@R,2,1,2114.535527924538,6356.664946983375,1.03864534134243,-0.0386453413424299,954.2811171042424,3114.94621926468,,10328.959399507148,0.1504451038575667
L4_price_dynamic@R,2,3,4715.3295795658105,9629.623270689191,0.9992858617010149,0.0007141382989852,1452.846028566689,6343.067036557694,9538.55426168318,10468.769203845644,0.3582838773491592
L4_price_dynamic@R,2,7,7492.279644160487,12011.51437485828,0.9282939170447938,0.0717060829552062,1695.7133052336874,9102.718736356235,14959.158692559737,10485.07025223205,0.5760138476755687
L4_price_dynamic@R,2,14,10750.925142158558,15644.104544873044,0.8264030523305764,0.1735969476694235,1903.7637392853808,12873.92172762809,19602.93913267244,12605.213674044213,0.7429525222551929
L4_price_dynamic@R,2,30,16769.22971949198,22221.61541499405,0.76034104420102,0.23965895579898,2560.019757444419,19517.675141070813,19964.0901131413,17693.588977541833,0.8807863501483679
L4_price_dynamic@R,3,1,2083.2807551569563,6426.488017604941,1.0232932114297073,-0.0232932114297073,969.4595968880692,3092.2818422552104,,10444.748202321578,0.1504451038575667
L4_price_dynamic@R,3,3,4665.305268117211,9371.8051237368,0.9886845693992968,0.011315430600703,1417.6899198143333,6314.080570084998,9137.71905905056,10007.210300069462,0.3582838773491592
L4_price_dynamic@R,3,7,6956.201811553143,11021.85822041656,0.8618738400179284,0.1381261599820715,1609.5479885329137,8259.625595970163,12819.191375020298,9413.566803671238,0.5760138476755687
L4_price_dynamic@R,3,14,9783.068282277622,13636.28924966036,0.7520057467360831,0.2479942532639169,1634.3415823346088,11301.39713672396,15178.162997494632,10593.349554530729,0.7429525222551929
L4_price_dynamic@R,3,30,15165.47442217179,21013.99657683019,0.6876244676018003,0.3123755323981997,2011.240186413387,17248.59441931615,20556.66430166325,15397.095379893892,0.8807863501483679
L4_price_dynamic@R,4,1,2083.6121582832043,6425.121923173706,1.0234559943712271,-0.0234559943712271,965.6297498045984,3090.612278486942,,10422.52879132269,0.1504451038575667
L4_price_dynamic@R,4,3,4641.002595211978,9488.219669839647,0.9835342788361544,0.0164657211638454,1452.6077380868342,6265.391287330616,9325.243991173193,10270.00929761242,0.3582838773491592
L4_price_dynamic@R,4,7,6988.322784564918,11294.980558976102,0.8658536305853602,0.1341463694146397,1635.6890601725631,8438.118453079625,13843.339782507475,9915.673323559848,0.5760138476755687
L4_price_dynamic@R,4,14,9759.893948646377,14010.172096376547,0.7502243800355105,0.2497756199644895,1783.6746167910046,11561.274144181943,16467.979721628413,11215.810197868565,0.7429525222551929
L4_price_dynamic@R,4,30,14976.486843297922,20549.78085683789,0.6790554983965569,0.3209445016034431,2083.8664560243783,17063.434787842525,19205.372171755047,15362.638140092906,0.8807863501483679
L4_price_dynamic@R,5,1,2094.3039298312824,6389.864813579761,1.0287077191885483,-0.0287077191885483,965.1734713282508,3085.2172371970705,,10398.811897116471,0.1504451038575667
L4_price_dynamic@R,5,3,4786.65183746638,9885.988801799467,1.014400674513568,-0.014400674513568,1556.8651025414629,6578.53320956291,9735.681643437614,11174.127905628087,0.3582838773491592
L4_price_dynamic@R,5,7,7514.788026200919,12101.832518257315,0.9310827069889784,0.0689172930110215,1796.3326997396218,8960.671761260724,14966.36982974576,11217.784489461095,0.5760138476755687
L4_price_dynamic@R,5,14,11001.431527501798,15346.700741242825,0.8456589990271217,0.1543410009728782,2115.922567361881,12963.169433545676,18322.41222044141,13008.365588170956,0.7429525222551929
L4_price_dynamic@R,5,30,16803.513634025967,21953.889924002677,0.7618955262978195,0.2381044737021804,2448.279877258916,19418.637038199864,20418.235399349524,17680.93422654453,0.8807863501483679
L4_price_dynamic@R,6,1,2079.197569691244,6416.523516826114,1.0212875787478286,-0.0212875787478286,966.738798293558,3083.3667470782266,,10423.837761809473,0.1504451038575667
L4_price_dynamic@R,6,3,4663.289286984115,9533.302363531624,0.9882573370267204,0.0117426629732797,1481.4496152432434,6353.108504040636,9293.903617203869,10320.056958187692,0.3582838773491592
L4_price_dynamic@R,6,7,7119.355163306299,11377.87014825136,0.8820885505160835,0.1179114494839165,1693.8328947415823,8713.887990448347,13413.88611489732,9708.143341212864,0.5760138476755687
L4_price_dynamic@R,6,14,10407.161425237557,15043.061018264309,0.7999785929294034,0.2000214070705965,1949.775277419987,12527.390946491025,18178.150709199414,11780.476289013148,0.7429525222551929
L4_price_dynamic@R,6,30,16274.153286130855,21625.41731192292,0.7378935651815414,0.2621064348184586,2425.005990786946,18808.603363348877,21235.407691412387,17071.09602919322,0.8807863501483679
L4_price_dynamic@R,7,1,2093.252562167021,6410.075418294941,1.0281912946063638,-0.0281912946063638,964.4170556873728,3098.0486875853016,,10398.255931238187,0.1504451038575667
L4_price_dynamic@R,7,3,4616.302090331794,9398.479347025255,0.9782996786057464,0.0217003213942534,1447.798605344132,6256.847439432233,9282.911428551764,10196.434850922496,0.3582838773491592
L4_price_dynamic@R,7,7,6940.292791244708,11200.890227771177,0.8599027114055611,0.1400972885944389,1635.6065699191938,8448.699174224148,13924.332372122488,9977.544186052944,0.5760138476755687
L4_price_dynamic@R,7,14,9925.746990222176,14130.9037836346,0.7629731861135178,0.2370268138864821,1813.2321089446148,11943.531199281982,16667.44742942683,11557.252020476397,0.7429525222551929
L4_price_dynamic@R,7,30,15910.407441796637,21111.959001972868,0.721400804349278,0.278599195650722,2205.922204442984,18102.60335207979,20251.26848796904,16324.456029892037,0.8807863501483679
L4_price_dynamic@R,8,1,2091.1380356656878,6422.181387035153,1.0271526536988207,-0.0271526536988206,961.496655669992,3096.601497774201,,10373.76184024182,0.1504451038575667
L4_price_dynamic@R,8,3,4765.382104535817,9714.469376402913,1.0098931330912726,-0.0098931330912725,1543.469230393605,6569.457909496503,9633.070802500572,10974.553151294793,0.3582838773491592
L4_price_dynamic@R,8,7,7471.572655307712,12116.820124368836,0.9257283198293552,0.0742716801706447,1804.3594505417984,9162.252903547804,15102.08229786437,10996.983311421476,0.5760138476755687
L4_price_dynamic@R,8,14,10866.25185100904,15408.471346587305,0.8352679958539525,0.1647320041460475,2074.0612161623267,13021.333330358226,19017.193561651624,12895.400262458688,0.7429525222551929
L4_price_dynamic@R,8,30,16780.27941545365,21733.93081226181,0.7608420533413405,0.2391579466586595,2465.753189187281,19098.582044628267,19639.097739572982,17557.593760082756,0.8807863501483679
L4_price_dynamic@R,9,1,2118.526257401508,6426.767249476444,1.0406055602770727,-0.0406055602770727,956.1115565496544,3129.28087028748,,10387.270514816477,0.1504451038575667
L4_price_dynamic@R,9,3,4657.034933328448,9388.020458540474,0.9869318968688846,0.0130681031311153,1462.2580734365308,6307.695855826287,9379.408700868944,10323.65198212086,0.3582838773491592
L4_price_dynamic@R,9,7,6970.887657255832,11253.223821653895,0.8636934172200541,0.1363065827799459,1634.0196063975911,8429.486626102767,13655.437565715914,9721.274384608352,0.5760138476755687
L4_price_dynamic@R,9,14,10175.298003210362,14843.4628078303,0.7821556951644754,0.2178443048355246,1872.9607560890563,12178.800382234786,18176.748549075488,11841.611904466312,0.7429525222551929
L4_price_dynamic@R,9,30,15866.218708597473,21491.057705056828,0.7193972234988399,0.28060277650116,2350.2034910323923,18468.309512621385,20519.08860115121,16564.178144360878,0.8807863501483679
L5_ctx_features_only@R,0,1,2139.349214549066,6408.521645325443,1.050833653940513,-0.0508336539405129,958.387409604282,3152.040596717739,,10401.349874961628,0.1504451038575667
L5_ctx_features_only@R,0,3,4893.451707490397,9594.420733886704,1.037034002332052,-0.0370340023320518,1471.7195404942777,6606.836731973976,9648.066526463252,10626.769423008394,0.3582838773491592
L5_ctx_features_only@R,0,7,7839.816643289182,12143.915119152523,0.971353772998064,0.0286462270019359,1606.7690674094756,9035.644930708935,13659.791225668405,9954.547918014752,0.5760138476755687
L5_ctx_features_only@R,0,14,12157.096639145986,17332.873885571564,0.9344927657128936,0.0655072342871062,1788.772914420812,13964.472736759011,20803.20574288328,12331.279458053315,0.7429525222551929
L5_ctx_features_only@R,0,30,14790.41271117367,20780.23250764505,0.6706186290659578,0.3293813709340422,1843.6038980325643,17425.10292357303,25870.23451475525,14516.858213635984,0.8807863501483679
L5_ctx_features_only@R,1,1,2138.9064838649,6419.706619536197,1.050616187666475,-0.050616187666475,960.2190411474515,3137.0415934526845,,10416.058186720553,0.1504451038575667
L5_ctx_features_only@R,1,3,4903.313707524892,9523.465698300311,1.039123985022821,-0.0391239850228213,1457.6686442622251,6613.958463927801,9477.796981014206,10386.739834213398,0.3582838773491592
L5_ctx_features_only@R,1,7,7712.213000534833,11948.936057535137,0.9555436736708262,0.0444563263291738,1597.4320597745702,9101.4124135151,13691.57538068868,9847.882265915445,0.5760138476755687
L5_ctx_features_only@R,1,14,11699.443721984422,16903.88048334298,0.8993138613256595,0.1006861386743405,1814.910772106068,13428.37392235878,18862.06676056927,12020.454247830145,0.7429525222551929
L5_ctx_features_only@R,1,30,15057.558445548952,21112.30863284901,0.6827314016873889,0.3172685983126111,2021.759542107253,17461.98560957215,25918.83957405336,14849.566365296812,0.8807863501483679
L5_ctx_features_only@R,2,1,2117.0680095568214,6406.273097200511,1.0398892789422811,-0.0398892789422811,959.5709561174708,3128.488578320044,,10393.623791035958,0.1504451038575667
L5_ctx_features_only@R,2,3,4848.628245159496,9493.989100461426,1.0275348885534807,-0.0275348885534807,1491.5528079012695,6580.575660832978,9545.633541629071,10552.351324856323,0.3582838773491592
L5_ctx_features_only@R,2,7,7892.538015188771,12367.932126686765,0.9778859542776016,0.0221140457223985,1708.097208137743,9234.06584263249,14575.643085144742,10442.743059982677,0.5760138476755687
L5_ctx_features_only@R,2,14,11973.49148285992,17102.275281827482,0.9203793885316652,0.0796206114683347,1964.1885770381823,13795.0991094555,20589.1440805198,12673.823019331052,0.7429525222551929
L5_ctx_features_only@R,2,30,14504.140641308642,20727.905729668186,0.6576386408275143,0.3423613591724856,2054.9769403315445,17016.169671450076,25511.39199287096,14377.1311302357,0.8807863501483679
L5_ctx_features_only@R,3,1,2159.2370690962102,6404.650096272643,1.0606024316233178,-0.0606024316233178,954.6220841306496,3160.0154800593605,,10372.299656239917,0.1504451038575667
L5_ctx_features_only@R,3,3,4819.926569299641,9703.749863318271,1.0214523489536678,-0.0214523489536677,1517.246800910351,6598.832305872499,9658.544791267968,10848.958512735728,0.3582838773491592
L5_ctx_features_only@R,3,7,7889.23022563538,12554.091918444496,0.9774761189448172,0.0225238810551826,1684.101429562281,9157.457524847649,14775.865033780176,10577.80283129316,0.5760138476755687
L5_ctx_features_only@R,3,14,12183.007123072215,17489.387762744467,0.9364844550531936,0.0635155449468063,1928.926871155152,14049.815568139593,21024.45258529774,12893.82338589859,0.7429525222551929
L5_ctx_features_only@R,3,30,15739.91823972409,22268.16874564542,0.713670578209066,0.286329421790934,2004.0635343039328,18156.077667969577,25399.29334602183,15772.257629511145,0.8807863501483679
L5_ctx_features_only@R,4,1,2125.015825124526,6434.185233041626,1.0437931914111094,-0.0437931914111093,964.1080212930234,3126.901567017179,,10441.434473475814,0.1504451038575667
L5_ctx_features_only@R,4,3,4759.02108333055,9838.531630556716,1.0085450876473336,-0.0085450876473336,1545.5290428312476,6561.444500799902,9589.63830571796,11061.090091917113,0.3582838773491592
L5_ctx_features_only@R,4,7,7727.713591785978,12377.34601258842,0.9574641978974212,0.0425358021025786,1682.8493968322873,9047.992409929466,13762.57200630254,10516.144232567627,0.5760138476755687
L5_ctx_features_only@R,4,14,11657.416434096722,16496.10990100918,0.8960833040915313,0.1039166959084687,1837.9725230596268,13135.68714136673,18298.939385622816,12179.231542975796,0.7429525222551929
L5_ctx_features_only@R,4,30,14361.900923480409,20483.668458745626,0.6511892870176212,0.3488107129823787,1950.0787483160927,16816.020871686116,24764.37915789101,14112.833764796998,0.8807863501483679
L5_ctx_features_only@R,5,1,2107.97408346096,6396.627557148879,1.0354224048466496,-0.0354224048466496,961.3538110354098,3130.036295056428,,10377.242978451555,0.1504451038575667
L5_ctx_features_only@R,5,3,5266.240355331252,9839.569787472044,1.116036417519392,-0.1160364175193919,1473.330965537538,6908.059867762222,9936.171461627931,10323.724955579655,0.3582838773491592
L5_ctx_features_only@R,5,7,9188.234864050191,14263.169428555044,1.1384228749823193,-0.1384228749823193,1768.7425900452752,10790.03925834274,16026.369456005708,11079.815388825387,0.5760138476755687
L5_ctx_features_only@R,5,14,13772.500203440995,19659.933333075416,1.0586657479099453,-0.0586657479099452,2104.3700201846127,15865.587438978477,24084.779880061527,14110.96402928818,0.7429525222551929
L5_ctx_features_only@R,5,30,16063.344739373562,22445.126562877664,0.7283352018429063,0.2716647981570936,2052.2247554899973,18509.630240640257,27226.543445839263,16054.109149092508,0.8807863501483679
L5_ctx_features_only@R,6,1,2106.580324296794,6426.875565949402,1.0347377999092071,-0.0347377999092071,965.6446455012274,3113.2589951819805,,10449.039566497113,0.1504451038575667
L5_ctx_features_only@R,6,3,4889.511099923099,9602.043678933553,1.036198897730758,-0.0361988977307579,1488.5487871324883,6559.128689759077,9575.715191495476,10668.754867232548,0.3582838773491592
L5_ctx_features_only@R,6,7,8104.863774310848,12670.173694643014,1.004193129127724,-0.0041931291277239,1670.1471501545302,9399.061081293374,14152.889731043102,10318.777860491731,0.5760138476755687
L5_ctx_features_only@R,6,14,12644.738360985648,18191.765563787674,0.9719768521559998,0.0280231478440001,2014.2084269341908,14619.086161543948,21439.49897447333,13059.708102874733,0.7429525222551929
L5_ctx_features_only@R,6,30,15862.268189089084,21988.265758288708,0.7192181012506277,0.2807818987493723,2091.918906237428,18316.502046504407,26645.450848750177,15903.774636575208,0.8807863501483679
L5_ctx_features_only@R,7,1,2168.782717706917,6360.845601506567,1.065291188718515,-0.065291188718515,943.2827890351628,3161.1050176380795,,10281.3250413898,0.1504451038575667
L5_ctx_features_only@R,7,3,4797.958993887479,9616.288607413131,1.0167969187966,-0.0167969187965999,1489.5348834723711,6552.590648191481,9531.247238851216,10596.263360393192,0.3582838773491592
L5_ctx_features_only@R,7,7,7731.69154504415,12158.571335384477,0.9579570665551906,0.0420429334448093,1614.3407664165104,8996.026254236776,14260.57069059198,10196.420397981072,0.5760138476755687
L5_ctx_features_only@R,7,14,11434.31996335244,16596.40473147585,0.8789343051031301,0.1210656948968699,1763.0118704903994,13148.209489468722,20229.896838895464,12011.981776512952,0.7429525222551929
L5_ctx_features_only@R,7,30,14245.330792698522,20151.134709014863,0.6459038292808043,0.3540961707191957,1721.6302247818423,16430.022872902744,25137.09768239449,14097.548018989057,0.8807863501483679
L5_ctx_features_only@R,8,1,2172.4264615152674,6391.972977058379,1.0670809706737527,-0.0670809706737527,951.5057796712118,3171.968933795866,,10339.439129945891,0.1504451038575667
L5_ctx_features_only@R,8,3,4804.879861327441,9716.13065644723,1.01826360842386,-0.0182636084238598,1517.5222829684733,6617.494355155318,9563.466699235743,10905.938878362633,0.3582838773491592
L5_ctx_features_only@R,8,7,7730.094772569749,12065.441582512498,0.9577592263456296,0.0422407736543705,1658.5431965212967,9052.999357874976,14053.32425701594,10420.995856435817,0.5760138476755687
L5_ctx_features_only@R,8,14,11718.488618288891,16348.00603422147,0.9007778060773176,0.0992221939226823,1766.1402678090053,13520.774954266884,18710.78592205484,12496.554975423096,0.7429525222551929
L5_ctx_features_only@R,8,30,15081.629709301951,20791.237210276984,0.6838228274787548,0.3161771725212452,1865.981062394416,16848.73965277114,27034.577820159808,14969.552528043932,0.8807863501483679
L5_ctx_features_only@R,9,1,2157.653211118992,6393.918146777673,1.059824451453365,-0.059824451453365,953.3265873573235,3164.605087116324,,10362.754728485486,0.1504451038575667
L5_ctx_features_only@R,9,3,4758.564939688526,9572.969145198183,1.0084484204081323,-0.0084484204081325,1498.2896120981732,6545.662570949949,9445.578390604594,10685.764723367274,0.3582838773491592
L5_ctx_features_only@R,9,7,7798.405451465977,12309.768767982752,0.966222923738184,0.0337770762618161,1641.852269253932,9119.530551093168,14457.204060044787,10298.4641629852,0.5760138476755687
L5_ctx_features_only@R,9,14,11737.427829213224,16796.731005835383,0.9022336269959496,0.0977663730040504,1810.171192882366,13604.149319302587,20114.148177159517,12446.65595897034,0.7429525222551929
L5_ctx_features_only@R,9,30,16017.852518331105,21511.61528197305,0.7262725189749961,0.2737274810250039,2049.3209153683106,18297.010449512403,25286.73833803509,15954.52883901287,0.8807863501483679
L6_ctx_conditioned@R,0,1,2160.900010635617,6405.447429593827,1.061419257096345,-0.0614192570963449,955.4811706529574,3171.4119099722284,,10388.324615066533,0.1504451038575667
L6_ctx_conditioned@R,0,3,4921.930546342656,9575.19037243575,1.0430693176885968,-0.0430693176885967,1462.820280702953,6620.618192321836,9652.725468118277,10524.446421656516,0.3582838773491592
L6_ctx_conditioned@R,0,7,7687.982197125604,12015.675868395743,0.9525414756111974,0.0474585243888026,1619.3219261462928,8900.057312875728,13649.167523186885,9913.786989465294,0.5760138476755687
L6_ctx_conditioned@R,0,14,12036.81950304599,17274.216525039807,0.925247292315554,0.0747527076844459,1831.194261932101,13827.31414065414,20889.15491111003,12293.718913378332,0.7429525222551929
L6_ctx_conditioned@R,0,30,15085.768954391726,21159.996583579144,0.6840105068168286,0.3159894931831714,1831.024676502957,17604.61959321986,26058.13904786266,14889.108147153684,0.8807863501483679
L6_ctx_conditioned@R,1,1,2129.2545196166275,6408.599506691949,1.0458752090596453,-0.0458752090596452,961.9499760637066,3124.486758332119,,10410.610051051252,0.1504451038575667
L6_ctx_conditioned@R,1,3,4930.8663004266455,9469.53411104151,1.044963007741242,-0.0449630077412419,1469.8388355475167,6644.065237582115,9539.379586936684,10381.314965502068,0.3582838773491592
L6_ctx_conditioned@R,1,7,8225.200689883015,12533.515727922391,1.019102880502079,-0.0191028805020789,1687.651164681211,9682.521663873908,14104.647835633768,10412.12543717001,0.5760138476755687
L6_ctx_conditioned@R,1,14,12012.457479152568,17310.856549449138,0.923374630136229,0.076625369863771,2012.3911813097736,13984.231722261473,20064.238860726386,12587.029108536824,0.7429525222551929
L6_ctx_conditioned@R,1,30,15086.524555539288,21000.855392036283,0.6840447668618722,0.3159552331381278,2137.5534741047063,17528.20798319221,24992.244822473283,14958.732359493732,0.8807863501483679
L6_ctx_conditioned@R,2,1,2111.897967817797,6409.935462086399,1.0373497899169752,-0.0373497899169752,958.4072806898118,3129.545826197504,,10396.46324277588,0.1504451038575667
L6_ctx_conditioned@R,2,3,4767.937379453895,9516.80554350703,1.010434654114418,-0.010434654114418,1497.3338490147532,6509.786017049062,9461.12378194522,10603.47701957574,0.3582838773491592
L6_ctx_conditioned@R,2,7,7732.309984469119,12161.53754118351,0.9580336912386682,0.0419663087613317,1672.7984617217005,9048.6278385871,14534.538888401008,10388.736927828448,0.5760138476755687
L6_ctx_conditioned@R,2,14,11783.774172813031,16845.178705573664,0.9057961817815886,0.0942038182184114,1911.075509986549,13591.47938491558,19933.899437211585,12502.374836524305,0.7429525222551929
L6_ctx_conditioned@R,2,30,14493.9868784662,20620.48756893777,0.6571782545860868,0.3428217454139132,2046.7720561490269,16934.315587002635,25716.78858190116,14308.822832468595,0.8807863501483679
L6_ctx_conditioned@R,3,1,2171.399882471825,6408.44671752982,1.0665767220920146,-0.0665767220920146,954.3981646847805,3174.7264889134194,,10373.505576768584,0.1504451038575667
L6_ctx_conditioned@R,3,3,4815.37949446612,9732.130685412703,1.020488720109371,-0.020488720109371,1525.5191333243754,6602.648204621182,9664.110395167914,10901.649944131046,0.3582838773491592
L6_ctx_conditioned@R,3,7,7923.535542246001,12600.711066113876,0.98172654982092,0.0182734501790801,1680.6066053296931,9215.135550951352,14823.701159642984,10606.204911314777,0.5760138476755687
L6_ctx_conditioned@R,3,14,12192.837122589775,17533.057987463635,0.93724006831422,0.0627599316857798,1934.7298425557312,14088.996618401126,21049.732813032555,12901.36425577191,0.7429525222551929
L6_ctx_conditioned@R,3,30,15638.116145489454,22186.938862458715,0.709054724533793,0.2909452754662069,2020.0723881465683,17987.65560585724,25329.466492253137,15670.013307061496,0.8807863501483679
L6_ctx_conditioned@R,4,1,2120.0089117248963,6432.379840279823,1.0413338299067252,-0.0413338299067251,963.0698444274312,3119.469067211121,,10446.586387032345,0.1504451038575667
L6_ctx_conditioned@R,4,3,4759.514008422693,9834.21263705236,1.0086495497145431,-0.0086495497145433,1541.615209696688,6557.109376048684,9568.329971484449,11039.48165821121,0.3582838773491592
L6_ctx_conditioned@R,4,7,7809.714362411102,12466.330667784769,0.9676240985123988,0.0323759014876012,1661.3178526611994,9209.836412310227,13680.699370696406,10419.759966967367,0.5760138476755687
L6_ctx_conditioned@R,4,14,11694.285693707205,16593.308372994798,0.8989173735577757,0.1010826264422243,1833.8692590828052,13289.034192109264,18344.4707658788,12177.298036442551,0.7429525222551929
L6_ctx_conditioned@R,4,30,14269.453126616749,20394.69933481687,0.6469975706670668,0.3530024293329332,1969.1541369240767,16670.439315311938,24635.623501557708,14009.847502545505,0.8807863501483679
L6_ctx_conditioned@R,5,1,2101.348378964648,6401.115405111336,1.0321679042637433,-0.0321679042637432,962.8447521412388,3112.8488617630114,,10383.89375935812,0.1504451038575667
L6_ctx_conditioned@R,5,3,5390.372242646903,9943.372008761731,1.1423427950244436,-0.1423427950244435,1451.2264723421524,6916.032604365984,10095.087906606415,10124.00328175425,0.3582838773491592
L6_ctx_conditioned@R,5,7,9117.074810830964,14191.879813068836,1.1296061399327304,-0.1296061399327304,1707.2338635573326,10648.222442100738,15723.960501309592,10898.258373970237,0.5760138476755687
L6_ctx_conditioned@R,5,14,13753.76854476563,19680.452298879973,1.0572258811357051,-0.0572258811357051,2058.8898773368883,15818.897286082409,24134.850282703304,13927.243499064822,0.7429525222551929
L6_ctx_conditioned@R,5,30,15485.062484081118,21980.76991544953,0.7021150509363387,0.2978849490636612,1937.2221035154437,17744.068850969183,26717.12124298796,15311.532764809594,0.8807863501483679
L6_ctx_conditioned@R,6,1,2110.710875114674,6422.920208477085,1.036766698127049,-0.0367666981270489,963.7384974689768,3118.291977965932,,10440.32259912164,0.1504451038575667
L6_ctx_conditioned@R,6,3,4875.9723143412375,9675.82045865273,1.0333297203406588,-0.0333297203406588,1504.4414019481874,6599.391857712172,9652.423099729986,10829.5338325421,0.3582838773491592
L6_ctx_conditioned@R,6,7,8047.933811924825,12645.407886002313,0.997139503223394,0.002860496776606,1717.920977761436,9389.134455701264,14501.949198304175,10780.085595348392,0.5760138476755687
L6_ctx_conditioned@R,6,14,12841.495859645367,18380.412643552816,0.9871012247389416,0.0128987752610583,2035.105818656736,14739.044939516803,21896.32167393666,13494.342266785754,0.7429525222551929
L6_ctx_conditioned@R,6,30,16498.69296819017,22854.25695258851,0.7480745179848235,0.2519254820151765,2049.868719828069,19126.055124244136,28192.64810484068,16588.02945412339,0.8807863501483679
L6_ctx_conditioned@R,7,1,2168.4507901482957,6379.830205622516,1.0651281481794117,-0.0651281481794117,944.0267388358244,3164.2308016837183,,10319.176330758264,0.1504451038575667
L6_ctx_conditioned@R,7,3,4801.045108023624,9602.244159500093,1.0174509367547953,-0.0174509367547952,1484.1845729385202,6511.509395505781,9522.582425317292,10569.82982631227,0.3582838773491592
L6_ctx_conditioned@R,7,7,7747.157569882568,12197.973141421846,0.9598733080010844,0.0401266919989155,1631.1282574368474,8975.536775325247,14373.282123836932,10308.666795545376,0.5760138476755687
L6_ctx_conditioned@R,7,14,11492.14154778548,16689.816613923536,0.8833789397028702,0.1166210602971298,1796.915267577473,13264.842950894705,20265.64832093557,12160.2129017285,0.7429525222551929
L6_ctx_conditioned@R,7,30,14377.061416530552,20236.479633835886,0.6518766856226359,0.3481233143773641,1743.2608139363588,16550.190199370096,25150.93566807137,14287.014814201524,0.8807863501483679
L6_ctx_conditioned@R,8,1,2104.451213008356,6412.956166338254,1.0336919950543195,-0.0336919950543195,959.7446206865498,3108.6118490000254,,10396.021639878676,0.1504451038575667
L6_ctx_conditioned@R,8,3,5144.36096616916,9621.872748344847,1.0902073957368577,-0.0902073957368576,1461.0175831797562,6830.22385648713,9493.317402794695,10083.295614061894,0.3582838773491592
L6_ctx_conditioned@R,8,7,9299.392910157669,14329.70157450437,1.1521953638552596,-0.1521953638552595,1773.1505767782448,10910.7342060655,15445.842943072965,10903.85093739191,0.5760138476755687
L6_ctx_conditioned@R,8,14,13029.27955004162,18805.170226163715,1.0015357978449175,-0.0015357978449175,1942.280888969885,14848.958234781385,23093.194239210872,13264.786108039112,0.7429525222551929
L6_ctx_conditioned@R,8,30,14869.865724025203,20926.23712214124,0.6742211431806182,0.3257788568193818,2046.74974016582,17363.06014558278,24145.12165376204,14821.87662631808,0.8807863501483679
L6_ctx_conditioned@R,9,1,2145.9750085412243,6402.335924398522,1.0540881984831647,-0.0540881984831647,958.2010079079738,3156.9395976643714,,10391.843468616244,0.1504451038575667
L6_ctx_conditioned@R,9,3,4757.876901135045,9581.877630251847,1.008302609349288,-0.0083026093492879,1495.5062819655482,6534.196998749843,9443.260007687575,10694.504716222258,0.3582838773491592
L6_ctx_conditioned@R,9,7,7805.403998563384,12332.54348503405,0.9670900441617706,0.0329099558382294,1651.0475394873554,9073.70604096515,14532.873455017714,10359.19729603492,0.5760138476755687
L6_ctx_conditioned@R,9,14,11682.831252213511,16724.299957701176,0.8980368925491219,0.1019631074508781,1812.041246951524,13553.44601905977,20209.13534396201,12450.872393267737,0.7429525222551929
L6_ctx_conditioned@R,9,30,15881.990955510972,21278.899682997144,0.7201123599057118,0.2798876400942882,2062.282162769556,18181.143079490783,25249.120347763743,15846.636597687411,0.8807863501483679
L7_ctx_shuffled@R,0,1,2113.475534018396,6405.858979697286,1.0381246796094268,-0.0381246796094267,961.3105077506542,3115.0310213195776,,10382.07053306913,0.1504451038575667
L7_ctx_shuffled@R,0,3,4844.957431181751,9859.425217305574,1.0267569593659238,-0.0267569593659238,1519.231191162016,6618.819298128159,9644.4858075948,11039.109570260134,0.3582838773491592
L7_ctx_shuffled@R,0,7,7937.905207178108,13029.752955642269,0.9835069522057728,0.0164930477942273,1871.402312904177,9467.462003305624,15207.451189717283,12355.387151900732,0.5760138476755687
L7_ctx_shuffled@R,0,14,12334.540713452538,17773.028520733984,0.9481325523066888,0.0518674476933113,2365.6586074109387,14447.332229631083,20399.514257297666,15806.73095900128,0.7429525222551929
L7_ctx_shuffled@R,0,30,19842.106429721367,25692.064682085504,0.8996697030386418,0.1003302969613582,3051.0188413467517,23088.724249078605,22647.70915188174,21900.33316268497,0.8807863501483679
L7_ctx_shuffled@R,1,1,2182.026918206628,6428.746127490082,1.071796649122073,-0.0717966491220729,950.5227772034984,3163.242157987525,,10414.665382416151,0.1504451038575667
L7_ctx_shuffled@R,1,3,4747.749203936926,9864.823290387378,1.0061563193708467,-0.0061563193708467,1543.2460643069394,6557.429173505572,9597.501321024643,11082.907166236708,0.3582838773491592
L7_ctx_shuffled@R,1,7,7906.725606557228,12623.162294907255,0.9796437977365174,0.0203562022634825,1767.1477741653189,9246.34387567935,14095.50275691044,11265.98065997592,0.5760138476755687
L7_ctx_shuffled@R,1,14,11920.948062813775,16807.922439791742,0.9163404763327748,0.0836595236672252,2212.847404552171,13898.1989984328,19019.112833058072,14394.619005401386,0.7429525222551929
L7_ctx_shuffled@R,1,30,19207.3264760103,24994.885009189416,0.8708878650582406,0.1291121349417594,2854.690353649458,22111.65203772933,22624.683887585885,20991.32625945484,0.8807863501483679
L7_ctx_shuffled@R,2,1,2114.88749602755,6429.952084255448,1.038818225659419,-0.0388182256594189,966.5668901665346,3112.367844293471,,10460.819310540985,0.1504451038575667
L7_ctx_shuffled@R,2,3,4747.212212948046,9938.721044644242,1.0060425187352826,-0.0060425187352826,1566.5712413516949,6587.992414429905,9653.150820854727,11246.643014596038,0.3582838773491592
L7_ctx_shuffled@R,2,7,7848.054893267119,12734.053596057902,0.9723744926861732,0.0276255073138268,1831.292180344007,9235.43419282106,14474.2457385017,11601.839335654502,0.5760138476755687
L7_ctx_shuffled@R,2,14,11994.492822899989,17058.285137526633,0.9219937213711792,0.0780062786288207,2123.019186834291,14115.552074129362,19805.902630215744,13222.05686643125,0.7429525222551929
L7_ctx_shuffled@R,2,30,17320.147666942874,23650.806930585703,0.7853204579511338,0.2146795420488662,2204.4885693273504,19678.39027074306,26028.7758661316,17569.219105792763,0.8807863501483679
L7_ctx_shuffled@R,3,1,2098.285543850397,6424.7982656310205,1.030663460672843,-0.0306634606728433,965.1556374560422,3101.0339429490887,,10421.358465765625,0.1504451038575667
L7_ctx_shuffled@R,3,3,4768.779785829256,9925.303603130136,1.010613179234773,-0.010613179234773,1555.7959757637163,6582.947881616994,9685.717800543298,11240.746562765742,0.3582838773491592
L7_ctx_shuffled@R,3,7,7814.932988443746,12590.429564602971,0.9682706866046104,0.0317293133953895,1755.1387612765209,9214.414191144564,14564.100116989328,11506.687349905777,0.5760138476755687
L7_ctx_shuffled@R,3,14,11943.86786699849,17066.978145889236,0.918102277841632,0.0818977221583679,2250.3368469717784,13909.742703160471,19494.445043403364,14980.606468034428,0.7429525222551929
L7_ctx_shuffled@R,3,30,17813.50557832666,23726.944918285168,0.8076900167073333,0.1923099832926667,2574.2877139274933,20531.82678702926,21782.52500595171,19107.04720632634,0.8807863501483679
L7_ctx_shuffled@R,4,1,2169.252167348511,6458.2031321547975,1.0655217791610956,-0.0655217791610955,962.3606041738586,3170.88034041094,,10481.624621002537,0.1504451038575667
L7_ctx_shuffled@R,4,3,4948.033608014165,9789.04534312606,1.048601151685628,-0.0486011516856279,1521.610526583868,6720.854326739624,9803.51145193708,11047.788440977854,0.3582838773491592
L7_ctx_shuffled@R,4,7,9535.471143195557,13562.50841040253,1.1814454717108254,-0.1814454717108253,1650.5346362166665,10887.333189776837,15098.576134389825,11437.614577541332,0.5760138476755687
L7_ctx_shuffled@R,4,14,15968.01899503506,20318.580252329997,1.2274310780402398,-0.2274310780402397,1904.3720580380425,17856.70195128414,23685.33658812684,16058.532295725989,0.7429525222551929
L7_ctx_shuffled@R,4,30,19859.980123443416,25499.822568749438,0.9004801220725319,0.099519877927468,1738.5962867634084,21925.457062565893,27750.92915899302,19527.78663132672,0.8807863501483679
L7_ctx_shuffled@R,5,1,2169.559748804648,6388.121874060994,1.0656728610617212,-0.0656728610617212,949.1280564940696,3159.0474589893424,,10365.74141968438,0.1504451038575667
L7_ctx_shuffled@R,5,3,4749.792393909547,9897.22422330796,1.0065893179169627,-0.0065893179169627,1558.1249493508956,6582.142947297325,9651.507284329762,11164.09221333384,0.3582838773491592
L7_ctx_shuffled@R,5,7,7840.247858374114,12819.532490611942,0.971407200574088,0.028592799425912,1825.253997086194,9507.466193005592,15783.557520382132,11998.10195970251,0.5760138476755687
L7_ctx_shuffled@R,5,14,11558.62979012418,16142.835561614864,0.8884897637190594,0.1115102362809405,2076.0277078558697,13362.786605054838,18931.05325834325,13658.706771163492,0.7429525222551929
L7_ctx_shuffled@R,5,30,17280.700995806143,22218.087741677864,0.7835318890291222,0.2164681109708778,2384.028878503579,19475.26964337762,22112.398651290143,18163.604583831475,0.8807863501483679
L7_ctx_shuffled@R,6,1,2178.6324770231363,6407.322758270962,1.0701293229054476,-0.0701293229054476,951.6641174991846,3188.1441813951774,,10383.01138425761,0.1504451038575667
L7_ctx_shuffled@R,6,3,4904.6731731672135,9783.14902201067,1.039412086792362,-0.0394120867923619,1505.912910988381,6622.40037590857,9711.790892446636,10822.953707397655,0.3582838773491592
L7_ctx_shuffled@R,6,7,7831.9472417981715,12678.764055926658,0.9703787536605808,0.0296212463394192,1795.3551990796043,9195.797213672497,14503.28664326757,11424.05585280981,0.5760138476755687
L7_ctx_shuffled@R,6,14,12308.827219398308,17638.07013925781,0.946156005201066,0.053843994798934,2097.320985248041,14314.288745071108,19144.265068843262,13527.564410792926,0.7429525222551929
L7_ctx_shuffled@R,6,30,19439.83093848075,25435.106882027983,0.8814299524846352,0.1185700475153648,2893.5938592250864,22495.315687817227,22776.07173757607,21208.897952551477,0.8807863501483679
L7_ctx_shuffled@R,7,1,2125.0912079764794,6448.397037102266,1.0438302189507107,-0.0438302189507107,964.866487952088,3117.035361057742,,10461.849036214771,0.1504451038575667
L7_ctx_shuffled@R,7,3,4797.830368604658,9784.640639636278,1.0167696601661245,-0.0167696601661244,1530.1535727516523,6584.477003495291,9646.311071114396,10996.857978208522,0.3582838773491592
L7_ctx_shuffled@R,7,7,7641.401049548376,12452.428200848646,0.946770068509674,0.0532299314903259,1790.5050604357298,8986.89881972284,14220.174795173518,11143.69336706281,0.5760138476755687
L7_ctx_shuffled@R,7,14,11322.99170453213,16311.119242132823,0.8703767147857185,0.1296232852142814,2117.6228496772624,13348.409685232113,19540.83127677784,12738.980769126112,0.7429525222551929
L7_ctx_shuffled@R,7,30,16715.441897625336,22641.196827277705,0.7579022268356734,0.2420977731643265,2274.4838444505667,19302.030302818413,25980.79097610875,17010.933083481672,0.8807863501483679
L7_ctx_shuffled@R,8,1,2258.386473796197,6432.266246837762,1.1093039388472683,-0.1093039388472683,948.8715098262744,3231.006638414513,,10484.815273389137,0.1504451038575667
L7_ctx_shuffled@R,8,3,4784.829962699379,9939.85702100983,1.0140145777061798,-0.0140145777061797,1549.9214102484266,6608.081143260734,9653.363615212107,11223.28605327734,0.3582838773491592
L7_ctx_shuffled@R,8,7,7847.641788999724,12762.848020911008,0.972323309041576,0.0276766909584239,1842.5674333662128,9348.140521048665,14413.494449650654,11719.968683875364,0.5760138476755687
L7_ctx_shuffled@R,8,14,11497.615743286644,16181.861610107384,0.8837997306405242,0.1162002693594758,2109.8558585686114,13579.99146802915,17801.133860686397,12652.252898640085,0.7429525222551929
L7_ctx_shuffled@R,8,30,16981.230994923455,22485.47691728204,0.7699534875767673,0.2300465124232327,2582.1303886709875,19657.83494408747,21282.325907766044,17757.659651037306,0.8807863501483679
L7_ctx_shuffled@R,9,1,2169.1492240192765,6448.477518333605,1.0654712141041742,-0.0654712141041742,957.0639143012064,3167.9165748790538,,10460.42437918004,0.1504451038575667
L7_ctx_shuffled@R,9,3,4818.352395524936,9895.48873873012,1.0211187456348796,-0.0211187456348795,1541.8587376094406,6641.902988263588,9683.511489478804,11204.369677750685,0.3582838773491592
L7_ctx_shuffled@R,9,7,7801.526285851883,12813.386991713876,0.9666095953140104,0.0333904046859896,1807.5596916622185,9151.368797953948,14452.460487177015,11610.818092349278,0.5760138476755687
L7_ctx_shuffled@R,9,14,11951.691559895213,17076.219267829183,0.9187036701501872,0.0812963298498127,2282.255008161197,13974.72281909721,19215.14998663486,14666.163172195713,0.7429525222551929
L7_ctx_shuffled@R,9,30,18533.93089649688,24332.86829589274,0.8403551389490358,0.1596448610509642,2881.456399175292,21415.10983046417,21320.4899572284,20291.961218200693,0.8807863501483679
L8_no_phys_anchor@R,0,1,2149.638319006537,6393.341230363236,1.0558875914460355,-0.0558875914460357,957.5991549933616,3162.413172046263,,10373.716220624034,0.1504451038575667
L8_no_phys_anchor@R,0,3,4862.361763398277,9593.04457171967,1.0304453342340751,-0.0304453342340751,1481.6196881625312,6564.44991867755,9606.804668526778,10652.06333890715,0.3582838773491592
L8_no_phys_anchor@R,0,7,7676.708773677911,12074.94097242441,0.9511446977401364,0.0488553022598635,1640.9712668020634,8839.722733908513,13774.452788732193,9986.104715075768,0.5760138476755687
L8_no_phys_anchor@R,0,14,12075.934222483886,17417.45479263271,0.9282539659838296,0.0717460340161703,1864.888108484564,13900.060099869404,21202.71662540053,12362.670140710712,0.7429525222551929
L8_no_phys_anchor@R,0,30,15056.078118317824,21187.48365728154,0.6826642815172019,0.317335718482798,1817.5860250138824,17517.25976907582,26434.897116420907,14855.60289167595,0.8807863501483679
L8_no_phys_anchor@R,1,1,2115.79687128922,6411.370224640524,1.0392649045478048,-0.0392649045478048,964.9412277307848,3116.649495000388,,10426.089656485889,0.1504451038575667
L8_no_phys_anchor@R,1,3,5100.810162988728,9564.945742769878,1.0809779874527528,-0.0809779874527527,1469.844396868528,6788.745757177544,9678.24962699941,10389.029030734842,0.3582838773491592
L8_no_phys_anchor@R,1,7,8789.18394684925,13309.025139796226,1.088980441354325,-0.0889804413543249,1728.8739308412794,10273.376380440915,14827.239523874356,10993.6180256843,0.5760138476755687
L8_no_phys_anchor@R,1,14,12520.648989645486,17845.156676220093,0.9624383395274296,0.0375616604725703,2050.0439029052704,14485.63491082434,20796.416361816824,13204.016307262897,0.7429525222551929
L8_no_phys_anchor@R,1,30,15104.93306436852,21057.7295267774,0.6848794351835265,0.3151205648164735,2127.33313518761,17484.354379423956,25109.274816323163,14962.939385938833,0.8807863501483679
L8_no_phys_anchor@R,2,1,2144.33708371012,6438.282940852275,1.053283661045591,-0.0532836610455906,961.4317759680412,3144.607585227484,,10440.33849748864,0.1504451038575667
L8_no_phys_anchor@R,2,3,4783.375303778802,9555.514662585692,1.013706302310282,-0.0137063023102819,1504.6762251369937,6522.742913986174,9483.57702249174,10636.881044323794,0.3582838773491592
L8_no_phys_anchor@R,2,7,7783.341137962646,12216.92655014441,0.9643564543518608,0.0356435456481393,1682.6196072382636,9234.927683121296,14534.461722551789,10444.71014992548,0.5760138476755687
L8_no_phys_anchor@R,2,14,11772.214549677085,16773.457330035868,0.904907615661276,0.0950923843387241,1912.286377185868,13452.01501794723,19657.204703457475,12524.311632281804,0.7429525222551929
L8_no_phys_anchor@R,2,30,14486.90644248258,20387.862167798903,0.6568572174138828,0.3431427825861172,2037.3621413193148,16914.954244813634,25407.24069159567,14266.987365191051,0.8807863501483679
L8_no_phys_anchor@R,3,1,2148.2126900531016,6389.835159839653,1.055187332286795,-0.055187332286795,953.6422518641364,3154.486199750363,,10356.745299910424,0.1504451038575667
L8_no_phys_anchor@R,3,3,4804.914478693905,9695.875514423198,1.0182709446331943,-0.0182709446331943,1528.413998611977,6600.204391480546,9636.593124162497,10899.37887947388,0.3582838773491592
L8_no_phys_anchor@R,3,7,7965.758209780281,12662.553994527718,0.9869579409722132,0.0130420590277867,1690.5172511082142,9307.28672986319,14731.340002200428,10624.860945977533,0.5760138476755687
L8_no_phys_anchor@R,3,14,12302.329285386108,17714.764012226027,0.9456565214421784,0.0543434785578216,1964.5991880887643,14173.399403208476,21300.963195660748,13037.118077977128,0.7429525222551929
L8_no_phys_anchor@R,3,30,15766.097320748877,22311.465188641738,0.7148575754734349,0.2851424245265651,2035.513869349773,18035.06726732469,25519.045021243302,15816.659476966404,0.8807863501483679
L8_no_phys_anchor@R,4,1,2135.213460176971,6393.641958066079,1.0488021997725476,-0.0488021997725476,955.9691861368672,3129.1771006027625,,10356.04256289266,0.1504451038575667
L8_no_phys_anchor@R,4,3,4762.126021257589,9847.610716845707,1.0092030947960589,-0.0092030947960588,1544.0073217116876,6556.942833708995,9586.693033652871,11062.974262339452,0.3582838773491592
L8_no_phys_anchor@R,4,7,7820.457657843194,12471.51530343867,0.9689551934891324,0.0310448065108676,1655.718701535507,9256.5798590809,13635.852759707535,10375.920492608077,0.5760138476755687
L8_no_phys_anchor@R,4,14,11685.960627770766,16596.36113046354,0.898277441662636,0.1017225583373639,1827.9662513314656,13401.230489846836,18295.98379483469,12154.199688845934,0.7429525222551929
L8_no_phys_anchor@R,4,30,14155.76643333807,20320.047012337876,0.6418428521424111,0.3581571478575889,1978.1547608332396,16496.065952339843,24603.282427195765,13880.64336396976,0.8807863501483679
L8_no_phys_anchor@R,5,1,2101.120018070626,6406.5226125840345,1.0320557349596156,-0.0320557349596155,964.431101177275,3116.562861435729,,10393.831718379291,0.1504451038575667
L8_no_phys_anchor@R,5,3,5023.690067195396,9633.780962793948,1.0646344805824652,-0.0646344805824652,1479.7110877645332,6640.23120289722,9688.089497953742,10460.346537549687,0.3582838773491592
L8_no_phys_anchor@R,5,7,8550.39343718119,13315.42614559177,1.05939428225445,-0.0593942822544499,1716.2630770506364,9993.67784833444,14821.813075374648,10599.64260600738,0.5760138476755687
L8_no_phys_anchor@R,5,14,13508.068203656823,19299.54907903173,1.0383393658669169,-0.0383393658669166,2065.97415782657,15460.90074745619,23734.848437721088,13742.28082225672,0.7429525222551929
L8_no_phys_anchor@R,5,30,15318.063420533705,21681.070882452397,0.6945430727070322,0.3054569272929678,1881.441398347249,17458.99377260936,26065.23785834249,15062.695278399577,0.8807863501483679
L8_no_phys_anchor@R,6,1,2115.3378672532062,6440.595056632433,1.039039444915007,-0.0390394449150073,966.3075384938968,3126.0814480511367,,10460.217994661276,0.1504451038575667
L8_no_phys_anchor@R,6,3,4886.4648693091885,9712.56703570413,1.0355533320003891,-0.0355533320003891,1502.6570488688558,6602.459810410715,9661.391846431805,10809.833437698224,0.3582838773491592
L8_no_phys_anchor@R,6,7,8013.134773545156,12661.996043533394,0.9928279001891916,0.0071720998108083,1695.338229804352,9346.533977828514,14456.65072667002,10670.560433639012,0.5760138476755687
L8_no_phys_anchor@R,6,14,12757.628264299014,18450.352888242727,0.9806544830986276,0.0193455169013724,1998.657537058742,14738.243518581536,21970.90025355045,13253.97100679696,0.7429525222551929
L8_no_phys_anchor@R,6,30,16348.832645130671,22838.87108603756,0.7412796349505172,0.2587203650494828,2005.6974500592803,18953.30102074669,28244.07894803386,16415.01824384515,0.8807863501483679
L8_no_phys_anchor@R,7,1,2150.719139025901,6380.486665239596,1.056418482822944,-0.0564184828229441,948.7946220518417,3157.4781963879045,,10323.417808724162,0.1504451038575667
L8_no_phys_anchor@R,7,3,4817.12203389516,9621.234811718232,1.0208580039495596,-0.0208580039495596,1483.4979704820064,6500.909575436915,9557.124478289305,10592.73779094456,0.3582838773491592
L8_no_phys_anchor@R,7,7,7739.211006653008,12216.162452027089,0.9588887283193634,0.0411112716806365,1634.028152593111,8923.292943437425,14343.747839273232,10374.004553094936,0.5760138476755687
L8_no_phys_anchor@R,7,14,11625.378798470108,16865.168645187834,0.8936206323194558,0.1063793676805442,1815.4295786447344,13409.929613251928,20412.569621984545,12279.2950272851,0.7429525222551929
L8_no_phys_anchor@R,7,30,14622.81352398351,20573.03500027001,0.6630194403657586,0.3369805596342414,1768.1389117288425,16842.292854047926,25528.55319485113,14552.933031725495,0.8807863501483679
L8_no_phys_anchor@R,8,1,2116.1315719021177,6428.1719451128565,1.0394293071921397,-0.0394293071921396,964.8126688318448,3117.342354805883,,10427.022360639,0.1504451038575667
L8_no_phys_anchor@R,8,3,5193.813506543728,9710.168913550093,1.1006875167098766,-0.1006875167098766,1465.8216160663992,6872.309636968871,9587.09471314707,10242.698006802602,0.3582838773491592
L8_no_phys_anchor@R,8,7,9317.116192540769,14049.981654315125,1.1543912796522786,-0.1543912796522786,1761.2563010195709,10783.15596233199,15225.03702731619,11071.516344861902,0.5760138476755687
L8_no_phys_anchor@R,8,14,13154.951540309548,18694.198955630683,1.0111959633633822,-0.0111959633633822,1922.5967277161867,14948.643336261255,22674.485813454336,13489.755591639288,0.7429525222551929
L8_no_phys_anchor@R,8,30,14929.255374337488,21100.1909038696,0.6769139555213476,0.3230860444786524,2021.731266313889,17356.786560218094,24564.42863360369,14862.121677442165,0.8807863501483679
L8_no_phys_anchor@R,9,1,2149.122417828071,6403.048909343644,1.0556341843272945,-0.0556341843272945,958.0132989979408,3160.0300934963348,,10393.406673313302,0.1504451038575667
L8_no_phys_anchor@R,9,3,4793.0346479991895,9578.793269541036,1.0157533376128758,-0.0157533376128757,1482.9209572207046,6530.843322108366,9489.507977126515,10653.298280120209,0.3582838773491592
L8_no_phys_anchor@R,9,7,7895.937654772284,12452.803991564164,0.9783071698348692,0.0216928301651309,1644.272183244803,9163.425208350183,14667.17952299356,10417.765891510817,0.5760138476755687
L8_no_phys_anchor@R,9,14,11880.892058292313,17031.209545402668,0.913261447880526,0.0867385521194741,1802.83759353291,13673.015222536842,20697.600887993667,12580.846630642807,0.7429525222551929
L8_no_phys_anchor@R,9,30,15688.472792185416,21076.7180766743,0.711337967471706,0.288662032528294,2032.8128189949573,17963.099041375557,25217.142115483806,15616.601038843126,0.8807863501483679
L1_encoder_only@S,0,1,2580.653996225678,6143.319525829776,1.2675995344601183,-0.2675995344601183,924.1319379315192,3564.390480823756,,9685.082174041603,0.1504451038575667
L1_encoder_only@S,0,3,4752.881837528516,8965.848477030124,1.007244041468491,-0.0072440414684906,1378.5311637662526,6227.815842551376,9208.951514637944,10058.146130276413,0.3582838773491592
L1_encoder_only@S,0,7,7471.593935298397,11931.965187173522,0.9257309564215336,0.0742690435784664,1713.0364776504982,8896.488093022688,14741.29976499294,11047.344875470337,0.5760138476755687
L1_encoder_only@S,0,14,10935.171387100498,15917.744851224656,0.8405657087705687,0.1594342912294313,2047.039502905295,13047.191773098237,19258.11974949272,13200.903317754952,0.7429525222551929
L1_encoder_only@S,0,30,16370.473253172027,21682.32357628351,0.7422608513087249,0.2577391486912751,2062.1498469674484,18468.93055209047,20955.728577786875,16964.107694287093,0.8807863501483679
L1_encoder_only@S,1,1,3523.2472019880665,7141.318156821631,1.7305948490420684,-0.7305948490420684,882.8989498265362,4383.2182586476965,,10178.07387219726,0.1504451038575667
L1_encoder_only@S,1,3,4966.161735688909,9437.196394402585,1.0524429153161037,-0.0524429153161036,1395.2537588111863,6560.946492561628,9570.720933694012,10130.714470996938,0.3582838773491592
L1_encoder_only@S,1,7,7754.832254009434,12631.053574448828,0.960824201844958,0.0391757981550421,1841.460872165213,9363.274819323848,15790.014227012494,11660.745878685788,0.5760138476755687
L1_encoder_only@S,1,14,11641.97279785245,16122.56783421544,0.8948961813125527,0.1051038186874473,2064.438899416216,13355.210582044076,18655.87909287135,14078.788154333366,0.7429525222551929
L1_encoder_only@S,1,30,16889.255546425567,21856.257729568075,0.7657831881818908,0.2342168118181091,2051.8835327376864,18891.93023906336,21949.148997757697,17547.136400845775,0.8807863501483679
L1_encoder_only@S,2,1,2528.0119536800644,6278.152529157703,1.2417421243921885,-0.2417421243921884,869.8454151929238,3474.8456910049003,,9795.436165276147,0.1504451038575667
L1_encoder_only@S,2,3,4713.133375969398,9338.25929276506,0.9988204360788436,0.0011795639211564,1430.3535967689854,6290.83301941263,9344.360106272015,10379.721745781138,0.3582838773491592
L1_encoder_only@S,2,7,7635.364477923034,12219.11638000879,0.9460221369073109,0.0539778630926891,1717.0516181642688,8985.020475675992,15101.77712055468,11266.37109464095,0.5760138476755687
L1_encoder_only@S,2,14,10822.30885039522,15317.693094616056,0.8318901814467604,0.1681098185532396,1843.166315137075,12790.085395323702,18361.028668601637,12939.22200631908,0.7429525222551929
L1_encoder_only@S,2,30,16321.243366474975,21237.516879028382,0.74002869729311,0.2599713027068899,2022.3325052989965,18411.09519053171,19676.84451778947,16943.266738941977,0.8807863501483679
L1_encoder_only@S,3,1,2571.332821666776,6379.003952786733,1.2630210374788235,-0.2630210374788235,892.9394764829133,3552.2503747030123,,10241.279326284925,0.1504451038575667
L1_encoder_only@S,3,3,4866.6105817551725,9474.123821778883,1.031345755729824,-0.031345755729824,1402.6735066328035,6454.181875404708,9709.569261368728,10660.609071702827,0.3582838773491592
L1_encoder_only@S,3,7,7657.265805912839,12396.743977856178,0.9487357128166116,0.0512642871833883,1735.0088301701849,9151.13920560471,15469.85968785125,11323.487997876846,0.5760138476755687
L1_encoder_only@S,3,14,10795.108318344708,15592.129319151529,0.8297993285746285,0.1702006714253715,1916.1229744024856,13093.82399275196,18654.078839151167,12943.050046002623,0.7429525222551929
L1_encoder_only@S,3,30,16277.41346595274,21584.63873034757,0.7380413864334128,0.2619586135665872,2021.250911001596,18427.337570932297,19710.50436350457,16908.184284940577,0.8807863501483679
L1_encoder_only@S,4,1,2371.895068954725,6273.932951593208,1.1650585818914765,-0.1650585818914764,894.9244411028568,3341.151032835293,,9921.390114577707,0.1504451038575667
L1_encoder_only@S,4,3,4753.060418294588,9354.742353499936,1.0072818868050035,-0.0072818868050035,1408.6665142546892,6288.756862806084,9441.881724579398,10396.679781055658,0.3582838773491592
L1_encoder_only@S,4,7,7368.477994326534,12029.669070166135,0.912954884878457,0.087045115121543,1722.347645406731,8882.018753627668,14464.335184514175,10869.02338418158,0.5760138476755687
L1_encoder_only@S,4,14,10798.522098512212,15520.056622485608,0.8300617393265505,0.1699382606734495,1843.6828107423823,13027.453244156148,18727.26448804281,12790.721806634989,0.7429525222551929
L1_encoder_only@S,4,30,16027.201811931904,21237.101626117877,0.7266964294215632,0.2733035705784368,1946.6556310171452,18197.194769143844,20612.97921555268,16418.98756450313,0.8807863501483679
L1_encoder_only@S,5,1,2587.76510651619,6247.063220303395,1.2710924630382738,-0.2710924630382738,899.7550520126558,3567.1805231797293,,9708.284467882646,0.1504451038575667
L1_encoder_only@S,5,3,4771.761634909087,9117.956635445784,1.011245101049976,-0.0112451010499761,1408.3495456548603,6334.572044814751,9311.015392181316,10113.921702172946,0.3582838773491592
L1_encoder_only@S,5,7,7369.786482420164,11520.26372737466,0.9131170066351896,0.0868829933648105,1665.3343589715903,8649.478199610418,13969.458236061386,10429.78539987498,0.5760138476755687
L1_encoder_only@S,5,14,10668.863584049075,15064.676251299248,0.8200951373182446,0.1799048626817554,1815.0268322910683,12504.095138317089,18285.71521916861,12503.119274205024,0.7429525222551929
L1_encoder_only@S,5,30,15973.169022982594,20987.782319210408,0.7242465048956288,0.2757534951043712,1986.7418053295328,18206.08143721943,19961.34904339695,16457.580808674786,0.8807863501483679
L1_encoder_only@S,6,1,2526.1868141685263,6374.11465559933,1.2408456283882552,-0.2408456283882551,882.7266414961173,3467.7753814564085,,10192.445413175094,0.1504451038575667
L1_encoder_only@S,6,3,4777.456752198724,9439.251118551972,1.0124520262695675,-0.0124520262695675,1399.4103582537668,6346.691592744984,9395.290339292484,10422.974153957604,0.3582838773491592
L1_encoder_only@S,6,7,7331.5950440259,11765.943756993773,0.9083850850267616,0.0916149149732382,1673.2718562424927,8697.110564283297,14052.68748637886,10472.397780009738,0.5760138476755687
L1_encoder_only@S,6,14,10768.613443441269,15347.798321917882,0.827762718217678,0.172237281782322,1725.989635167266,12651.255822738844,18517.195480459955,12142.585400758564,0.7429525222551929
L1_encoder_only@S,6,30,16054.039929971466,21353.53877376484,0.7279133083740217,0.2720866916259783,2004.536474775045,18324.26925969461,21332.764882358475,16373.652485112412,0.8807863501483679
L1_encoder_only@S,7,1,2975.184504763573,6727.868167158921,1.461390212979741,-0.4613902129797409,886.9397289820945,3852.1104865130983,,10517.61088475901,0.1504451038575667
L1_encoder_only@S,7,3,4833.610497329557,9147.157804992625,1.0243522853381968,-0.0243522853381967,1400.6961701876646,6306.872018742139,9431.0092024831,10378.083925616056,0.3582838773491592
L1_encoder_only@S,7,7,7552.990289129711,12225.251787539148,0.935815969757912,0.064184030242088,1752.617061694279,9061.326030526632,14998.36209942809,11212.59201483527,0.5760138476755687
L1_encoder_only@S,7,14,10711.48931159292,15377.618315467796,0.823371695464102,0.1766283045358979,1933.7352628066776,12814.725862706457,18256.05401784728,12727.33627460948,0.7429525222551929
L1_encoder_only@S,7,30,16066.390620663537,21434.5942466038,0.7284733064904824,0.2715266935095176,2008.679415158782,18209.446333593445,20734.155210636716,16579.58567777764,0.8807863501483679
L1_encoder_only@S,8,1,2454.5875090846785,6238.419055178431,1.2056765410465609,-0.2056765410465608,885.7647928296511,3376.371106558639,,10031.951763514937,0.1504451038575667
L1_encoder_only@S,8,3,4973.106674019919,9483.230746593534,1.053914706114066,-0.0539147061140659,1407.8028980964575,6512.666395409199,9722.270443479798,10492.298429538429,0.3582838773491592
L1_encoder_only@S,8,7,7446.254004757772,12063.936686007812,0.922591337440876,0.0774086625591239,1713.8622328566476,8899.279908602419,14636.004715530202,11019.591234931177,0.5760138476755687
L1_encoder_only@S,8,14,10881.01176816854,15597.637153731175,0.8364025624546373,0.1635974375453627,1965.624064259844,13078.25984373911,18601.391553454137,12906.937175611509,0.7429525222551929
L1_encoder_only@S,8,30,16256.180462250168,21370.208607940054,0.7370786514433868,0.2629213485566132,2027.120698880285,18433.79809475213,20599.483462433043,16787.085258532465,0.8807863501483679
L1_encoder_only@S,9,1,2742.76735574292,6287.233064470227,1.3472285042307142,-0.3472285042307141,882.6835100136523,3710.112829748881,,9643.358569515178,0.1504451038575667
L1_encoder_only@S,9,3,4869.836214577452,9427.681906049029,1.0320293408790595,-0.0320293408790597,1390.8923435918482,6405.971996253115,9536.867397678623,10502.324096027767,0.3582838773491592
L1_encoder_only@S,9,7,7551.397555566646,12249.86404723569,0.9356186299697182,0.0643813700302817,1732.616476590052,8889.560167421434,14921.85024269828,11056.137400595908,0.5760138476755687
L1_encoder_only@S,9,14,10666.350284635775,15193.276486879968,0.8199019447995444,0.1800980552004556,1847.4433418728845,12506.703121180017,17969.318952885642,12461.606870167969,0.7429525222551929
L1_encoder_only@S,9,30,16260.140632094945,21269.24203150454,0.7372582112517595,0.2627417887482405,2017.7674144156856,18384.17967916385,19785.56832713775,16860.287517809036,0.8807863501483679
L2_fixed_physical@S,0,1,2536.006786100939,6249.687307465212,1.2456691312166634,-0.2456691312166634,904.9404206814064,3492.7480786777014,,9890.052536715955,0.1504451038575667
L2_fixed_physical@S,0,3,4685.3473925312455,9011.781312556644,0.992931952583749,0.007068047416251,1371.0147568789914,6253.291361259299,9149.72137681305,9758.772719123006,0.3582838773491592
L2_fixed_physical@S,0,7,7003.128101171599,11230.893569320906,0.8676880102399712,0.1323119897600287,1565.4676000667491,8388.34858282818,14111.91799480554,9762.465657902096,0.5760138476755687
L2_fixed_physical@S,0,14,10080.66811298179,14531.88741495753,0.7748816765016594,0.2251183234983406,1682.408113242716,11725.690336537422,18233.267226035627,11521.717907412249,0.7429525222551929
L2_fixed_physical@S,0,30,15479.760893523286,20708.90228555874,0.7018746691795081,0.2981253308204918,2168.8508271472265,17680.46419043066,19422.52168770154,15921.215588543688,0.8807863501483679
L2_fixed_physical@S,1,1,2816.562584934529,6578.723851185557,1.3834762144256771,-0.3834762144256771,908.2164950972826,3796.11945547371,,10383.058202751614,0.1504451038575667
L2_fixed_physical@S,1,3,4835.007671416222,9422.628160728753,1.0246483783869609,-0.0246483783869606,1437.5898884411274,6472.193286145705,9700.272790292103,10357.463815534213,0.3582838773491592
L2_fixed_physical@S,1,7,7575.696221207939,12017.079042590169,0.9386292361641492,0.0613707638358509,1663.0565298686463,9183.342231778455,16053.576924460767,10674.43609501543,0.5760138476755687
L2_fixed_physical@S,1,14,10685.998176660967,15466.702472617886,0.8214122406789014,0.1785877593210986,1845.1131768544933,12607.427599248826,20364.42519880235,12638.98142768922,0.7429525222551929
L2_fixed_physical@S,1,30,15844.350142456044,21120.040428528984,0.7184056711918294,0.2815943288081706,2180.0776182159548,17963.864519707266,19898.903038964483,16441.40540840165,0.8807863501483679
L2_fixed_physical@S,2,1,2471.172203993225,6260.362363497313,1.213822829381217,-0.213822829381217,886.3384623630012,3425.880456697928,,9917.26145194283,0.1504451038575667
L2_fixed_physical@S,2,3,4723.579490723213,9368.264966819464,1.0010342059982211,-0.0010342059982211,1442.4893526905248,6325.624700363084,9473.852435573632,10406.834793053304,0.3582838773491592
L2_fixed_physical@S,2,7,7505.95486910564,11778.573207564965,0.92998827827178,0.0700117217282199,1630.9168633378033,8932.949118007746,15378.642729046143,10693.302931394855,0.5760138476755687
L2_fixed_physical@S,2,14,11042.011435548002,15754.707100452686,0.8487782989412446,0.1512217010587554,1824.788222062583,13116.140283240242,20545.044628255768,12989.22209253671,0.7429525222551929
L2_fixed_physical@S,2,30,16236.192321307512,21060.411551268026,0.736172360325059,0.263827639674941,2216.082583982705,18457.43543216047,19393.59316480975,16849.872490565827,0.8807863501483679
L2_fixed_physical@S,3,1,2436.5790788074232,6281.17606394744,1.1968309236684884,-0.1968309236684884,910.3538825324744,3390.4198043979613,,10156.409830040411,0.1504451038575667
L2_fixed_physical@S,3,3,4768.173993846947,9178.588287789476,1.0104847980998304,-0.0104847980998303,1352.4836692372512,6312.648181460072,9474.854128976938,9918.286128921603,0.3582838773491592
L2_fixed_physical@S,3,7,6986.845670186388,11208.925062518823,0.86567061602137,0.13432938397863,1581.326200209544,8335.448617161313,14098.9419911628,9768.95695682118,0.5760138476755687
L2_fixed_physical@S,3,14,9695.305688832785,14052.27354286,0.7452596040419206,0.2547403959580794,1669.3718924269938,11397.239373584,17353.657366410363,11107.415306580717,0.7429525222551929
L2_fixed_physical@S,3,30,15055.752158687354,20767.00593848708,0.6826495020377658,0.3173504979622342,2118.667118383675,17337.66246801362,19705.71341515632,15515.219732645945,0.8807863501483679
L2_fixed_physical@S,4,1,2436.9638303436727,6437.712492567317,1.1970199109829234,-0.1970199109829233,914.0488949945076,3453.65261206128,,10187.6963823408,0.1504451038575667
L2_fixed_physical@S,4,3,4742.591317889451,9356.0638918351,1.0050632457019684,-0.0050632457019683,1378.798746261729,6332.847387288728,9365.14938683578,10000.38477292114,0.3582838773491592
L2_fixed_physical@S,4,7,6880.02083076483,10888.055823949528,0.8524350117281415,0.1475649882718585,1531.357668241976,8356.512063316657,13066.302924542357,9322.139262316388,0.5760138476755687
L2_fixed_physical@S,4,14,9811.15022593528,13792.078805174931,0.7541643520325761,0.2458356479674238,1690.7676103584884,11551.659276952952,16476.198425909995,10907.36220474623,0.7429525222551929
L2_fixed_physical@S,4,30,14981.618429896123,20527.28437534872,0.6792881719288391,0.3207118280711609,2101.504593446469,17225.432657344023,19692.135491872803,15259.019439062198,0.8807863501483679
L2_fixed_physical@S,5,1,2459.075552981629,6274.463457955759,1.2078810374117197,-0.2078810374117194,909.9366508274549,3429.660644766746,,10094.610279805122,0.1504451038575667
L2_fixed_physical@S,5,3,4691.322961244773,9137.519710443028,0.9941983118552044,0.0058016881447956,1357.3459157988138,6253.656779375821,9308.137511016486,9759.421968727313,0.3582838773491592
L2_fixed_physical@S,5,7,6944.104423879097,11102.46785277724,0.8603749729276294,0.1396250270723705,1575.24046080087,8239.658553354066,13723.741789268855,9532.300642929857,0.5760138476755687
L2_fixed_physical@S,5,14,9651.478325219412,13643.228073206716,0.7418906784297735,0.2581093215702265,1569.4250846075545,11120.940366376968,16350.959053373814,10785.758352046356,0.7429525222551929
L2_fixed_physical@S,5,30,15214.525721876256,19999.07760394252,0.6898485242257821,0.3101514757742178,2019.991017351744,17522.92378509052,18105.94892149788,15591.661066582628,0.8807863501483679
L2_fixed_physical@S,6,1,2475.503382976809,6270.737622855947,1.2159502747773392,-0.2159502747773392,890.3050275226586,3420.741660108154,,9852.777627247837,0.1504451038575667
L2_fixed_physical@S,6,3,4724.95772198721,9188.178841977737,1.0013262846309077,-0.0013262846309076,1371.4948547538454,6266.442907677262,9227.168800348714,9906.407368418986,0.3582838773491592
L2_fixed_physical@S,6,7,7334.796528017129,11775.738078856011,0.9087817490937378,0.0912182509062622,1636.889755015526,8790.632049966258,14949.675870626124,10334.846738889508,0.5760138476755687
L2_fixed_physical@S,6,14,10887.14955051385,16080.618572960402,0.836874362043755,0.163125637956245,1741.9331286867332,12806.019422617524,21003.4358790456,12637.46448015958,0.7429525222551929
L2_fixed_physical@S,6,30,16146.855316980113,21413.31222610517,0.7321216917915406,0.2678783082084593,2219.545634162513,18336.81029591364,21120.889354615207,16691.51284556636,0.8807863501483679
L2_fixed_physical@S,7,1,2839.148643795057,6594.998548820973,1.3945703315520983,-0.3945703315520983,892.9981221516824,3878.730234699912,,10463.91167753267,0.1504451038575667
L2_fixed_physical@S,7,3,4925.68046747722,9471.656794165352,1.0438640114865665,-0.0438640114865662,1396.024152215366,6585.68775881207,9767.11504793113,10351.372380566208,0.3582838773491592
L2_fixed_physical@S,7,7,7587.080038690746,12037.847028672712,0.940039691863073,0.0599603081369269,1596.0692522084746,8987.909386320414,15931.534209367072,10699.749081180582,0.5760138476755687
L2_fixed_physical@S,7,14,10361.491390371062,14972.015879301864,0.7964680247025152,0.2035319752974848,1805.8374684013309,12293.089727629424,19185.38466683039,12287.506642726106,0.7429525222551929
L2_fixed_physical@S,7,30,15926.543967649117,21204.236873989063,0.7221324576882617,0.2778675423117382,2198.4326408552847,18058.37054250734,20195.73033635355,16526.753187684182,0.8807863501483679
L2_fixed_physical@S,8,1,2470.1776850415663,6331.679445780139,1.213334328496566,-0.2133343284965658,908.5824753462764,3472.834833966451,,10229.954809465133,0.1504451038575667
L2_fixed_physical@S,8,3,5008.556961067236,9681.893661519664,1.0614274303132696,-0.0614274303132695,1423.9337300857835,6638.63821688648,9928.296081114144,10380.084866460442,0.3582838773491592
L2_fixed_physical@S,8,7,7212.795828710222,11721.31800537713,0.8936658548104695,0.1063341451895305,1648.549792621323,8636.956725861472,14575.59040565394,10175.431784085886,0.5760138476755687
L2_fixed_physical@S,8,14,9757.338163081298,14087.927132803226,0.7500279216875866,0.2499720783124134,1651.474333164808,11344.512559520515,16698.382768145057,11154.965110469848,0.7429525222551929
L2_fixed_physical@S,8,30,15411.09575311715,20807.27724396045,0.6987612927495863,0.3012387072504137,2172.3749650673813,17776.289503978078,20282.21365788536,15765.018761981875,0.8807863501483679
L2_fixed_physical@S,9,1,2561.6171053026374,6253.385905674532,1.2582487442701482,-0.2582487442701482,891.625369116544,3497.797975486606,,9800.0091275102,0.1504451038575667
L2_fixed_physical@S,9,3,4781.331576789178,9172.250098841245,1.0132731899580174,-0.0132731899580174,1330.9266688147345,6268.994151023371,9249.821448893004,9795.217824737028,0.3582838773491592
L2_fixed_physical@S,9,7,6937.359753480487,11082.210271425536,0.8595393078429203,0.1404606921570796,1524.2877443167908,8307.736813221418,13806.374610107834,9796.218697296785,0.5760138476755687
L2_fixed_physical@S,9,14,10315.76570243844,14941.54898619128,0.7929531785308818,0.2070468214691182,1706.5630136495645,12079.111033170191,18772.557907512168,11988.22570446529,0.7429525222551929
L2_fixed_physical@S,9,30,15896.12314294836,21074.417194111247,0.7207531336521945,0.2792468663478055,2195.214133506426,17983.800328247224,20397.21722711878,16372.316857245887,0.8807863501483679
L3_learned_static@S,0,1,2349.591979726606,6257.813343082539,1.1541034575067528,-0.1541034575067528,891.0641436976783,3282.489448803297,,9954.830735567411,0.1504451038575667
L3_learned_static@S,0,3,4676.026252412547,9069.748624450323,0.9909565904423804,0.0090434095576195,1371.0380299281069,6264.130455581581,9281.2643742541,10033.514942159138,0.3582838773491592
L3_learned_static@S,0,7,7024.071711362971,11189.585434457102,0.8702829248540781,0.1297170751459219,1547.316217371018,8534.288124094259,14107.099062520652,9985.246750702025,0.5760138476755687
L3_learned_static@S,0,14,10303.128634451388,14730.274450056597,0.7919817912856989,0.2080182087143011,1723.6703397758238,12149.028332497945,18787.45752334358,12091.476962550583,0.7429525222551929
L3_learned_static@S,0,30,16043.61186690034,20902.429276050847,0.7274404849648893,0.2725595150351106,2165.7115572350094,18225.127768836897,19557.147627715676,16603.242856349232,0.8807863501483679
L3_learned_static@S,1,1,3370.3889148477906,6934.584133385821,1.6555119073145947,-0.6555119073145947,873.642819271042,4353.115616952565,,10359.224665858395,0.1504451038575667
L3_learned_static@S,1,3,5078.85618408442,9646.611784327824,1.0763254387057408,-0.0763254387057408,1379.471041923764,6672.133823359381,10038.98335154264,10099.334003198344,0.3582838773491592
L3_learned_static@S,1,7,7350.183219771038,11786.478844734203,0.9106881611654934,0.0893118388345065,1591.4470712361597,8868.960213652794,15176.729905113038,10105.194349483483,0.5760138476755687
L3_learned_static@S,1,14,10122.83818760453,14784.507374027968,0.7781232094790012,0.2218767905209988,1694.4571459244992,11922.955114021772,18073.15363181218,11518.927745125153,0.7429525222551929
L3_learned_static@S,1,30,15576.466555104846,20575.227258627918,0.7062594432530367,0.2937405567469633,2190.5085376075904,18042.12067599157,20547.64092563238,15978.66555013448,0.8807863501483679
L3_learned_static@S,2,1,2572.974047924083,6272.291024581243,1.263827196554294,-0.263827196554294,897.3247060004982,3562.898588703973,,9965.297158895024,0.1504451038575667
L3_learned_static@S,2,3,4751.990814906326,9110.324728025498,1.007055213456835,-0.0070552134568349,1342.2796517568436,6329.076725360072,9223.421071530456,9734.383003482431,0.3582838773491592
L3_learned_static@S,2,7,6801.942751072467,10664.134265622426,0.8427611327653548,0.1572388672346452,1442.022814871824,8460.033175809336,12918.746145303294,9138.677886232,0.5760138476755687
L3_learned_static@S,2,14,9643.500053339052,13622.381981572596,0.74127740393041,0.25872259606959,1565.4887662322803,11256.795641592142,16423.555303195015,10862.473149446258,0.7429525222551929
L3_learned_static@S,2,30,15177.778813228177,19820.8780097187,0.6881823664260495,0.3118176335739505,2091.165895037784,17554.562711778744,17888.825552759565,15641.225191752605,0.8807863501483679
L3_learned_static@S,3,1,2474.7469685643905,6508.463448723762,1.215578729208486,-0.2155787292084861,928.4031719705176,3497.3814084136484,,10237.81594492959,0.1504451038575667
L3_learned_static@S,3,3,4719.630807442712,9328.986824077612,1.0001973899691483,-0.0001973899691485,1377.6203223801765,6295.906465224211,9310.203064376989,9794.716451976949,0.3582838773491592
L3_learned_static@S,3,7,6943.941186988273,11259.083293269725,0.8603547478666352,0.1396452521333647,1552.108784325288,8551.543416441642,13950.214345633996,9403.859866697809,0.5760138476755687
L3_learned_static@S,3,14,9763.038571998202,14250.82044986491,0.750466101217829,0.249533898782171,1570.189434445961,11344.46241682769,17832.852289630628,10894.371228412709,0.7429525222551929
L3_learned_static@S,3,30,15262.346860985766,20298.72958766685,0.692016803595415,0.307983196404585,2074.670535849629,17612.418512781085,18891.143581662327,15651.069952823222,0.8807863501483679
L3_learned_static@S,4,1,2467.2648203134195,6166.088270504401,1.211903549330221,-0.211903549330221,872.7091465569858,3410.660308114392,,9719.601151415478,0.1504451038575667
L3_learned_static@S,4,3,4720.639731618432,8950.136752372753,1.0004112040085096,-0.0004112040085095,1317.950402799295,6261.8180655169945,9185.465497051411,9615.756871583451,0.3582838773491592
L3_learned_static@S,4,7,7334.798694848767,11393.810943329234,0.9087820175643132,0.0912179824356866,1565.137002247498,8983.47132996321,14628.56160914036,9985.422856272273,0.5760138476755687
L3_learned_static@S,4,14,10088.688895062662,14354.16370595702,0.7754982186788268,0.2245017813211731,1651.271559797797,11972.66234149886,18009.246414393343,11523.979722917498,0.7429525222551929
L3_learned_static@S,4,30,15318.854213227149,20293.649654015106,0.6945789283874861,0.3054210716125138,2141.872053966086,17510.752079633214,19229.60443415173,15646.8545420209,0.8807863501483679
L3_learned_static@S,5,1,2506.6564904774264,6244.148860685166,1.2312524674085574,-0.2312524674085574,903.2396567911562,3491.065299135095,,10090.74746834416,0.1504451038575667
L3_learned_static@S,5,3,4839.48356806445,9148.878605520897,1.0255969229507154,-0.0255969229507153,1363.769875973686,6466.433357942295,9549.082496037274,10034.661351876532,0.3582838773491592
L3_learned_static@S,5,7,7247.127646057946,11352.437993421354,0.8979195691295585,0.1020804308704415,1587.8068512960515,8900.71668216766,14617.804697395595,9932.381619858175,0.5760138476755687
L3_learned_static@S,5,14,9927.634710849356,13864.687215464048,0.7631182915874767,0.2368817084125233,1675.1055294269586,11782.26143970316,16889.59683076763,11156.700460936678,0.7429525222551929
L3_learned_static@S,5,30,15491.037876125793,20347.00356179518,0.702385983823702,0.297614016176298,2167.062584167177,17844.9157783707,19473.70179078984,15807.794490940249,0.8807863501483679
L3_learned_static@S,6,1,2533.260112091598,6369.634870087554,1.2443199837909928,-0.2443199837909928,906.0971559121224,3500.2511593353083,,10183.13824699588,0.1504451038575667
L3_learned_static@S,6,3,4857.926083230845,9295.399154471164,1.0295053124596585,-0.0295053124596584,1340.285245629844,6422.618054458856,9619.501464965166,9787.852051666418,0.3582838773491592
L3_learned_static@S,6,7,7202.956992133474,11599.59760980313,0.8924468223425461,0.1075531776574538,1591.0557863408496,8700.888737878813,14696.623512663293,9814.066793340258,0.5760138476755687
L3_learned_static@S,6,14,10118.87702409814,15049.585368532707,0.7778187224168019,0.222181277583198,1667.765514502238,11828.373038426676,19069.924624187148,11542.169543852136,0.7429525222551929
L3_learned_static@S,6,30,15509.867388511137,20784.698078059813,0.7032397410533633,0.2967602589466367,2256.9348740723635,18018.81989349982,19940.90177431425,16061.244862671902,0.8807863501483679
L3_learned_static@S,7,1,2546.5928028887533,6281.339381547406,1.250868910021434,-0.2508689100214341,876.3669576986837,3514.726886904805,,9846.041736301277,0.1504451038575667
L3_learned_static@S,7,3,4824.240908917302,9170.949730209337,1.022366655898656,-0.0223666558986559,1298.829646158332,6404.0704310204765,9242.782629284156,9396.127543343458,0.3582838773491592
L3_learned_static@S,7,7,7150.928750730463,11340.591989072873,0.8860005199749353,0.1139994800250646,1505.9302560157157,8618.548274193487,13773.69392050167,9513.966759089144,0.5760138476755687
L3_learned_static@S,7,14,10580.82886447538,15796.38902686132,0.8133280768090537,0.1866719231909462,1696.384721829954,12450.761110450469,19147.650482568595,11949.043423852012,0.7429525222551929
L3_learned_static@S,7,30,16551.942699806114,21718.402459682016,0.7504889375626785,0.2495110624373214,2358.227535904156,19145.26956635813,20385.928215514487,17196.571322617823,0.8807863501483679
L3_learned_static@S,8,1,3042.5487649017105,6756.262983209484,1.4944790753050434,-0.4944790753050434,901.1422670093694,4091.577929911061,,10494.930975732332,0.1504451038575667
L3_learned_static@S,8,3,5021.561427301308,9633.460367907872,1.0641833732494734,-0.0641833732494734,1371.824255078158,6620.987893170804,9944.416645558838,10120.26048582608,0.3582838773491592
L3_learned_static@S,8,7,7112.59491044746,11447.96698284672,0.8812509547635764,0.1187490452364236,1523.4474014009627,8590.658994288495,14543.35759287218,9694.166304185786,0.5760138476755687
L3_learned_static@S,8,14,10106.607703417649,14923.901586006848,0.7768756032036821,0.2231243967963179,1661.9315486170042,11873.615733966804,18993.13278110795,11544.84771887371,0.7429525222551929
L3_learned_static@S,8,30,15487.188116287753,20787.53817196362,0.7022114301641634,0.2977885698358365,2219.852385455465,17882.835248671214,19450.260235494923,15986.276157059,0.8807863501483679
L3_learned_static@S,9,1,2466.106598052679,6204.301627696695,1.2113346385034838,-0.2113346385034837,890.7347521460537,3447.221342979144,,9804.7082622965,0.1504451038575667
L3_learned_static@S,9,3,4727.560384091217,8898.039417436665,1.001877848079323,-0.0018778480793228,1333.3830550791115,6214.668624768908,9278.293751968227,9751.097604293049,0.3582838773491592
L3_learned_static@S,9,7,6966.439788792745,11144.694073911936,0.8631423260389719,0.1368576739610281,1508.3926858755488,8549.845583208293,13904.958069997989,9573.318819685765,0.5760138476755687
L3_learned_static@S,9,14,9948.876347991065,14453.964025202702,0.7647510956055764,0.2352489043944235,1640.318438619347,11690.613620542192,17693.75740057755,11188.924451932837,0.7429525222551929
L3_learned_static@S,9,30,15646.201389349111,21146.216777163947,0.7094213211432798,0.2905786788567202,2272.183319646788,17901.7033398142,20678.90510610272,16085.737995611562,0.8807863501483679
L4_price_dynamic@S,0,1,2458.456728305616,6246.12385686876,1.2075770749772456,-0.2075770749772456,900.432915304583,3424.0134557688334,,9933.274594579414,0.1504451038575667
L4_price_dynamic@S,0,3,4656.435891754214,8924.550792141932,0.986804946299343,0.0131950537006569,1337.3355258546617,6214.481955189442,9109.863156488373,9676.308840335618,0.3582838773491592
L4_price_dynamic@S,0,7,6968.961776530039,11196.438985876022,0.8634548004775383,0.1365451995224617,1523.601218784719,8497.880185504873,14052.181766532172,9588.090106064588,0.5760138476755687
L4_price_dynamic@S,0,14,9955.189927032376,14493.504258045446,0.7652364083504686,0.2347635916495314,1621.4901994732857,11634.489087353631,18250.5815948624,11297.524131874883,0.7429525222551929
L4_price_dynamic@S,0,30,15308.576169683018,20506.44107587504,0.694112907079924,0.305887092920076,2190.459915039291,17528.381114498945,18952.373294713063,15791.414266449878,0.8807863501483679
L4_price_dynamic@S,1,1,2382.293441661241,6293.185186477142,1.1701661912111296,-0.1701661912111296,913.2482096407628,3372.206752968032,,10145.302658747114,0.1504451038575667
L4_price_dynamic@S,1,3,4825.331679208332,9332.660100352055,1.0225978149961903,-0.0225978149961905,1384.3220952117797,6467.19025749186,9625.175975994383,10005.22015331193,0.3582838773491592
L4_price_dynamic@S,1,7,6975.264297352861,11216.620356389276,0.8642356832021219,0.1357643167978781,1529.6526274163778,8332.255175642396,14263.260176700076,9556.438530906782,0.5760138476755687
L4_price_dynamic@S,1,14,9742.74413170248,14241.252355585342,0.7489061064095722,0.2510938935904278,1656.6049055489875,11513.966127654809,18274.354300563653,11175.241902082586,0.7429525222551929
L4_price_dynamic@S,1,30,14798.80497265318,20211.406590269697,0.670999146296819,0.329000853703181,2144.3636454768343,17128.717123702758,18284.258378697723,15441.509188669364,0.8807863501483679
L4_price_dynamic@S,2,1,2519.6715832477685,6238.314895438434,1.23764539166759,-0.23764539166759,878.6534418248174,3441.397182499944,,9747.051966595398,0.1504451038575667
L4_price_dynamic@S,2,3,4726.754119288757,9211.440360192451,1.0017069821824027,-0.0017069821824027,1395.6697191421465,6416.511611958274,9343.423287560823,10085.547971821848,0.3582838773491592
L4_price_dynamic@S,2,7,7407.425474497868,11625.718808054124,0.9177804801104036,0.0822195198895963,1616.051293354218,9081.028521622162,14937.780219636054,10368.918381840163,0.5760138476755687
L4_price_dynamic@S,2,14,10838.32615665119,15485.18758084952,0.8331214011422768,0.1668785988577231,1811.8422919831853,12923.248707984669,20252.728660716464,12634.466906505182,0.7429525222551929
L4_price_dynamic@S,2,30,16053.934889668868,20845.81481146394,0.727908545695312,0.2720914543046879,2292.5281230824767,18335.292840677088,19196.061828478883,16669.445668094188,0.8807863501483679
L4_price_dynamic@S,3,1,2894.968315290005,6818.108392262176,1.4219885711550044,-0.4219885711550044,926.06871708354,3944.5491434783903,,10510.55230279718,0.1504451038575667
L4_price_dynamic@S,3,3,4969.620707564034,9595.376600579708,1.0531759503314742,-0.0531759503314741,1379.323228044108,6589.349835565991,9860.431158774118,10084.844484249235,0.3582838773491592
L4_price_dynamic@S,3,7,7192.246998229936,11555.33351863829,0.8911198534272855,0.1088801465727145,1622.6921345842495,8677.68554590997,14764.546953281111,10016.392082688297,0.5760138476755687
L4_price_dynamic@S,3,14,10075.596292994878,14574.042843525936,0.7744918154001603,0.2255081845998396,1696.7956901035748,11822.068670295475,18779.67343956572,11632.855259866274,0.7429525222551929
L4_price_dynamic@S,3,30,15277.302840787645,20395.362942456624,0.6926949292749977,0.3073050707250023,2183.4744728520213,17485.766795512114,18488.69763686931,15794.330069330275,0.8807863501483679
L4_price_dynamic@S,4,1,2566.288893656873,6191.217885810268,1.260543494651868,-0.2605434946518679,865.9156860835388,3497.8545288684395,,9626.596146484266,0.1504451038575667
L4_price_dynamic@S,4,3,4688.678979377557,9085.999985694409,0.9936379918067496,0.0063620081932505,1355.9137340550735,6255.920935899002,9197.760086559489,9746.11216900703,0.3582838773491592
L4_price_dynamic@S,4,7,7040.983338633263,11228.17782329288,0.8723782765317984,0.1276217234682015,1513.4923766302506,8747.7480534246,13618.542223944503,9504.293691360168,0.5760138476755687
L4_price_dynamic@S,4,14,10011.716654602207,14585.76729684178,0.7695815097798129,0.2304184902201871,1592.6185440645486,11669.884028692712,17860.51656996434,11473.926748247137,0.7429525222551929
L4_price_dynamic@S,4,30,15578.602074007977,20836.954972413118,0.7063562707579297,0.2936437292420703,2145.158094514703,17795.195321883522,19852.02931113939,15971.616731857715,0.8807863501483679
L4_price_dynamic@S,5,1,2599.7181826442948,6415.390932395385,1.2769637320102134,-0.2769637320102134,896.4967297305022,3533.2807202415293,,10209.641253720709,0.1504451038575667
L4_price_dynamic@S,5,3,4688.215341924858,9199.3424640855,0.9935397364581848,0.006460263541815,1348.6961825879016,6269.341392188097,9314.071897549416,9740.99289190859,0.3582838773491592
L4_price_dynamic@S,5,7,6814.221602373743,10968.13382712854,0.8442824832104301,0.1557175167895699,1559.0419207871744,8407.366826351721,13471.63737549443,9298.508176600872,0.5760138476755687
L4_price_dynamic@S,5,14,9493.336432596428,13515.082547216523,0.729734613622617,0.2702653863773829,1522.7398908022965,11003.065662084113,16446.977416188565,10519.3819714141,0.7429525222551929
L4_price_dynamic@S,5,30,14776.202576947848,19697.318607765228,0.6699743210997463,0.3300256789002537,1934.135398807178,16972.552612597756,17770.783348665424,15142.146858161095,0.8807863501483679
L4_price_dynamic@S,6,1,2618.0904458876244,6411.208085778118,1.2859880616445944,-0.2859880616445944,907.579596370376,3671.2060861874297,,10198.917448439446,0.1504451038575667
L4_price_dynamic@S,6,3,4822.844734931815,9222.095485019234,1.022070774794137,-0.0220707747941371,1364.8362396248108,6401.959457591979,9626.45720332854,9899.32503380256,0.3582838773491592
L4_price_dynamic@S,6,7,7241.263062129631,11540.624779318448,0.8971929468136262,0.1028070531863738,1608.0995481734271,8791.526973258777,14851.961444767912,9957.848538238466,0.5760138476755687
L4_price_dynamic@S,6,14,10091.617547924134,14958.12564030944,0.7757233386226395,0.2242766613773604,1708.371321018811,11951.39363341423,18928.38663552902,11569.125924498458,0.7429525222551929
L4_price_dynamic@S,6,30,15607.060440624156,21206.03954320961,0.7076466141160418,0.2923533858839582,2341.6088753218573,18090.53552869539,20984.772098382746,16180.963076448032,0.8807863501483679
L4_price_dynamic@S,7,1,2552.691747353752,6360.620683606872,1.253864669691594,-0.253864669691594,895.4232833621807,3524.4827315556345,,10154.879364766874,0.1504451038575667
L4_price_dynamic@S,7,3,4744.099346269264,9369.38158106263,1.0053828313032638,-0.0053828313032637,1360.4349012937366,6400.121152296885,9428.267707100898,9826.562373068791,0.3582838773491592
L4_price_dynamic@S,7,7,6913.356784363992,11232.382024880231,0.8565653384664272,0.1434346615335727,1520.7708451611666,8550.173373120171,13956.136616961005,9448.887369096172,0.5760138476755687
L4_price_dynamic@S,7,14,9674.904899112342,14273.179332592072,0.7436914343568005,0.2563085656431995,1574.7002249752816,11260.91140364631,17749.651157505537,10854.06584524992,0.7429525222551929
L4_price_dynamic@S,7,30,15184.139200521911,20571.259721374518,0.6884707555528811,0.3115292444471189,2151.643321963528,17360.061723851435,18921.214868113748,15672.65603843042,0.8807863501483679
L4_price_dynamic@S,8,1,2821.3963348205007,6625.119450538368,1.3858505192004031,-0.3858505192004031,900.7170756081156,3828.045329134353,,10454.42705035768,0.1504451038575667
L4_price_dynamic@S,8,3,4855.024160043439,9414.655342540103,1.0288903287636126,-0.0288903287636126,1401.3566641505895,6484.847884908674,9515.540049412628,10069.60342736327,0.3582838773491592
L4_price_dynamic@S,8,7,6989.128521826363,11071.522481158654,0.865953461482505,0.134046538517495,1534.7926544962986,8540.208508298965,13578.85368889348,9411.591513876252,0.5760138476755687
L4_price_dynamic@S,8,14,10027.687676740448,14522.435435077236,0.7708091717037272,0.2291908282962728,1542.8465296816796,11732.46007473474,17721.658555929258,11414.241126951598,0.7429525222551929
L4_price_dynamic@S,8,30,15817.585302258098,21264.16322576777,0.7171921147623217,0.2828078852376783,2127.346073361878,18157.40869402519,20395.00290077541,16249.211992882152,0.8807863501483679
L4_price_dynamic@S,9,1,2663.699762051808,6542.762871705658,1.3083910447726388,-0.3083910447726388,902.204082406451,3697.564826301852,,10140.00818740028,0.1504451038575667
L4_price_dynamic@S,9,3,4752.069266113929,9265.662767166625,1.007071839056651,-0.0070718390566513,1379.576018513205,6337.551241641668,9257.598691151474,9571.84508483473,0.3582838773491592
L4_price_dynamic@S,9,7,7270.825311101074,11330.731623737816,0.9008557113122448,0.0991442886877552,1518.6306553505651,8652.07173322332,12811.38153107617,8903.217130407205,0.5760138476755687
L4_price_dynamic@S,9,14,10855.970813751326,15449.363268358087,0.8344777121845423,0.1655222878154577,1761.4033219412065,12528.44001179315,19289.324760499738,11171.915587013797,0.7429525222551929
L4_price_dynamic@S,9,30,15648.067809005235,20975.34260634473,0.7095059473004733,0.2904940526995266,2143.414147916405,17757.530203955845,22184.68642523116,15764.507088987211,0.8807863501483679
L5_ctx_features_only@S,0,1,3374.2084464231416,6949.056088516051,1.6573880350147248,-0.6573880350147248,913.3850574720822,4259.830232398592,,10132.544796646507,0.1504451038575667
L5_ctx_features_only@S,0,3,5377.750865286805,9576.599736616668,1.1396680373562211,-0.1396680373562211,1365.4185271958647,6976.718102765986,9664.388770354908,10055.446305708218,0.3582838773491592
L5_ctx_features_only@S,0,7,8032.190016154456,12244.751988417567,0.9951888459416386,0.0048111540583614,1528.9855954841291,9329.303817976725,14022.216243323017,10074.596790261565,0.5760138476755687
L5_ctx_features_only@S,0,14,11954.580398175038,16844.75688723622,0.9189257296232624,0.0810742703767375,1627.311970058465,13612.264346015649,19058.2925409646,12130.3952490755,0.7429525222551929
L5_ctx_features_only@S,0,30,14010.141239825234,20324.110538599376,0.6352399959856478,0.3647600040143521,1676.8989113186867,15829.283364091894,27543.52715502558,13571.335356148418,0.8807863501483679
L5_ctx_features_only@S,1,1,3530.8324659263994,7040.6181634718905,1.734320678638384,-0.734320678638384,863.0835915451823,4419.615143849535,,9664.695047904335,0.1504451038575667
L5_ctx_features_only@S,1,3,5655.45217221794,9896.307591315584,1.198519276725523,-0.198519276725523,1386.8098788100606,7278.222463589775,10256.551016404424,10216.87297877036,0.3582838773491592
L5_ctx_features_only@S,1,7,8806.16473458494,13619.27685631376,1.0910843620180384,-0.0910843620180383,1654.3503244378512,10258.250508455398,15795.549973701294,10818.518228705429,0.5760138476755687
L5_ctx_features_only@S,1,14,13010.737770460057,18988.679535529445,1.0001105267134354,-0.0001105267134353,1883.8175272006204,14774.423216239516,22254.774116091863,13029.20598289175,0.7429525222551929
L5_ctx_features_only@S,1,30,14412.676705196023,20934.951219602182,0.6534915341414053,0.3465084658585947,1853.3107832425053,16472.16949730758,27789.78450578101,13889.531136947637,0.8807863501483679
L5_ctx_features_only@S,2,1,3171.8162412585825,6646.3357095661495,1.557974372656202,-0.5579743726562021,866.8015467048283,4040.8640814386968,,9744.170405519291,0.1504451038575667
L5_ctx_features_only@S,2,3,5217.487692666661,9315.445024786428,1.105704616592448,-0.105704616592448,1371.1064732435418,6659.98349715595,9607.062993871736,9969.475518118908,0.3582838773491592
L5_ctx_features_only@S,2,7,7770.546626434457,11946.882707186976,0.9627712135723824,0.0372287864276175,1614.532598582135,9171.49318070529,14001.234537318907,10317.169397069025,0.5760138476755687
L5_ctx_features_only@S,2,14,12080.398601482457,16884.81050902913,0.9285971342584104,0.0714028657415896,1776.5531050361562,13703.033361166516,19851.082549748666,12304.288183934495,0.7429525222551929
L5_ctx_features_only@S,2,30,15903.0156122955,21574.62043717845,0.7210656481461928,0.2789343518538072,1921.8388570389325,18062.980330506183,26657.68351079908,15466.929199912976,0.8807863501483679
L5_ctx_features_only@S,3,1,3405.9661270189167,6905.23362501989,1.672987189801695,-0.672987189801695,902.8921428339496,4441.172289701036,,10356.811665007051,0.1504451038575667
L5_ctx_features_only@S,3,3,5250.86771162366,9604.190578662172,1.1127786037749332,-0.1127786037749332,1412.2119308489828,6766.323944359267,9662.080504592272,10322.899677293708,0.3582838773491592
L5_ctx_features_only@S,3,7,7575.176839451436,11893.766672846132,0.938564884731997,0.061435115268003,1606.2134611028364,8877.08910905367,13740.27243889159,10138.152552442907,0.5760138476755687
L5_ctx_features_only@S,3,14,11284.69198987658,16139.43720241676,0.8674326889761981,0.1325673110238019,1814.288846117297,13203.70189903926,19287.30714795889,11946.440082980347,0.7429525222551929
L5_ctx_features_only@S,3,30,15014.881298887389,20417.59251571622,0.6807963583491455,0.3192036416508544,2068.094366539487,17297.446295630998,24217.849105973943,14933.112278850189,0.8807863501483679
L5_ctx_features_only@S,4,1,3379.6258224650423,6966.024266532983,1.660049012952392,-0.6600490129523919,923.937281204094,4421.642608957067,,10181.782198347648,0.1504451038575667
L5_ctx_features_only@S,4,3,5453.388846277765,9722.69529464646,1.1556974503031814,-0.1556974503031813,1421.3083728849745,7076.464170535534,9766.004942107227,10211.806754761792,0.3582838773491592
L5_ctx_features_only@S,4,7,7920.103519341443,12088.937910123595,0.9813013219681472,0.0186986780318528,1527.4728016740082,9477.4625283063,13637.709465459637,9939.614903132177,0.5760138476755687
L5_ctx_features_only@S,4,14,11794.44546499122,16751.455307609667,0.9066164636002932,0.0933835363997068,1538.5447645642887,13608.999580632268,18974.38940406495,11740.259060752034,0.7429525222551929
L5_ctx_features_only@S,4,30,13687.895206230452,19944.94500661303,0.6206288963840785,0.3793711036159215,1828.103140284272,15698.160328437212,25747.36373236077,13358.196431267092,0.8807863501483679
L5_ctx_features_only@S,5,1,3926.52714418381,7442.78479780062,1.9286831893356828,-0.9286831893356828,890.3926045845072,4786.833149639704,,9458.413310188074,0.1504451038575667
L5_ctx_features_only@S,5,3,5593.595985274408,9734.351536388614,1.1854105402038444,-0.1854105402038444,1359.7001010741556,6990.705926324778,10239.53294810862,9864.01694973967,0.3582838773491592
L5_ctx_features_only@S,5,7,8326.91014698174,12886.623595153147,1.031704688605206,-0.0317046886052059,1666.3018118618677,9875.746059174104,14767.123272774215,10760.669779526104,0.5760138476755687
L5_ctx_features_only@S,5,14,12850.21047007478,18344.275241841,0.9877711001741724,0.0122288998258275,2010.8908357252824,14717.43502210546,21907.59169888585,13519.833610498164,0.7429525222551929
L5_ctx_features_only@S,5,30,16831.17680167711,23485.6124222772,0.7631498141887731,0.2368501858112268,2013.0080534772007,18790.550421820783,28040.93906158825,17058.370871825475,0.8807863501483679
L5_ctx_features_only@S,6,1,4552.912728211775,7842.142395030266,2.2363594899430668,-1.2363594899430668,908.8468939862348,5509.348649358007,,9358.157434071942,0.1504451038575667
L5_ctx_features_only@S,6,3,5824.568920568477,9588.162902344997,1.234358972074899,-0.234358972074899,1231.3236048378,7107.1195355136615,9893.175263486655,9079.333000073066,0.3582838773491592
L5_ctx_features_only@S,6,7,7677.411876694964,11846.943395726355,0.9512318122479744,0.0487681877520255,1601.2881929840746,9056.39473931464,13808.990636001608,10454.38520903401,0.5760138476755687
L5_ctx_features_only@S,6,14,11572.523860193283,15746.373077050335,0.8895577743100156,0.1104422256899844,1951.3918081137867,13269.744602106855,19155.873742217664,13666.801714858351,0.7429525222551929
L5_ctx_features_only@S,6,30,16719.391836122795,21799.649629029427,0.7580813227400128,0.2419186772599871,2204.8795465168155,18917.850535595466,21794.50783525576,17497.482746001857,0.8807863501483679
L5_ctx_features_only@S,7,1,3421.8714839533977,6896.34421301132,1.6807997919851174,-0.6807997919851174,886.0247477568572,4346.428793950377,,10081.232964116218,0.1504451038575667
L5_ctx_features_only@S,7,3,5362.459196854117,9467.487736504649,1.1364273841189958,-0.1364273841189958,1299.6975561305496,6855.2232187003,9910.847940095116,10129.449654889497,0.3582838773491592
L5_ctx_features_only@S,7,7,7867.296699936748,12351.087884981953,0.9747585537373769,0.0252414462626232,1593.6099002148626,9396.27557247154,14964.315182214572,10396.53588199877,0.5760138476755687
L5_ctx_features_only@S,7,14,11932.665169134803,17178.27193915332,0.9172411478843056,0.0827588521156943,2041.006858633396,13985.211349597072,22446.35988415791,13397.889311600036,0.7429525222551929
L5_ctx_features_only@S,7,30,16735.123460458064,22472.7360639903,0.7587946172606402,0.2412053827393597,2302.2287714198637,19115.090028720784,24146.98349507041,17488.844434102855,0.8807863501483679
L5_ctx_features_only@S,8,1,3621.801570739608,6675.757212610826,1.779004078691288,-0.779004078691288,849.5714413951265,4644.190189861807,,9577.441611173244,0.1504451038575667
L5_ctx_features_only@S,8,3,5440.14969295907,9358.746668606693,1.15289177182217,-0.15289177182217,1340.2310045844683,6876.895901819706,9710.023291307596,9824.104819049406,0.3582838773491592
L5_ctx_features_only@S,8,7,8475.51097437382,12638.420518936937,1.0501163404238092,-0.0501163404238091,1626.0535361734735,9931.303204577076,14382.682048849096,10508.227514692231,0.5760138476755687
L5_ctx_features_only@S,8,14,12144.058382755162,17406.87825280706,0.933490539882468,0.0665094601175321,1924.5762586711332,14188.925551553994,20717.42776720435,12425.138767209124,0.7429525222551929
L5_ctx_features_only@S,8,30,15051.335680483911,21506.534435223937,0.682449252550755,0.317550747449245,1980.54065659696,17097.179226220313,29059.283415896112,14825.75702922535,0.8807863501483679
L5_ctx_features_only@S,9,1,3592.0281565776418,7091.813317782585,1.764379581960539,-0.764379581960539,921.0469511161508,4707.414429322729,,10310.422785278266,0.1504451038575667
L5_ctx_features_only@S,9,3,5399.761810906427,9735.65023107254,1.1443326586492215,-0.1443326586492217,1382.2570794817304,6964.021582456763,10374.501154857688,10427.24103446488,0.3582838773491592
L5_ctx_features_only@S,9,7,7683.818629091099,11578.015166274972,0.952025609271018,0.0479743907289819,1561.256951360761,8992.142992196568,13682.58632915766,10277.03919200219,0.5760138476755687
L5_ctx_features_only@S,9,14,11770.06952232423,15985.874122285446,0.9047427315114664,0.0952572684885336,1652.57363247292,13201.73822988936,17542.933941165345,11742.951316352155,0.7429525222551929
L5_ctx_features_only@S,9,30,15181.401191855057,20598.92776706617,0.6883466102937599,0.3116533897062401,1896.87489877258,17390.392073437753,25000.89161493559,14514.62641444818,0.8807863501483679
L6_ctx_conditioned@S,0,1,3423.3748213533027,6992.353988502696,1.6815382210000271,-0.6815382210000271,917.3555484391868,4346.216516706615,,10141.929431276783,0.1504451038575667
L6_ctx_conditioned@S,0,3,5437.188653072576,9614.607589890664,1.1522642599495474,-0.1522642599495474,1366.4395775470036,7036.856958026338,9667.154693341528,10033.678825128807,0.3582838773491592
L6_ctx_conditioned@S,0,7,7943.581563660132,12048.821199025344,0.9842102531293236,0.0157897468706763,1505.5665845320823,9263.779436818932,13729.144049501028,9941.346057107192,0.5760138476755687
L6_ctx_conditioned@S,0,14,11850.419559211005,16617.96453356504,0.9109190851610438,0.0890809148389562,1609.1875144132516,13461.649982338417,18619.094915415146,12051.5685348158,0.7429525222551929
L6_ctx_conditioned@S,0,30,14167.171592186574,20441.862559449582,0.642359978482333,0.357640021517667,1617.5648668004774,16117.582863139243,27171.319078289343,13758.391483168209,0.8807863501483679
L6_ctx_conditioned@S,1,1,3112.3759887609763,6615.775123307463,1.5287777285092707,-0.5287777285092707,851.6114902577762,3984.579162546944,,9712.108651787514,0.1504451038575667
L6_ctx_conditioned@S,1,3,5349.728147669356,9633.537953287632,1.1337293844902776,-0.1337293844902776,1366.2237427931364,6850.430191417114,9858.142246422698,9842.738814755354,0.3582838773491592
L6_ctx_conditioned@S,1,7,8256.133446658236,12882.530691725966,1.022935451003401,-0.0229354510034009,1556.4562197163257,9755.3133965128,14607.201942917458,10061.17435818138,0.5760138476755687
L6_ctx_conditioned@S,1,14,12759.403871214969,18825.368176938013,0.9807909706060448,0.0192090293939551,1804.7210399069,14650.76254334768,22346.88595466743,12599.56525559743,0.7429525222551929
L6_ctx_conditioned@S,1,30,15796.469291009544,22707.47471986798,0.7162346843787769,0.2837653156212231,2087.156099056961,18225.291467426552,28604.188594324078,15604.39335912951,0.8807863501483679
L6_ctx_conditioned@S,2,1,3050.4813394174007,6523.276965158681,1.4983755014737068,-0.4983755014737068,869.2331964110333,3915.5013804993914,,9781.544468519896,0.1504451038575667
L6_ctx_conditioned@S,2,3,5129.285049411584,9252.433602028215,1.0870124651993798,-0.0870124651993797,1360.822259636341,6565.459122660291,9475.736297597168,9978.067441953352,0.3582838773491592
L6_ctx_conditioned@S,2,7,7650.535230339493,11827.822346204435,0.9479017940816352,0.0520982059183646,1597.1309594267611,9015.9896566669,13995.335496328064,10338.735872263816,0.5760138476755687
L6_ctx_conditioned@S,2,14,11787.150935661251,16547.068087750882,0.9060557470829804,0.0939442529170196,1730.6903124543687,13427.255092095298,19542.59138502094,12107.821362942175,0.7429525222551929
L6_ctx_conditioned@S,2,30,15370.189431669103,21139.70446582457,0.6969065411787329,0.3030934588212671,1836.595817865509,17469.58478300885,26421.62884156415,14986.103339131672,0.8807863501483679
L6_ctx_conditioned@S,3,1,3362.346974072322,6732.632024158746,1.6515617611896012,-0.6515617611896012,862.4389051063276,4273.014102392025,,9761.898675141212,0.1504451038575667
L6_ctx_conditioned@S,3,3,5282.317722343211,9503.301495358142,1.1194435782018717,-0.1194435782018716,1345.3833142915169,6708.352121499825,9597.84950233665,10008.512137039495,0.3582838773491592
L6_ctx_conditioned@S,3,7,7796.516031789936,12130.845925260744,0.9659888245220152,0.0340111754779847,1630.1639713516995,9423.019522586472,14013.1816331564,10268.26810076864,0.5760138476755687
L6_ctx_conditioned@S,3,14,11811.666523921109,16956.146231641917,0.9079402134614296,0.0920597865385702,1862.5008106656685,13559.546118191787,20269.892703126567,12416.121808621385,0.7429525222551929
L6_ctx_conditioned@S,3,30,14812.318907885456,20801.11683595205,0.6716118875972635,0.3283881124027364,2058.646336860532,17288.09944057481,25327.70101176468,14656.034250804583,0.8807863501483679
L6_ctx_conditioned@S,4,1,3376.288089514837,6869.275970690566,1.658409541430824,-0.658409541430824,896.1244386409179,4331.307150055409,,10031.5808094218,0.1504451038575667
L6_ctx_conditioned@S,4,3,5386.409753432425,9435.729174664411,1.1415030532031445,-0.1415030532031442,1386.7690550624077,6937.858382169376,9650.51237059199,9927.716634628136,0.3582838773491592
L6_ctx_conditioned@S,4,7,7876.653179470079,11997.187582245748,0.9759178221374176,0.0240821778625822,1485.2365934954616,9431.468174012787,13677.39639481437,9685.579260693572,0.5760138476755687
L6_ctx_conditioned@S,4,14,11825.408869529458,16930.094818076366,0.908996561283292,0.091003438716708,1557.6905890451555,13511.765666202677,19543.39768236027,11712.414707790862,0.7429525222551929
L6_ctx_conditioned@S,4,30,13766.638601649154,20101.572406352283,0.6241992354215953,0.3758007645784047,1858.4130423211827,15839.161715931108,25308.21149898701,13444.103692312325,0.8807863501483679
L6_ctx_conditioned@S,5,1,3991.837457303941,7512.761162235492,1.9607631669799552,-0.9607631669799552,889.7747560916391,4855.889213650964,,9449.198067218764,0.1504451038575667
L6_ctx_conditioned@S,5,3,5579.627078696535,9713.77972717659,1.1824502103666297,-0.1824502103666294,1351.531650699496,6974.8770148752665,10192.188243902314,9810.726236671348,0.3582838773491592
L6_ctx_conditioned@S,5,7,8344.389581652093,12928.605221909937,1.033870391655347,-0.0338703916553473,1670.8031396916078,9824.585540107284,14806.578017358315,10770.94077803337,0.5760138476755687
L6_ctx_conditioned@S,5,14,12829.250335002036,18338.952709703008,0.9861599346816836,0.0138400653183163,2029.4918116087808,14798.66835129816,21868.45170320334,13513.95335038332,0.7429525222551929
L6_ctx_conditioned@S,5,30,16863.776854539003,23619.47614535715,0.7646279475704877,0.2353720524295123,2022.7575007105752,18892.46988447808,28259.59926281942,17101.404020407652,0.8807863501483679
L6_ctx_conditioned@S,6,1,4600.866376592831,7848.673543647972,2.2599139929691963,-1.2599139929691965,896.9040593204173,5551.621656907542,,9346.99366116811,0.1504451038575667
L6_ctx_conditioned@S,6,3,5875.424953116958,9610.54405637377,1.2451365250434412,-0.2451365250434412,1215.639404206701,7175.353759424052,9927.07818455187,9060.830039164992,0.3582838773491592
L6_ctx_conditioned@S,6,7,7698.577464300136,11871.008747050895,0.9538542298775504,0.0461457701224494,1599.3917815302684,9106.048928725308,13902.77644568037,10482.437271005032,0.5760138476755687
L6_ctx_conditioned@S,6,14,11501.376034071563,15636.17693134923,0.8840887770008343,0.1159112229991656,1951.6721606007425,13240.44090817354,18978.11102024336,13526.009466883615,0.7429525222551929
L6_ctx_conditioned@S,6,30,16688.3449133506,21760.19830528807,0.7566736105150201,0.2433263894849798,2196.1316047060745,18892.774709058773,21740.066114131227,17458.364189311487,0.8807863501483679
L6_ctx_conditioned@S,7,1,3342.730486039559,6746.096047692535,1.6419262768765392,-0.6419262768765392,845.5946039678175,4296.373227583912,,9638.926147664692,0.1504451038575667
L6_ctx_conditioned@S,7,3,5171.138700658055,9241.831483054282,1.0958822082884758,-0.0958822082884758,1303.6044786862583,6578.979936432789,9821.265108627702,9709.741595288053,0.3582838773491592
L6_ctx_conditioned@S,7,7,7579.420182170518,11761.882327679465,0.9390906351605904,0.0609093648394094,1523.5544233453652,9008.107135900624,14425.405528763677,10078.540020889785,0.5760138476755687
L6_ctx_conditioned@S,7,14,11744.527842328282,16464.85551408546,0.9027793914238742,0.0972206085761258,1820.710351784344,13543.11525083313,19930.65280707955,12399.82669673544,0.7429525222551929
L6_ctx_conditioned@S,7,30,15374.72420279763,21340.57858637073,0.6971121542374572,0.3028878457625428,1933.276225791782,17765.501230627422,24329.502272686208,15252.99845833644,0.8807863501483679
L6_ctx_conditioned@S,8,1,3594.086532283549,7058.626026825505,1.765390641982676,-0.7653906419826759,857.0070149350883,4491.52889822367,,9798.249077562146,0.1504451038575667
L6_ctx_conditioned@S,8,3,5549.473074678061,9500.155365140618,1.1760598893125258,-0.1760598893125258,1343.7423377516996,7053.536449499562,9998.22921888751,9918.24965843941,0.3582838773491592
L6_ctx_conditioned@S,8,7,8546.03266253679,13072.474988921864,1.0588539820029566,-0.0588539820029565,1662.2092175893026,10115.258759535409,15087.68198286017,10684.703875717092,0.5760138476755687
L6_ctx_conditioned@S,8,14,12764.702266228642,18463.54973102946,0.98119824809648,0.01880175190352,1996.1706889486209,14556.809964385568,21589.792679322632,12919.620848608703,0.7429525222551929
L6_ctx_conditioned@S,8,30,15371.11881088499,21632.80147422084,0.6969486805718526,0.3030513194281474,2046.040020572506,17582.02078488838,27733.741419291684,15129.78676083072,0.8807863501483679
L6_ctx_conditioned@S,9,1,3439.31892957121,6924.074174729343,1.6893698575479563,-0.6893698575479565,913.2597857958774,4533.183884137909,,10175.411636195882,0.1504451038575667
L6_ctx_conditioned@S,9,3,5262.29972010416,9491.822926228697,1.1152013070563571,-0.1152013070563571,1352.7334763749573,6749.173619167436,10200.38957644766,10208.826149957686,0.3582838773491592
L6_ctx_conditioned@S,9,7,7410.329020712941,11383.214021636948,0.9181402296682584,0.0818597703317415,1542.4499011804155,8876.673754833717,13425.185719216772,9969.413292784448,0.5760138476755687
L6_ctx_conditioned@S,9,14,11307.946936167144,15723.3044428047,0.869220252217704,0.1307797477822959,1715.7468658374494,12903.132531373629,17620.549460344122,11393.777473779752,0.7429525222551929
L6_ctx_conditioned@S,9,30,14760.68667055736,20223.917786007725,0.6692708075416397,0.3307291924583603,1956.143965622381,17009.280254254325,24727.817214411018,14220.583308320636,0.8807863501483679
L7_ctx_shuffled@S,0,1,3397.725632034901,6632.461074442813,1.6689395152119453,-0.6689395152119453,802.8335451983737,4247.738405092655,,9659.504370601648,0.1504451038575667
L7_ctx_shuffled@S,0,3,5181.902216879067,9136.62357802736,1.0981632428164667,-0.0981632428164667,1255.108799445571,6477.177880953719,9505.57624626508,9839.444624306598,0.3582838773491592
L7_ctx_shuffled@S,0,7,7406.119336080997,11290.957824216512,0.9176186494787688,0.0823813505212311,1541.024416023628,8850.766676637628,13390.116386216749,10065.63636437773,0.5760138476755687
L7_ctx_shuffled@S,0,14,10769.08557280366,14979.20650321662,0.8277990098987208,0.1722009901012792,1779.4000955104327,12584.4476502542,18289.03383012548,11923.66135663142,0.7429525222551929
L7_ctx_shuffled@S,0,30,15694.152874216232,21039.684415640502,0.711595510577424,0.288404489422576,1969.223669017615,17466.714010057058,22656.139323364547,15903.156782263064,0.8807863501483679
L7_ctx_shuffled@S,1,1,3437.371391455541,6775.258361293144,1.6884132401895755,-0.6884132401895755,817.4927072037551,4311.0972227875445,,9492.598252311152,0.1504451038575667
L7_ctx_shuffled@S,1,3,5062.611502944071,8918.49541197846,1.0728828203441867,-0.0728828203441867,1252.1657684715456,6411.217777906528,9086.524102571191,9288.687960003104,0.3582838773491592
L7_ctx_shuffled@S,1,7,7586.079968182955,11580.584583684074,0.9399157830645376,0.0600842169354622,1538.8931643639753,9024.874291964608,12975.906869903843,9615.400330520346,0.5760138476755687
L7_ctx_shuffled@S,1,14,11220.409509892605,15538.697970072972,0.8624914176932441,0.1375085823067559,1812.0133043041465,12756.11013847812,19045.008171980884,11955.693632380237,0.7429525222551929
L7_ctx_shuffled@S,1,30,16112.15343842117,21046.937693531054,0.7305482586034572,0.2694517413965428,2015.225848650197,18071.564473847036,23492.55408168943,16405.3869121584,0.8807863501483679
L7_ctx_shuffled@S,2,1,4380.969720890803,7462.744212047019,2.1519022646224677,-1.1519022646224673,789.3572186353845,5154.371458091208,,9254.924087008383,0.1504451038575667
L7_ctx_shuffled@S,2,3,5786.452403742883,9617.324742911076,1.2262812129875666,-0.2262812129875666,1231.5246177170338,6932.947251821871,9881.06336459357,9690.081466503125,0.3582838773491592
L7_ctx_shuffled@S,2,7,7968.764932871858,12216.967321446173,0.9873304741515274,0.0126695258484725,1605.282914841108,9492.768325211551,14809.100831135289,10889.596145344902,0.5760138476755687
L7_ctx_shuffled@S,2,14,11673.698144381066,16232.206126013982,0.8973348480189818,0.1026651519810182,2001.562642078237,13501.717910780331,19327.3383965731,13619.391241690852,0.7429525222551929
L7_ctx_shuffled@S,2,30,16841.721598517535,22151.00963172323,0.7636279304752486,0.2363720695247514,2112.283260993256,18950.14245431988,22834.477543496323,17427.157550658696,0.8807863501483679
L7_ctx_shuffled@S,3,1,4350.424053985062,7351.387820129421,2.1368984426431856,-1.1368984426431856,814.2678465277324,5241.010248699102,,9166.95264195324,0.1504451038575667
L7_ctx_shuffled@S,3,3,5725.197944718369,9446.075828309436,1.2132999963331463,-0.2132999963331463,1189.110930546162,7005.607496196979,9684.391555168766,9040.91700374535,0.3582838773491592
L7_ctx_shuffled@S,3,7,7758.922066147527,11912.38509451882,0.9613309298249536,0.0386690701750465,1531.663122345539,9189.682106704364,13937.034481144294,10269.352443137455,0.5760138476755687
L7_ctx_shuffled@S,3,14,11575.10628447906,16205.40588714045,0.8897562803254476,0.1102437196745523,1981.2276997340075,13398.706758865444,18815.605638530527,13705.685782540388,0.7429525222551929
L7_ctx_shuffled@S,3,30,16760.43025950196,22737.32588884418,0.7599420640028157,0.2400579359971842,2326.049054229604,19137.890644096067,22832.248261039487,17668.55170867692,0.8807863501483679
L7_ctx_shuffled@S,4,1,4015.3222591356985,7136.782066453684,1.9722987404866568,-0.9722987404866568,851.6979642753062,4909.9934224680765,,9449.736021628984,0.1504451038575667
L7_ctx_shuffled@S,4,3,5560.043504308954,9280.757215059117,1.1783000043891116,-0.1783000043891116,1228.9775312490506,6765.870378192331,9298.213067950166,9546.741682385496,0.3582838773491592
L7_ctx_shuffled@S,4,7,7998.500515509561,12024.887124802412,0.9910147147022492,0.0089852852977508,1501.3926868519925,9613.26032119226,13943.627967527187,10226.49218748192,0.5760138476755687
L7_ctx_shuffled@S,4,14,11012.079941014676,15777.003839878424,0.8464775222065841,0.1535224777934158,1696.5556653689396,12725.374423673802,19813.50542819459,12403.887356455169,0.7429525222551929
L7_ctx_shuffled@S,4,30,16437.633110208077,21958.70826480434,0.7453059760211513,0.2546940239788486,2197.501556622573,18540.004590979213,22613.013904733867,17165.700523815158,0.8807863501483679
L7_ctx_shuffled@S,5,1,3518.9519224458118,6641.196249900386,1.7284850372051843,-0.7284850372051845,843.451201230074,4445.242301681125,,9436.988113296831,0.1504451038575667
L7_ctx_shuffled@S,5,3,5258.414855756711,9084.952679356487,1.1143780157144632,-0.1143780157144631,1180.6053728080838,6485.388286931273,9531.867841495356,9377.321412844778,0.3582838773491592
L7_ctx_shuffled@S,5,7,7740.940844661054,12259.90764260657,0.9591030553568752,0.0408969446431247,1645.764868058176,9197.71183120866,15501.403285507537,10827.119084760834,0.5760138476755687
L7_ctx_shuffled@S,5,14,11049.144255875986,15761.49810952894,0.8493265851968764,0.1506734148031235,1927.6027105242867,13066.691031354589,19815.462927427547,13141.7627862456,0.7429525222551929
L7_ctx_shuffled@S,5,30,16244.938541488951,21449.14086006773,0.7365689265536101,0.2634310734463899,2198.1531141812493,18524.62815278928,21255.478506961168,16978.949433093032,0.8807863501483679
L7_ctx_shuffled@S,6,1,4394.054448011308,7513.252425464719,2.158329392796468,-1.158329392796468,877.8228890244058,5274.464590591285,,9209.500288561863,0.1504451038575667
L7_ctx_shuffled@S,6,3,5891.737100411284,9634.676080842644,1.2485934410214554,-0.2485934410214554,1246.27295605816,7128.268110171157,9998.225686659483,9207.075737858177,0.3582838773491592
L7_ctx_shuffled@S,6,7,7905.715098851154,12219.707830574886,0.9795185957684612,0.0204814042315387,1640.7336593464372,9516.511619285444,14158.56721519376,10801.899107017389,0.5760138476755687
L7_ctx_shuffled@S,6,14,11623.096591719135,16206.892071008897,0.8934452034516968,0.1065547965483032,1965.9387403221303,13560.41062317862,20118.308997453536,13754.17298379218,0.7429525222551929
L7_ctx_shuffled@S,6,30,16845.450413071754,21890.91054084876,0.7637970003013057,0.2362029996986943,2116.6930142659025,18920.44147991724,22302.47141152369,17524.556624293884,0.8807863501483679
L7_ctx_shuffled@S,7,1,3746.0771977766326,6885.685000848389,1.8400474139106813,-0.8400474139106815,883.573613229072,4758.534504394904,,10073.45900218608,0.1504451038575667
L7_ctx_shuffled@S,7,3,5372.089201858555,9377.521215909072,1.138468201772707,-0.138468201772707,1267.8788012773311,6794.437346119165,9803.516736436266,9781.365010779706,0.3582838773491592
L7_ctx_shuffled@S,7,7,7739.085314321425,12200.95591076315,0.95887315503161,0.0411268449683899,1542.2763266141133,9004.296600733715,15620.802910968036,10632.13933596478,0.5760138476755687
L7_ctx_shuffled@S,7,14,11195.228819376583,16365.572229877718,0.8605558261765077,0.1394441738234922,2057.15464011384,13233.4790389701,20867.520437828374,13538.025277350696,0.7429525222551929
L7_ctx_shuffled@S,7,30,16401.963031689334,22044.180363096788,0.7436886432514686,0.2563113567485314,2287.6217763346067,18725.28344558652,22079.214395746752,17285.92502981465,0.8807863501483679
L7_ctx_shuffled@S,8,1,4302.491763291092,7369.583465334726,2.1133544303663965,-1.1133544303663965,949.1259795381324,5270.306486098977,,9088.094735613124,0.1504451038575667
L7_ctx_shuffled@S,8,3,5703.9160362427365,9417.287624825192,1.2087898746352113,-0.2087898746352112,1279.9934082585064,7015.231695011034,9625.460984910387,9260.82022023839,0.3582838773491592
L7_ctx_shuffled@S,8,7,7905.285934806894,11930.00121248843,0.9794654223165052,0.0205345776834948,1604.070870033897,9275.698199008006,14383.727389478248,10790.279682672792,0.5760138476755687
L7_ctx_shuffled@S,8,14,11615.05801818834,16068.295768187772,0.8928272936798034,0.1071727063201966,2005.3982410766357,13482.165770643824,19537.313209889275,13394.87434491508,0.7429525222551929
L7_ctx_shuffled@S,8,30,16376.477755717866,21934.48901079709,0.7425331041081665,0.2574668958918334,2113.143487024575,18401.142118700394,22714.751665641776,17021.686885666797,0.8807863501483679
L7_ctx_shuffled@S,9,1,4419.16447117958,7249.260574537484,2.1706632638713725,-1.1706632638713723,843.2002905201781,5515.122469189305,,8618.872821112212,0.1504451038575667
L7_ctx_shuffled@S,9,3,5734.148702552693,9342.96110213321,1.2151968660226184,-0.2151968660226184,1190.7024286498424,7273.655788753017,9679.721462319776,8775.113336991788,0.3582838773491592
L7_ctx_shuffled@S,9,7,7929.917216683268,12022.581340457382,0.9825172396832894,0.0174827603167105,1406.7183886507514,9313.12544777346,14829.543516219645,10718.861761779031,0.5760138476755687
L7_ctx_shuffled@S,9,14,11818.5282044538,16371.643204253482,0.908467657719608,0.091532342280392,1938.405416946679,13591.820527297898,19467.481801405567,13978.268030916848,0.7429525222551929
L7_ctx_shuffled@S,9,30,16428.356417708765,22498.007589199507,0.7448853574131625,0.2551146425868374,2038.2651418195771,18477.15753850284,24326.67322590136,16918.78276662728,0.8807863501483679
L8_no_phys_anchor@S,0,1,3229.390757031763,6872.438526390479,1.5862545797268086,-0.5862545797268086,921.2106868624122,4185.390235450621,,10176.419065890024,0.1504451038575667
L8_no_phys_anchor@S,0,3,5263.289216103652,9483.941859533476,1.115411003822154,-0.115411003822154,1357.341951109669,6783.441769744271,9537.66730223967,9972.659340471911,0.3582838773491592
L8_no_phys_anchor@S,0,7,7779.924257351428,11758.286616615149,0.963933102630181,0.036066897369819,1492.482316759132,9208.796812877765,13685.055083307743,9816.38344317075,0.5760138476755687
L8_no_phys_anchor@S,0,14,11667.716588303863,16334.946429264804,0.8968750572442789,0.1031249427557211,1608.9205155235752,13221.267155208998,18774.00843595065,11988.53580194922,0.7429525222551929
L8_no_phys_anchor@S,0,30,14239.711158567576,20466.470942933447,0.645649026969987,0.3543509730300129,1679.913618607601,16262.890002760036,26566.384335239018,13857.666771146884,0.8807863501483679
L8_no_phys_anchor@S,1,1,2945.4945793633246,6519.623895486849,1.4468067253558463,-0.4468067253558465,877.4348003601435,3860.722339641098,,9955.363583022076,0.1504451038575667
L8_no_phys_anchor@S,1,3,5473.734136366949,9778.731257623323,1.160009081207293,-0.1600090812072929,1427.2045419155445,7104.763515936621,10232.058111584403,10452.758790438013,0.3582838773491592
L8_no_phys_anchor@S,1,7,8876.06446866847,13935.898006799303,1.099744943447799,-0.099744943447799,1620.685446181203,10317.378230717326,15711.8371078523,10755.080149171976,0.5760138476755687
L8_no_phys_anchor@S,1,14,12799.070103178456,19073.497854461817,0.9838400379872824,0.0161599620127177,1898.4759279360048,14667.38264249228,22392.791500876498,12545.491439635884,0.7429525222551929
L8_no_phys_anchor@S,1,30,15202.085853763088,21881.24363076482,0.6892844826765215,0.3107155173234784,2000.841705491383,17775.03769516489,27682.28132315389,14873.529688170973,0.8807863501483679
L8_no_phys_anchor@S,2,1,3049.1002922199755,6514.020576886903,1.4976971405670978,-0.4976971405670978,867.0055749688386,3931.332798173673,,9766.76951969466,0.1504451038575667
L8_no_phys_anchor@S,2,3,5133.601580006332,9242.226187528291,1.0879272364623738,-0.0879272364623737,1354.48702602992,6569.022840288822,9463.803862847164,9960.181976524069,0.3582838773491592
L8_no_phys_anchor@S,2,7,7630.474170434521,11837.850032029448,0.9454162275032748,0.0545837724967253,1586.364911235146,9034.892409563729,13892.620722903805,10247.435308806796,0.5760138476755687
L8_no_phys_anchor@S,2,14,11724.414494816036,16549.997151103547,0.901233316871506,0.0987666831284939,1690.334547364298,13289.187738661743,19407.859539373872,12023.004143716726,0.7429525222551929
L8_no_phys_anchor@S,2,30,15195.906027320432,21019.029538060237,0.689004280438912,0.3109957195610879,1745.7627756097402,17334.05368032771,26398.33707824424,14785.708858363278,0.8807863501483679
L8_no_phys_anchor@S,3,1,3621.790789160009,7179.1136395706135,1.7789987828533722,-0.7789987828533722,926.4661403077932,4582.644445997574,,10496.136027245337,0.1504451038575667
L8_no_phys_anchor@S,3,3,5326.230783411757,9755.932936829588,1.1287497571930445,-0.1287497571930445,1401.3505199428234,6813.7541875871575,9800.404030049767,10376.215408425864,0.3582838773491592
L8_no_phys_anchor@S,3,7,7455.212438878638,11749.068929812734,0.9237012879893888,0.0762987120106112,1570.423206678475,8952.178529343202,13750.062177931784,10026.124333923586,0.5760138476755687
L8_no_phys_anchor@S,3,14,10940.764332136234,15802.508258898548,0.8409956277578123,0.1590043722421876,1810.007363282917,12728.29116237683,18986.508878057983,11618.190173154098,0.7429525222551929
L8_no_phys_anchor@S,3,30,14968.053152344488,20424.154962357803,0.6786731026936373,0.3213268973063626,2105.370279669492,17316.989674330915,24291.122882846423,14895.991411430918,0.8807863501483679
L8_no_phys_anchor@S,4,1,3394.0949806992785,6929.925402542388,1.6671561641894703,-0.6671561641894705,916.6075973400054,4414.2763316377805,,10218.085640193229,0.1504451038575667
L8_no_phys_anchor@S,4,3,5390.770963732132,9558.794888401915,1.1424272931144517,-0.1424272931144514,1408.8400912664108,7000.729224245943,9745.666883802136,10100.058193366329,0.3582838773491592
L8_no_phys_anchor@S,4,7,7784.341502777876,11939.196612248494,0.964480399615106,0.0355196003848938,1518.4771160016242,9258.912944925798,13756.929765642995,9712.402134191612,0.5760138476755687
L8_no_phys_anchor@S,4,14,11838.999754775608,17001.788633620094,0.9100412666368106,0.0899587333631893,1608.36568330227,13471.636731470117,20040.76540402755,11774.853000483998,0.7429525222551929
L8_no_phys_anchor@S,4,30,13949.253984506488,20367.98056154268,0.6324792800754961,0.3675207199245038,1858.1241292484235,16044.76878083923,25661.04063137861,13615.46294947136,0.8807863501483679
L8_no_phys_anchor@S,5,1,3868.721414300432,7359.466052175615,1.900289411480742,-0.900289411480742,867.4183724456341,4738.699931493156,,9475.998585551994,0.1504451038575667
L8_no_phys_anchor@S,5,3,5522.569606338814,9616.2196485821,1.1703584308909056,-0.1703584308909056,1345.8498166679603,6936.2942976636205,10129.086949076564,9792.431959552296,0.3582838773491592
L8_no_phys_anchor@S,5,7,8350.059672013802,12954.285774435495,1.034572916206199,-0.0345729162061989,1678.4381834203,9819.968433911728,14771.869044495124,10728.280070436142,0.5760138476755687
L8_no_phys_anchor@S,5,14,12758.898668913078,18286.50437599726,0.9807521366714016,0.0192478633285985,2039.7480885428224,14738.813499350486,21859.814977347552,13447.152169165456,0.7429525222551929
L8_no_phys_anchor@S,5,30,16787.873104127866,23586.41336663744,0.7611863621302636,0.2388136378697364,2064.3877864870683,19059.15407443801,28167.31587840428,17034.058541016664,0.8807863501483679
L8_no_phys_anchor@S,6,1,4649.011492453959,7773.2525291813,2.283562543507684,-1.283562543507684,856.694614004775,5579.904304709786,,9194.011196664893,0.1504451038575667
L8_no_phys_anchor@S,6,3,5927.758547909155,9650.93334830101,1.2562272071443197,-0.2562272071443194,1192.009639657593,7248.063647238275,10010.99523699914,8972.631213080162,0.3582838773491592
L8_no_phys_anchor@S,6,7,7677.141243990754,11828.651664184286,0.9511982808389772,0.0488017191610228,1595.6218571917975,9165.94226245797,13793.319003467825,10409.602914068362,0.5760138476755687
L8_no_phys_anchor@S,6,14,11463.72008344058,15579.21798805368,0.8811942361005518,0.1188057638994481,1971.145432361885,13371.877730341628,18919.99822852562,13393.652470198193,0.7429525222551929
L8_no_phys_anchor@S,6,30,16614.477799596312,21726.26626776768,0.7533243691161283,0.2466756308838716,2184.578280266573,18829.364438455923,21744.722926971383,17367.346980728016,0.8807863501483679
L8_no_phys_anchor@S,7,1,3508.9760931478545,6913.77716401018,1.7235849783083164,-0.7235849783083164,884.8357853852839,4434.045115303941,,10126.568314063476,0.1504451038575667
L8_no_phys_anchor@S,7,3,5401.351755220234,9405.11211835572,1.1446696041048616,-0.1446696041048616,1296.6377727406557,6944.75148132056,9925.473694906665,10048.309997744054,0.3582838773491592
L8_no_phys_anchor@S,7,7,7731.885274790036,12144.752435176186,0.9579810696828364,0.0420189303171635,1559.3621349064329,9119.271455701248,14844.127194398969,10284.025350806103,0.5760138476755687
L8_no_phys_anchor@S,7,14,11795.448099752348,16972.217922866614,0.9066935342166366,0.0933064657833634,2050.5912607568143,13797.320744774326,22366.19434113753,13305.785099703342,0.7429525222551929
L8_no_phys_anchor@S,7,30,16708.197282072564,22484.10871248752,0.7575737455251796,0.2424262544748203,2330.3192118091624,19125.68501596211,23973.41270525478,17468.642992095374,0.8807863501483679
L8_no_phys_anchor@S,8,1,3688.925556178119,6674.941417052365,1.8119749197329027,-0.8119749197329027,856.572916372336,4647.459966224201,,9583.415907136015,0.1504451038575667
L8_no_phys_anchor@S,8,3,5469.264881143413,9263.019806032606,1.1590619441128749,-0.1590619441128749,1323.9265405144874,6918.545758684568,9832.444178462909,9824.144909092069,0.3582838773491592
L8_no_phys_anchor@S,8,7,8361.786927888086,12464.668660298705,1.0360259239433316,-0.0360259239433315,1602.0757649950376,9892.51866756609,14370.329440014051,10395.04966354963,0.5760138476755687
L8_no_phys_anchor@S,8,14,11873.475179595003,17030.312760214496,0.912691326601364,0.0873086733986361,1902.7485231581368,13702.754502747584,20221.87775067421,12150.286946942197,0.7429525222551929
L8_no_phys_anchor@S,8,30,14862.031010880955,21438.472192638117,0.6738659059948463,0.3261340940051537,2001.61473691607,17058.474824985864,28576.541813456966,14638.047426399937,0.8807863501483679
L8_no_phys_anchor@S,9,1,3468.89318639178,6921.2739423701405,1.703896529559232,-0.7038965295592321,911.3316537235064,4506.51709266831,,10226.80139822858,0.1504451038575667
L8_no_phys_anchor@S,9,3,5188.061659584719,9346.969864550842,1.099468569179737,-0.099468569179737,1365.5073878683152,6703.934804082577,10005.634246391566,10155.991751743017,0.3582838773491592
L8_no_phys_anchor@S,9,7,7368.52374132576,11321.28661882864,0.9129605529345256,0.0870394470654744,1502.201348062558,8941.258079538158,13210.87619198664,9761.13973452146,0.5760138476755687
L8_no_phys_anchor@S,9,14,11374.774940732474,16078.2070725492,0.8743571931063895,0.1256428068936105,1693.5819234285502,13024.29368439436,18246.59359858249,11340.720079648156,0.7429525222551929
L8_no_phys_anchor@S,9,30,14590.782979617014,20259.80441187497,0.6615671293200317,0.3384328706799683,1930.7679378461585,16795.54494313531,24849.82656825545,14017.163425739507,0.8807863501483679
LSTM_matched,0,1,2137.9591087881595,6400.757162882331,1.050150843529682,-0.050150843529682,956.4660730983812,3153.943593722891,,10368.60628581396,0.1504451038575667
LSTM_matched,0,3,4807.353320037588,9940.441248700963,1.0187877907268874,-0.0187877907268874,1551.9209986441235,6626.975201885256,9673.626933868209,11225.257330641783,0.3582838773491592
LSTM_matched,0,7,7837.305592360653,12735.3735812018,0.9710426536307885,0.0289573463692115,1814.4223348010787,9367.298726046727,14738.59178933362,11968.61730158903,0.5760138476755687
LSTM_matched,0,14,11754.642701051343,16458.06040484017,0.903556901267176,0.0964430987328238,2050.306382080295,13881.344628832943,18414.394623078035,13560.9645767069,0.7429525222551929
LSTM_matched,0,30,16096.573444109912,21416.133108927675,0.7298418392066558,0.2701581607933442,2152.695337186078,18450.115751747668,20848.36027811685,16931.034159425122,0.8807863501483679
LSTM_matched,1,1,2115.0678895192136,6438.812147827494,1.0389068337046614,-0.0389068337046614,963.5005447098443,3112.1263510329377,,10455.994550171588,0.1504451038575667
LSTM_matched,1,3,4788.836152004082,9935.66142341296,1.014863580573092,-0.0148635805730918,1557.6150003912817,6628.334533714748,9660.498451119423,11228.957616774873,0.3582838773491592
LSTM_matched,1,7,7755.498237049343,12579.726499631615,0.9609067171853034,0.0390932828146965,1773.762176810896,9229.733339919216,14337.96187056176,11250.988363371747,0.5760138476755687
LSTM_matched,1,14,11472.276559826363,16294.998846754112,0.8818519560743127,0.1181480439256873,2027.292989163809,13458.822604510491,18425.658190555787,13302.47020038197,0.7429525222551929
LSTM_matched,1,30,16254.194832748515,21800.65087837739,0.7369886201399855,0.2630113798600145,2239.4430921557896,18797.42871672533,20816.8459449596,17292.193137492766,0.8807863501483679
LSTM_matched,2,1,2103.5606253603232,6421.929292662499,1.0332545445128314,-0.0332545445128313,963.9975150339884,3102.072922611789,,10435.335690483142,0.1504451038575667
LSTM_matched,2,3,4787.2138768758605,9840.391467155709,1.0145197834806372,-0.0145197834806372,1536.5221640342183,6623.127296221647,9590.776145562284,11086.393708731408,0.3582838773491592
LSTM_matched,2,7,7826.346827562249,12776.713754978822,0.969684861986077,0.030315138013923,1821.3884741793777,9398.482396980364,14714.277121786345,12013.566471295158,0.5760138476755687
LSTM_matched,2,14,11446.38169574054,16049.906354467548,0.8798614674012687,0.1201385325987313,2019.189672009189,13276.694394798826,17674.611862314592,13332.583424823588,0.7429525222551929
LSTM_matched,2,30,16749.72036628078,22022.765735775607,0.759456462008491,0.2405435379915089,2414.683954469152,19219.635777476928,20954.97070417244,17848.87073914038,0.8807863501483679
LSTM_matched,3,1,2109.534989528022,6408.041096164829,1.0361891111958297,-0.0361891111958296,961.654416783837,3107.7856587185306,,10394.73999421729,0.1504451038575667
LSTM_matched,3,3,4793.532895995721,9921.17289755974,1.0158589277249035,-0.0158589277249037,1553.681618757354,6640.721579624232,9638.297069753056,11199.714270583074,0.3582838773491592
LSTM_matched,3,7,7757.304803786171,12392.920140194328,0.9611305509171156,0.0388694490828843,1747.7395929549757,9249.2447812728,13671.39436896284,10956.490381178486,0.5760138476755687
LSTM_matched,3,14,11435.70468656198,16180.62327716684,0.8790407461276805,0.1209592538723195,1943.4101298843032,13434.864496566875,17568.871155555502,12086.631349063404,0.7429525222551929
LSTM_matched,3,30,14286.750793519,20207.89127423107,0.6477818718147463,0.3522181281852536,2156.294739526681,17146.93880545964,23361.072140587898,14210.72283157873,0.8807863501483679
LSTM_matched,4,1,2123.416538761151,6415.826681834515,1.0430076329237463,-0.0430076329237463,962.1355827704956,3122.950904678461,,10418.66507667476,0.1504451038575667
LSTM_matched,4,3,4766.31910057326,9893.099091171393,1.010091703917953,-0.0100917039179533,1553.0243702201797,6597.837200580503,9617.40050381193,11174.123357033328,0.3582838773491592
LSTM_matched,4,7,8080.7579768448995,13301.00356500644,1.0012064193122947,-0.0012064193122947,1887.20715643764,9719.571430611542,15781.819062551873,12777.17407187585,0.5760138476755687
LSTM_matched,4,14,11812.62449523024,16628.7684234875,0.9080138508836464,0.0919861491163537,2127.6576044815347,13528.094042147764,18604.500823149305,14547.91185221084,0.7429525222551929
LSTM_matched,4,30,17438.859377115357,22737.04459023756,0.7907030179840803,0.2092969820159197,2471.4731955276484,19849.119392001783,20566.150914054717,18927.06968537231,0.8807863501483679
LSTM_matched,5,1,2126.017888689942,6432.99354172701,1.0442853981582667,-0.0442853981582667,960.8843663463942,3124.414525840247,,10452.220196462456,0.1504451038575667
LSTM_matched,5,3,4772.045146298799,9900.666065057818,1.0113051835783742,-0.0113051835783741,1553.5036294076012,6603.1235132151405,9627.040916797489,11172.20774387235,0.3582838773491592
LSTM_matched,5,7,7827.206918699437,12608.119131494315,0.9697914273318295,0.0302085726681703,1778.307106828019,9285.155350250425,14327.853015804654,11397.620510379847,0.5760138476755687
LSTM_matched,5,14,11651.893018873803,16300.54234712998,0.8956587297280088,0.1043412702719912,2036.49297081879,13662.346630211166,18127.49871740097,13332.733952687877,0.7429525222551929
LSTM_matched,5,30,16368.44200167417,21939.590966803607,0.7421687514382628,0.2578312485617372,2262.3940025517254,18765.998711472377,20861.22181868059,17374.188417582944,0.8807863501483679
LSTM_matched,6,1,2182.382723691911,6470.095482640277,1.0719714183349014,-0.0719714183349014,962.4074565572188,3192.009310137956,,10523.33412226034,0.1504451038575667
LSTM_matched,6,3,4759.848294014842,9895.804275090974,1.0087203924542434,-0.0087203924542433,1557.2203221097911,6584.265398945156,9626.33270509036,11182.692945070508,0.3582838773491592
LSTM_matched,6,7,7824.063507698178,12810.701042838347,0.9694019585119472,0.0305980414880527,1836.6459935003927,9338.77416911664,14901.462228112829,12069.114393885768,0.5760138476755687
LSTM_matched,6,14,11585.843656185294,16263.119559488548,0.8905816415510824,0.1094183584489175,2033.5398163881985,13622.697899352195,18581.307116086547,13455.690706639793,0.7429525222551929
LSTM_matched,6,30,16466.95345586329,21935.115217115712,0.746635402751224,0.253364597248776,2161.450367224409,18881.78403637889,21287.956502766243,17449.29414100498,0.8807863501483679
LSTM_matched,7,1,2105.343857301895,6419.549405823271,1.0341304558059674,-0.0341304558059674,964.721940371997,3101.9007016478686,,10419.892114785323,0.1504451038575667
LSTM_matched,7,3,4774.38189397478,9930.177546435789,1.0118003936958366,-0.0118003936958366,1556.615736100807,6621.050579291355,9639.261858150863,11224.747975319337,0.3582838773491592
LSTM_matched,7,7,7826.889337506903,12722.708337349612,0.9697520790021892,0.0302479209978108,1822.0005784772495,9373.533241639092,14675.816836386222,11945.345872939006,0.5760138476755687
LSTM_matched,7,14,11575.867115393756,16344.39834989735,0.8898147639426153,0.1101852360573847,2028.339062654439,13673.648307977412,18283.216196680787,12998.296182474722,0.7429525222551929
LSTM_matched,7,30,16362.437124800792,21850.637925517916,0.741896481666271,0.258103518333729,2336.978348837763,18784.60924275306,22069.09651812625,17165.18709324991,0.8807863501483679
LSTM_matched,8,1,2192.4704576312183,6463.201437828208,1.0769264440237096,-0.0769264440237096,961.3352812697492,3204.6042101733174,,10506.476865150513,0.1504451038575667
LSTM_matched,8,3,4882.594242097286,9806.313759702134,1.0347330578321674,-0.0347330578321674,1514.3079947401516,6693.842357050494,9635.115602205666,10917.407786236796,0.3582838773491592
LSTM_matched,8,7,7873.678096041121,12689.277481382724,0.9755492091142832,0.0244507908857167,1787.0540038891688,9416.224366994287,14543.324129212617,11708.56954634406,0.5760138476755687
LSTM_matched,8,14,11764.799739762291,16506.612829179525,0.9043376534054692,0.0956623465945307,2010.681422400892,13770.290449547294,18399.46517092111,13101.318564297102,0.7429525222551929
LSTM_matched,8,30,15980.705944393389,21812.53689311615,0.7245882397750122,0.2754117602249878,2179.986385867362,18409.160534405884,22076.746808175445,16656.857056985733,0.8807863501483679
LSTM_matched,9,1,2103.1470928405565,6420.267337761283,1.0330514201767884,-0.0330514201767884,966.6944552574092,3108.4043776350927,,10421.697242191334,0.1504451038575667
LSTM_matched,9,3,4787.902736019284,9826.36110524956,1.0146657684412028,-0.0146657684412028,1537.689055456339,6626.761416899808,9576.602470262704,11062.121468623502,0.3582838773491592
LSTM_matched,9,7,7925.400519053934,12779.004227000543,0.9819576205641992,0.0180423794358006,1815.144027894456,9492.965744766578,14748.773756898066,12127.583681853715,0.5760138476755687
LSTM_matched,9,14,11738.442306772997,16494.118314624488,0.9023116079455732,0.0976883920544269,2074.682493264301,13540.32558109358,18591.805051612493,14117.205303733776,0.7429525222551929
LSTM_matched,9,30,17434.34761033495,22686.191647829342,0.7904984479756546,0.2095015520243454,2384.8147413484608,20023.387110551303,21479.04736336118,18760.125520976,0.8807863501483679
GRU_matched,0,1,2245.0320852862183,6464.163910107127,1.1027443548491782,-0.1027443548491782,955.2409195170516,3233.068317281979,,10503.419633545163,0.1504451038575667
GRU_matched,0,3,4827.144351324209,9867.716327129156,1.0229819615519573,-0.0229819615519573,1537.4238913683407,6655.812018761139,9633.474547946593,11108.639049679176,0.3582838773491592
GRU_matched,0,7,7893.354832826323,12737.103794121957,0.9779871580340396,0.0220128419659603,1814.2174353855007,9428.06237344787,14363.629563522562,11878.95730406106,0.5760138476755687
GRU_matched,0,14,11906.028327557207,16416.2484136639,0.915193624820653,0.0848063751793469,2112.937214492601,13751.221984558497,18219.682189947507,14151.308423431356,0.7429525222551929
GRU_matched,0,30,15992.59914193225,21393.085010945044,0.7251274944925427,0.2748725055074573,2199.2624646991944,18508.85800682964,21703.09713352724,16671.757853330862,0.8807863501483679
GRU_matched,1,1,2156.7261736582645,6422.530103313756,1.0593690970140006,-0.0593690970140006,961.3875752472971,3154.3160016020074,,10439.42572213506,0.1504451038575667
GRU_matched,1,3,4872.031735656959,9930.972817943068,1.0324946218603352,-0.0324946218603352,1538.8601032703934,6672.506532752044,9711.1730900564,11216.96061806811,0.3582838773491592
GRU_matched,1,7,7849.485145528608,12703.146082636167,0.9725517010309276,0.0274482989690724,1812.324738508659,9315.637028349323,14553.285824940407,11744.676280722171,0.5760138476755687
GRU_matched,1,14,11659.792786704813,16384.81897443146,0.896265969771254,0.103734030228746,2063.414240354574,13618.274446243402,18469.66881662404,13273.630324920025,0.7429525222551929
GRU_matched,1,30,15737.094582010204,21368.70637746832,0.7135425494987104,0.2864574505012895,2264.1987656317697,18496.557658217105,22550.631541445397,16333.935425205198,0.8807863501483679
GRU_matched,2,1,2161.7420552572926,6444.370764386641,1.0618328636363894,-0.0618328636363894,960.2212425621652,3161.641077386218,,10477.193858822982,0.1504451038575667
GRU_matched,2,3,4839.316837708238,9898.235041548198,1.0255615889862773,-0.0255615889862772,1536.9428464226314,6629.835690042871,9614.14488886941,11139.389245500588,0.3582838773491592
GRU_matched,2,7,7880.539238948587,12749.125227156595,0.9763993051501326,0.0236006948498673,1806.4247600258493,9467.051665573528,14591.518683069631,11914.726098043277,0.5760138476755687
GRU_matched,2,14,11732.658166013016,16287.308843954235,0.9018669921087078,0.0981330078912922,2074.104924101192,13512.95965010974,17975.78750189907,13850.495018396598,0.7429525222551929
GRU_matched,2,30,15836.73361542612,20923.771047804817,0.7180603268789426,0.2819396731210574,2260.5409178892933,18216.256272511047,21033.564171037357,16602.255166571984,0.8807863501483679
GRU_matched,3,1,2256.631990732227,6469.693272060544,1.108442148805535,-0.1084421488055349,957.8866515366456,3239.271755224294,,10515.231971327425,0.1504451038575667
GRU_matched,3,3,4831.892897086996,9876.56941824879,1.0239882866803125,-0.0239882866803122,1533.0616071126872,6673.812050134594,9596.37990915922,11139.918891841842,0.3582838773491592
GRU_matched,3,7,7899.220417131432,12861.68896100603,0.9787139042967196,0.0212860957032803,1844.3115718941203,9434.875929492857,14939.3395261757,12091.860052504464,0.5760138476755687
GRU_matched,3,14,11792.1729988023,16724.41930206159,0.906441783470908,0.093558216529092,2035.9217485707932,13973.910134356138,18975.702202316257,13348.16634861139,0.7429525222551929
GRU_matched,3,30,15462.8802523167,21456.465072996358,0.70110927657791,0.29889072342209,2098.0165759589904,17717.388013941705,23378.634890808284,15906.124918683963,0.8807863501483679
GRU_matched,4,1,2210.5341834102105,6446.874650931394,1.0857992221727968,-0.0857992221727967,955.9681524302872,3186.896323591317,,10445.793160547208,0.1504451038575667
GRU_matched,4,3,4829.911796855616,9913.272383249168,1.0235684463661994,-0.0235684463661993,1546.4614611295935,6667.167007642944,9640.808934495735,11177.999111158677,0.3582838773491592
GRU_matched,4,7,8082.7856989938255,12759.883274948115,1.0014576542135136,-0.0014576542135136,1750.6059121145736,9553.92356629409,13841.132470638286,11191.438880927824,0.5760138476755687
GRU_matched,4,14,12113.745955769213,17055.90591253614,0.9311604815987856,0.0688395184012145,2049.4404326608405,13899.801811469348,18633.693242029287,13149.827956739897,0.7429525222551929
GRU_matched,4,30,15415.34025400242,21383.43189401538,0.6989537445371282,0.3010462554628718,2108.3393116080133,18041.247401576988,24034.586870139625,15620.397463123909,0.8807863501483679
GRU_matched,5,1,2132.5482069334043,6427.035884141137,1.047493045668315,-0.0474930456683149,960.9712894357372,3123.777630834907,,10449.74799038297,0.1504451038575667
GRU_matched,5,3,4833.674560572435,9839.266123380963,1.0243658618001987,-0.0243658618001987,1527.901113830295,6636.549821703329,9561.009205713815,11055.33691345934,0.3582838773491592
GRU_matched,5,7,7937.997227470569,12628.74858066255,0.9835183535257704,0.0164816464742295,1755.1352721147623,9455.69091152686,13857.00084173381,11117.32504131484,0.5760138476755687
GRU_matched,5,14,11849.326391533808,16499.856953269664,0.9108350554526048,0.0891649445473951,2028.4542217710664,13857.792061788625,18166.309264784537,13225.3231489932,0.7429525222551929
GRU_matched,5,30,15245.997049123942,20956.970661177515,0.6912754795613683,0.3087245204386317,2089.635100144385,17683.750095510106,23383.685137049037,15528.675051160692,0.8807863501483679
GRU_matched,6,1,2194.7416802686503,6393.0352460606455,1.0780420529980528,-0.0780420529980527,941.9627511735856,3172.738770075652,,10339.540189494232,0.1504451038575667
GRU_matched,6,3,4865.067863493766,9816.361415567497,1.0310188185515847,-0.0310188185515847,1519.9309050381075,6666.501460351772,9614.138724105636,10953.984336633892,0.3582838773491592
GRU_matched,6,7,7719.759108177573,12490.311043441938,0.9564786368802656,0.0435213631197345,1770.137217093298,9195.35614546079,14062.448365624052,11272.348281375347,0.5760138476755687
GRU_matched,6,14,11527.675039904852,16387.42098289323,0.886110331277002,0.113889668722998,2004.2769603790027,13511.951743102823,18482.718007939176,12617.235932001364,0.7429525222551929
GRU_matched,6,30,14602.379070093632,20995.417331905806,0.6620929127751533,0.3379070872248467,2048.651588097942,16905.460864820976,24436.347844485208,14734.592108474091,0.8807863501483679
GRU_matched,7,1,2217.6043231778194,6447.822670256069,1.0892720263112423,-0.0892720263112425,960.321589883472,3185.3027177766858,,10448.23490539244,0.1504451038575667
GRU_matched,7,3,4817.016276631573,9863.437215125909,1.02083559157382,-0.0208355915738198,1530.2652644481336,6636.970919751112,9627.253542491866,11095.494816980616,0.3582838773491592
GRU_matched,7,7,7905.595255691139,12612.1747217445,0.9795037471934314,0.0204962528065686,1763.627703726686,9425.93968056914,13951.057458186908,11280.071163103688,0.5760138476755687
GRU_matched,7,14,11812.384308062872,16663.199904165198,0.907995388155498,0.092004611844502,2024.06908320444,13669.026072122771,18851.808919627485,13133.929661493465,0.7429525222551929
GRU_matched,7,30,15453.699796468569,21254.53656127611,0.7006930214783871,0.2993069785216129,2057.6759563161463,17924.495207298936,23249.837373316484,15845.158243253158,0.8807863501483679
GRU_matched,8,1,2206.4116309342967,6470.506489210015,1.083774252685644,-0.0837742526856439,959.420878985804,3209.203154347844,,10521.44588141453,0.1504451038575667
GRU_matched,8,3,4823.137964807531,9798.966136545863,1.0221329168913302,-0.0221329168913302,1522.2363195671755,6646.174406362799,9569.010321095457,11000.981930711016,0.3582838773491592
GRU_matched,8,7,7945.582775832714,12836.82084130716,0.9844582034428137,0.0155417965571863,1817.6836060849569,9497.310506622322,14746.020870198652,12058.090302256336,0.5760138476755687
GRU_matched,8,14,11503.950217118228,15957.389990889433,0.8842866495279789,0.1157133504720211,2042.1756058771132,13485.578481040417,17882.02043014745,12983.110003511489,0.7429525222551929
GRU_matched,8,30,15240.455018852625,20711.275742692156,0.6910241959213934,0.3089758040786066,2085.843726351457,17609.698859887845,21572.12357100272,15631.68997866386,0.8807863501483679
GRU_matched,9,1,2204.8744431968203,6396.02613441675,1.0830191966172007,-0.0830191966172007,947.8956866841468,3208.309157542479,,10329.402341715228,0.1504451038575667
GRU_matched,9,3,4802.335763405153,9832.438069921738,1.0177244560609915,-0.0177244560609914,1533.5576997760843,6618.1272083739705,9609.326538674724,11044.393989727652,0.3582838773491592
GRU_matched,9,7,7811.193750194439,12777.52078652847,0.9678073947513868,0.0321926052486131,1837.6408691209203,9338.3891022943,14695.077126027878,11898.518217859144,0.5760138476755687
GRU_matched,9,14,11331.782328880474,16283.41887190626,0.8710524332655054,0.1289475667344946,2000.19103346108,13286.252468566216,18150.282544692804,12443.453952095922,0.7429525222551929
GRU_matched,9,30,14356.221501266027,20595.090963588395,0.6509317738289313,0.3490682261710687,2247.5308111991726,17101.908473546566,22545.91415914012,14465.097734346698,0.8807863501483679
TCN_matched,0,1,2133.395719089112,6444.9598151037335,1.0479093378235576,-0.0479093378235575,965.41763505113,3133.0314288674185,,10497.371870245312,0.1504451038575667
TCN_matched,0,3,4796.503888879286,9904.973508991034,1.016488548864564,-0.016488548864564,1545.0522850660504,6612.183020977023,9657.911535197702,11159.252652282636,0.3582838773491592
TCN_matched,0,7,7598.023428663318,12342.361921420948,0.9413955785659012,0.0586044214340988,1757.1921757858925,8944.894611015216,13927.173480788357,10882.009468988195,0.5760138476755687
TCN_matched,0,14,11331.191616476108,16210.96389416299,0.8710070263328403,0.1289929736671596,1944.281569897401,13076.886798332698,18718.31970916973,12208.527364187505,0.7429525222551929
TCN_matched,0,30,15625.91796406126,21417.789236861376,0.708501641407161,0.291498358592839,2123.7281781009715,18287.430971467445,24958.45916649474,15665.793728659972,0.8807863501483679
TCN_matched,1,1,2253.706743034519,6488.782217393621,1.1070052872095135,-0.1070052872095137,958.3353937521674,3251.604408526866,,10537.300668333368,0.1504451038575667
TCN_matched,1,3,5017.48138376499,10199.088994922764,1.063318718986782,-0.0633187189867818,1562.576316306252,6803.475273804142,10237.400172205647,11475.68987700386,0.3582838773491592
TCN_matched,1,7,7829.980311921398,12830.68218993748,0.9701350509256882,0.0298649490743118,1846.0589438277611,9356.74008506057,15075.48804761024,12091.797213948008,0.5760138476755687
TCN_matched,1,14,11479.97335508614,15756.8236975216,0.8824435940042337,0.1175564059957663,1893.541208436676,13219.596775336786,17614.9539833799,12146.861620774953,0.7429525222551929
TCN_matched,1,30,15546.89253554578,20895.457632908117,0.704918514582555,0.295081485417445,2087.473594850157,17929.018168222967,20907.025442922477,16151.860133040258,0.8807863501483679
TCN_matched,2,1,2186.97337797091,6387.641554649245,1.074226316215608,-0.074226316215608,946.079748490636,3176.108181084573,,10332.074494465898,0.1504451038575667
TCN_matched,2,3,4834.054682642575,9777.259705145529,1.0244464183347954,-0.0244464183347954,1516.5185768555402,6604.894959217926,9572.30572739279,10944.95772006919,0.3582838773491592
TCN_matched,2,7,7733.464200127181,12494.579692835396,0.958176698630974,0.041823301369026,1764.98950254939,9105.39548851899,14162.212232259908,11118.159419095233,0.5760138476755687
TCN_matched,2,14,11489.939685450352,16203.804013900044,0.8832096867566818,0.1167903132433182,1948.680407487024,13283.843186749744,18293.7573172464,12489.840578472977,0.7429525222551929
TCN_matched,2,30,15588.52340260166,21558.13981943308,0.7068061180955219,0.2931938819044781,1986.6538601048755,17946.237396906912,23894.742382136887,15719.78657785718,0.8807863501483679
TCN_matched,3,1,2115.741910746948,6420.726664385008,1.0392379083065808,-0.0392379083065808,964.489101978206,3112.249856836996,,10421.248672622592,0.1504451038575667
TCN_matched,3,3,4835.914353307981,9904.621117001336,1.0248405249549166,-0.0248405249549166,1550.0421450927931,6638.247297929828,9740.329579548365,11161.474672278271,0.3582838773491592
TCN_matched,3,7,7823.20102111399,12641.817002692236,0.9692950963701612,0.0307049036298387,1805.7567371633688,9350.06002205528,14696.496897568306,11702.319631782584,0.5760138476755687
TCN_matched,3,14,11585.6901180663,16312.768742269316,0.8905698393695485,0.1094301606304515,2057.692879020809,13555.714889084382,18830.850668735617,13193.06639888536,0.7429525222551929
TCN_matched,3,30,16055.400951410576,21470.709553750978,0.7279750190476484,0.2720249809523516,2215.445595750239,18512.24498011536,23887.33071786358,16552.235685720745,0.8807863501483679
TCN_matched,4,1,2176.8906610201334,6394.64693500547,1.0692737548371398,-0.0692737548371398,949.7859073481457,3182.323811190912,,10339.38010922672,0.1504451038575667
TCN_matched,4,3,4818.2475373664365,9852.773093792488,1.02109652380001,-0.02109652380001,1533.3680670496683,6625.23120268186,9635.659713471656,11061.63912291964,0.3582838773491592
TCN_matched,4,7,7929.934799718021,12569.507341330798,0.9825194182223964,0.0174805817776037,1736.0020839467682,9357.31716745444,13868.117592146238,10849.72654393704,0.5760138476755687
TCN_matched,4,14,11769.269406520143,16656.453848635803,0.904681228139992,0.0953187718600081,1966.516975559977,13675.011795842276,18796.140204130414,12584.860147256846,0.7429525222551929
TCN_matched,4,30,15240.304148372032,21408.96210770073,0.6910173552363607,0.3089826447636393,1962.1717890690632,17514.44716304649,24178.768539020835,15310.97311234796,0.8807863501483679
TCN_matched,5,1,2128.9909228400684,6428.476997485915,1.0457457321318044,-0.0457457321318044,961.0876744484896,3134.1864627830923,,10443.558070279109,0.1504451038575667
TCN_matched,5,3,4789.109261132223,9899.384228250388,1.01492145862506,-0.0149214586250601,1546.408009432851,6616.509544767094,9658.62298381078,11167.476282362097,0.3582838773491592
TCN_matched,5,7,7812.717735439147,12286.230928886564,0.9679962166186312,0.0320037833813686,1725.5838037018689,9144.191024797354,13877.380466629396,10964.55927766186,0.5760138476755687
TCN_matched,5,14,11745.59906971932,16174.458308372225,0.9028617346244816,0.0971382653755184,1984.0876619264484,13794.110763591088,18524.129099094647,13023.816959883556,0.7429525222551929
TCN_matched,5,30,16116.291968754453,20944.554403265152,0.7307359055334416,0.2692640944665584,2015.9221245923636,18594.784864042947,20312.86154940349,16725.4491308104,0.8807863501483679
TCN_matched,6,1,2160.2741752883703,6401.168702800533,1.0611118510682689,-0.0611118510682688,953.9424063329798,3172.811797760608,,10376.64164102088,0.1504451038575667
TCN_matched,6,3,4807.403613233842,9920.64769591974,1.018798449002011,-0.0187984490020109,1540.439877548845,6626.767077341574,9627.5968688532,11148.235664545276,0.3582838773491592
TCN_matched,6,7,7807.178805816698,12465.496812656267,0.9673099428915868,0.0326900571084132,1709.300211831206,9153.074674296322,13692.808759237128,10701.938863097055,0.5760138476755687
TCN_matched,6,14,11595.986991822208,16521.427950579837,0.8913613403602844,0.1086386596397156,1851.423427965059,13365.130741483616,18513.66424917992,12461.789767919376,0.7429525222551929
TCN_matched,6,30,15180.187701229816,21224.39119491793,0.6882915888798633,0.3117084111201367,1692.4931557416528,17174.43787975412,24977.69709670421,15281.192787115897,0.8807863501483679
TCN_matched,7,1,2142.148489533346,6450.640947523186,1.052208638604125,-0.0522086386041249,965.7489197017774,3161.911310144447,,10490.178297857825,0.1504451038575667
TCN_matched,7,3,4785.306226845049,9904.045196108867,1.0141155089389118,-0.0141155089389117,1550.5594906966294,6619.758783596262,9637.414353657869,11155.082171597673,0.3582838773491592
TCN_matched,7,7,7830.144752962374,12702.978929262375,0.9701554251809617,0.0298445748190383,1822.023076975672,9296.50115070707,14695.502790517923,11730.663294953602,0.5760138476755687
TCN_matched,7,14,11922.611077346735,16606.360119507677,0.9164683090790672,0.0835316909209327,2083.2324158260494,14002.615256801457,19255.806922354317,13622.46012035413,0.7429525222551929
TCN_matched,7,30,16074.9502825608,21812.420197229578,0.7288614138975511,0.2711385861024489,2131.5638511187103,18473.776791070664,24618.26845641711,16519.706309054578,0.8807863501483679
TCN_matched,8,1,2216.1605216625994,6389.303481991358,1.0885628409143535,-0.0885628409143537,944.3665983730056,3203.991617128893,,10337.264444801594,0.1504451038575667
TCN_matched,8,3,4795.81817765379,9894.509128902284,1.0163432310195897,-0.0163432310195894,1544.4552354557686,6616.241965054961,9641.028048432712,11142.707426760717,0.3582838773491592
TCN_matched,8,7,7695.0685224067165,12423.076383059895,0.9534194717572416,0.0465805282427584,1747.131129331658,9099.66470096698,14055.505643733408,10910.385184699382,0.5760138476755687
TCN_matched,8,14,11611.500940239,16291.313999947744,0.892553867901478,0.107446132098522,1915.667073298955,13586.206272006184,18341.92481714885,12489.559071530284,0.7429525222551929
TCN_matched,8,30,15524.490230033578,21209.06279327777,0.7039027617632195,0.2960972382367804,2086.0426942823924,18164.437374298464,24355.676519638197,15635.651559949722,0.8807863501483679
TCN_matched,9,1,2150.808092970069,6396.24877906637,1.0564621763899165,-0.0564621763899164,951.0334903861929,3162.5891466732637,,10350.623472595476,0.1504451038575667
TCN_matched,9,3,4818.762845387785,9851.49072855985,1.021205729320317,-0.0212057293203169,1532.6340956421689,6647.0228695838105,9654.433398987278,11093.757593003804,0.3582838773491592
TCN_matched,9,7,7897.177473847956,12723.495063585478,0.9784607834959768,0.0215392165040231,1749.7406636470716,9294.51263665982,14189.10267130795,10622.769903521505,0.5760138476755687
TCN_matched,9,14,11880.923331491984,17039.1546721485,0.913263851791568,0.0867361482084319,1999.5313124506056,13916.452136503574,19619.4727768374,12964.03140065891,0.7429525222551929
TCN_matched,9,30,16018.527149483529,21700.23713238424,0.7263031077237618,0.2736968922762381,2017.0368616278288,18353.75741972441,24766.37071329068,16250.142383675671,0.8807863501483679
STGCN_matched,0,1,2114.991886857014,6422.612146675201,1.0388695017185203,-0.0388695017185203,963.388953093215,3105.170349520461,,10447.299197934875,0.1504451038575667
STGCN_matched,0,3,4897.746805229263,9963.738213682478,1.0379442314841505,-0.0379442314841502,1546.4506231045498,6678.005895359657,9819.398156895271,11206.63498759622,0.3582838773491592
STGCN_matched,0,7,7917.125094436616,12652.827931863278,0.9809322949359432,0.0190677050640567,1800.020982818141,9418.23357801782,14551.356298346327,11653.589448864675,0.5760138476755687
STGCN_matched,0,14,11640.043892273135,16259.497721762687,0.894747910030098,0.1052520899699019,2027.642885671607,13696.03073091371,18400.985853343656,13066.31618513626,0.7429525222551929
STGCN_matched,0,30,16361.873101188205,21488.853530061333,0.741870908022775,0.258129091977225,2384.9157364158914,19110.99223314179,23935.298587576726,16850.987304208236,0.8807863501483679
STGCN_matched,1,1,2118.250578073634,6422.262105738892,1.040470148482937,-0.040470148482937,963.8890357081068,3127.0744442630016,,10414.671227223156,0.1504451038575667
STGCN_matched,1,3,4820.515034964988,9835.900177978849,1.0215770582469537,-0.0215770582469536,1526.2087485428735,6629.387526199193,9611.796648372328,11022.857892942064,0.3582838773491592
STGCN_matched,1,7,7785.290043826712,12510.855783589492,0.9645979239104502,0.0354020760895498,1781.445929326267,9166.92457895203,14091.40440108856,11264.969385607266,0.5760138476755687
STGCN_matched,1,14,11732.981513475052,16315.010570982357,0.901891847209646,0.0981081527903539,2038.51065929841,13674.04701814754,18426.32047628117,13059.370542409742,0.7429525222551929
STGCN_matched,1,30,15857.012535362466,21226.519214515385,0.7189798023359308,0.2810201976640691,2222.7628056248727,18449.253502633423,22459.46452204321,16292.231636107856,0.8807863501483679
STGCN_matched,2,1,2184.7001326227937,6373.876947371135,1.0731097136996568,-0.0731097136996568,942.9111467454818,3174.648460120086,,10306.623714461057,0.1504451038575667
STGCN_matched,2,3,4783.733747303516,9934.407810905224,1.0137822646667662,-0.0137822646667662,1552.8406157283443,6620.179646173038,9658.114438641736,11254.544464812789,0.3582838773491592
STGCN_matched,2,7,7782.764985962,12538.215189967505,0.9642850690829043,0.0357149309170955,1754.0975545707126,9141.105563577525,13958.504013522224,10863.721371955957,0.5760138476755687
STGCN_matched,2,14,11494.806518075047,16492.93356885374,0.8835837908717276,0.1164162091282724,1989.332776499493,13446.47359871485,19224.6967194936,12632.274781251535,0.7429525222551929
STGCN_matched,2,30,15806.577878129372,21737.52503038452,0.7166930222878314,0.2833069777121686,2108.962156233355,18054.408695526257,24665.54259193009,16092.771841470088,0.8807863501483679
STGCN_matched,3,1,2129.010993593024,6419.85351977206,1.0457555907479306,-0.0457555907479305,955.0147158608328,3103.268899510399,,10448.011024025993,0.1504451038575667
STGCN_matched,3,3,4824.697394959108,9854.362848105684,1.0224633957001783,-0.0224633957001785,1514.006106242549,6625.107391519112,9594.009965315026,11041.728843622404,0.3582838773491592
STGCN_matched,3,7,7856.734011024422,12556.819748548423,0.9734498359197508,0.0265501640802491,1744.1826004975765,9272.654111701504,14110.033562750352,11028.373187372776,0.5760138476755687
STGCN_matched,3,14,11486.176832750043,16206.041656387348,0.8829204434668358,0.1170795565331641,1911.6086238601476,13306.589830683004,18384.45764784405,12108.061493396335,0.7429525222551929
STGCN_matched,3,30,15387.18708284809,20769.620259738243,0.6976772391811207,0.3023227608188793,2220.546248636865,17766.701329331623,20939.84132520155,16138.005550854055,0.8807863501483679
STGCN_matched,4,1,2245.712667732258,6379.308242734922,1.103078652276506,-0.1030786522765061,939.8092412131036,3202.6871060880267,,10282.05671526568,0.1504451038575667
STGCN_matched,4,3,4754.743004460353,9837.102725889536,1.0076384651815882,-0.0076384651815881,1536.953210693964,6564.6585629161855,9588.905328452029,11054.286706415827,0.3582838773491592
STGCN_matched,4,7,7821.711059116519,12553.16202526932,0.9691104899853796,0.0308895100146202,1760.790553900743,9282.146216026484,14303.654790115135,11247.201250877164,0.5760138476755687
STGCN_matched,4,14,11493.33497536984,16369.912044123092,0.8834706761986052,0.1165293238013948,1984.4423852574669,13285.4674969648,18162.748742733787,12248.320415684202,0.7429525222551929
STGCN_matched,4,30,14937.35908317424,20490.807518288497,0.6772813893595085,0.3227186106404914,2284.520737060609,17873.993790621582,23387.50797994726,14893.795910868834,0.8807863501483679
STGCN_matched,5,1,2126.242590522215,6411.201620957927,1.0443957701563715,-0.0443957701563717,960.6198878316048,3121.2770923347152,,10426.239024726186,0.1504451038575667
STGCN_matched,5,3,4933.52954122767,9842.862150312092,1.0455274091969329,-0.0455274091969328,1504.2084719042953,6723.048813690633,9739.664497626036,11006.331837969612,0.3582838773491592
STGCN_matched,5,7,7954.692769463693,12741.471774684143,0.9855869322241192,0.0144130677758806,1809.6178086576251,9440.248412102535,14476.241144608404,11772.438102720833,0.5760138476755687
STGCN_matched,5,14,11628.454701631848,16070.151597236683,0.8938570711122039,0.106142928887796,1933.100700524473,13462.835638484246,17852.28565774975,12470.793233427166,0.7429525222551929
STGCN_matched,5,30,17551.592739459535,22566.162114496863,0.7958145111101735,0.2041854888898264,2407.147378648778,19938.05554925746,20274.83865546317,18821.60766599404,0.8807863501483679
STGCN_matched,6,1,2195.299213329655,6389.799575728403,1.078315909411818,-0.0783159094118179,944.657693363946,3192.7190492657146,,10308.398581208045,0.1504451038575667
STGCN_matched,6,3,4802.520225590569,9859.437674742056,1.0177635478043776,-0.0177635478043776,1550.0102832331158,6634.645172447089,9684.928595368612,11151.042577879947,0.3582838773491592
STGCN_matched,6,7,7822.063297100186,12591.77295743789,0.9691541322936116,0.0308458677063883,1801.3863013076138,9362.238791767511,14653.171425722689,11399.106578004858,0.5760138476755687
STGCN_matched,6,14,11543.72372895501,16334.837667404754,0.8873439633078816,0.1126560366921184,2002.7410295087784,13393.292269130532,17931.657724348235,12615.24299547557,0.7429525222551929
STGCN_matched,6,30,14516.091059983508,20125.73975498494,0.6581804900338213,0.3418195099661787,2079.761296283162,17287.20698889302,22890.278072748537,14443.733135460314,0.8807863501483679
STGCN_matched,7,1,2161.8225739941317,6404.960718532122,1.0618724138874038,-0.0618724138874038,954.8232806103669,3162.935960685463,,10367.442139520726,0.1504451038575667
STGCN_matched,7,3,4878.168744642258,10050.545348781368,1.033795194006706,-0.033795194006706,1560.0517271463666,6694.763972772608,9852.3965721276,11325.432707371669,0.3582838773491592
STGCN_matched,7,7,7736.359556052089,12489.667786534566,0.9585354334113644,0.0414645665886356,1768.4810520243652,9116.48242378624,13923.94399998051,10992.608888041348,0.5760138476755687
STGCN_matched,7,14,11778.781557226586,16786.21259839665,0.9054124089708588,0.0945875910291412,2013.021764052052,13741.033490569664,19388.16999339989,12962.359526145076,0.7429525222551929
STGCN_matched,7,30,15923.109221885805,21762.509421180872,0.7219767213650121,0.2780232786349879,2170.8745168885957,18251.066763420185,25007.795831561445,16209.548352999427,0.8807863501483679
STGCN_matched,8,1,2156.9081304961906,6406.308567354319,1.0594584729641994,-0.0594584729641993,959.1901838073944,3153.509310984832,,10429.349391702646,0.1504451038575667
STGCN_matched,8,3,4978.883315880709,9634.561214840844,1.0551389082492917,-0.0551389082492916,1476.875905049925,6652.031148373574,9561.51869877853,10379.90369001203,0.3582838773491592
STGCN_matched,8,7,8195.051815430157,12962.687238830362,1.0153674330695812,-0.0153674330695812,1718.109588474456,9686.973353287058,14137.891297671242,10404.88352330356,0.5760138476755687
STGCN_matched,8,14,12299.32461590976,17945.407737654252,0.9454255582465776,0.0545744417534224,1953.153154671832,14112.247534894384,21126.34084578061,12725.926934614828,0.7429525222551929
STGCN_matched,8,30,15673.857452833943,22390.860729744192,0.7106752869210939,0.289324713078906,1866.5607164117216,17937.947027104834,25598.455903474674,15735.509935845168,0.8807863501483679
STGCN_matched,9,1,2209.648267447558,6442.477723581256,1.0853640663311102,-0.0853640663311101,959.7258720934948,3225.030474033881,,10499.27111699866,0.1504451038575667
STGCN_matched,9,3,4800.932436807869,9784.772365742992,1.017427059154932,-0.0174270591549319,1520.8353825352356,6561.229996466876,9619.888397230898,10987.13825220408,0.3582838773491592
STGCN_matched,9,7,7622.575474940531,12483.202917489598,0.9444375786369882,0.0555624213630118,1773.5187609878574,9030.486899803243,14310.358284810514,10707.047986804151,0.5760138476755687
STGCN_matched,9,14,11177.050522438907,16277.970055546191,0.859158495260626,0.1408415047393739,2062.526347861585,13154.393570752827,19061.453811392872,12304.916729420987,0.7429525222551929
STGCN_matched,9,30,15537.846630658449,20927.127079263748,0.7045083602175168,0.2954916397824831,2236.3983897140374,18144.032463677624,23456.939378151743,15754.397401059005,0.8807863501483679
AGCRN_matched,0,1,2188.8155797817185,6461.110314999798,1.0751311931038612,-0.0751311931038611,952.6672155039032,3156.4201495052894,,10495.558909092437,0.1504451038575667
AGCRN_matched,0,3,4807.166488482707,9866.797158949648,1.018748196860083,-0.0187481968600831,1540.3656237783423,6626.090946494167,9596.939459923984,11127.280173923098,0.3582838773491592
AGCRN_matched,0,7,8051.404663327799,13236.291626041942,0.9975695419295518,0.0024304580704481,1903.9219214592529,9665.347624147456,15725.035879649857,12677.092177096976,0.5760138476755687
AGCRN_matched,0,14,11809.705020599777,16638.495637505624,0.907789436452896,0.0922105635471041,2140.6216571403547,13594.198559844015,18579.51358161928,14547.440067276562,0.7429525222551929
AGCRN_matched,0,30,16036.1126729973,21317.070373253155,0.7271004607050823,0.2728995392949177,2286.9377559544164,18566.40149667145,20204.589527206503,17144.068394527243,0.8807863501483679
AGCRN_matched,1,1,2150.05185686331,6419.35842574338,1.0560907184035797,-0.0560907184035797,956.9797101342184,3156.800387894601,,10411.344724179651,0.1504451038575667
AGCRN_matched,1,3,5315.086932244956,9670.418112383422,1.1263881210172524,-0.1263881210172524,1399.2715824567972,6840.911518280964,9581.783834191869,10260.300326930055,0.3582838773491592
AGCRN_matched,1,7,8926.5804528699,13000.66603041027,1.1060038770534428,-0.1060038770534428,1591.1667683499095,10139.8094762706,13395.02847590588,10773.910248910624,0.5760138476755687
AGCRN_matched,1,14,12744.437282526836,17255.69811345248,0.9796405175602556,0.0203594824397443,1642.6067664404777,14300.23686798827,17544.76923192973,12978.245162862884,0.7429525222551929
AGCRN_matched,1,30,13386.007489712603,18647.19496458585,0.606940872220283,0.3930591277797169,1571.375666219653,15120.194826420762,22161.454643603705,12980.479580725738,0.8807863501483679
AGCRN_matched,2,1,2206.6363982053117,6427.93324446091,1.08388465682681,-0.0838846568268101,950.7748944394988,3200.117845954044,,10441.008846960303,0.1504451038575667
AGCRN_matched,2,3,4811.406530272127,9883.022717141796,1.0196467584010516,-0.0196467584010515,1539.0294567493374,6649.479277001055,9657.7445774363,11150.22751550148,0.3582838773491592
AGCRN_matched,2,7,7911.380897705277,12798.227989405232,0.9802205886012544,0.0197794113987457,1788.5249916147118,9519.906918567314,14801.572192456722,11955.234493607068,0.5760138476755687
AGCRN_matched,2,14,11229.472382284996,15891.729349231906,0.8631880633594469,0.1368119366405531,1987.7682600264195,13070.268898374734,17636.710865918885,13348.768548480582,0.7429525222551929
AGCRN_matched,2,30,13818.4846909205,19201.35611877075,0.6265500118325411,0.3734499881674589,1959.3313603488737,15866.128052698825,20484.12015651613,14142.427062968383,0.8807863501483679
AGCRN_matched,3,1,2247.4782510461555,6386.736374547408,1.1039458946848335,-0.1039458946848337,936.088368596116,3210.769519853851,,10288.558400873511,0.1504451038575667
AGCRN_matched,3,3,4807.222501136185,9882.531990854524,1.0187600672186132,-0.0187600672186132,1541.5313509895489,6591.452885337277,9619.732589289935,11155.246818276724,0.3582838773491592
AGCRN_matched,3,7,7878.066556545244,12679.811538458544,0.97609293964553,0.0239070603544701,1779.6350341152013,9392.828704235995,14223.276910044053,11447.981966629104,0.5760138476755687
AGCRN_matched,3,14,11907.095218293942,16767.13462144455,0.9152756346709386,0.0847243653290613,2039.987785271609,13989.237358174454,18600.954469567605,13122.453736486994,0.7429525222551929
AGCRN_matched,3,30,14452.412459721889,21179.77859267548,0.6552932105209227,0.3447067894790773,2030.1385839225557,16801.328877369626,23984.36674194005,14615.650019958368,0.8807863501483679
AGCRN_matched,4,1,2159.938562650468,6420.87087078488,1.0609470004435102,-0.0609470004435102,947.9949707616116,3154.7138899237966,,10399.181205979212,0.1504451038575667
AGCRN_matched,4,3,4850.8468678026975,9887.803995182414,1.0280050652828887,-0.0280050652828887,1542.2441663016946,6674.191434578382,9695.419268057489,11191.509803404046,0.3582838773491592
AGCRN_matched,4,7,8370.590202806718,13595.457744991209,1.037116650256972,-0.0371166502569719,1907.1651409553303,9998.348849820724,16396.325003488986,13128.714965671856,0.5760138476755687
AGCRN_matched,4,14,11928.155310049622,16649.725980081177,0.9168944836424572,0.0831055163575428,2120.1685847066638,13665.84961627347,18423.342128570792,14588.956554690494,0.7429525222551929
AGCRN_matched,4,30,16154.114625799082,21264.690419158967,0.7324508393159005,0.2675491606840995,2276.9818523862264,18600.37772997048,19878.850479357054,17252.887307345627,0.8807863501483679
AGCRN_matched,5,1,2192.231255199448,6443.926058917227,1.0768089494306348,-0.0768089494306347,956.7554339209016,3206.273039935612,,10460.68668126056,0.1504451038575667
AGCRN_matched,5,3,4866.54994799054,10013.749574067104,1.0313329060524652,-0.0313329060524651,1559.3580132585491,6703.494270577371,9833.920334010903,11349.03008147621,0.3582838773491592
AGCRN_matched,5,7,7727.917447538653,12431.28742196276,0.9574894556379424,0.0425105443620575,1745.1017531900884,9178.473841876656,13879.72434127571,11039.599974067758,0.5760138476755687
AGCRN_matched,5,14,11432.916444332224,16019.011021008171,0.8788264192805638,0.1211735807194361,2012.802608561541,13383.305394038603,17973.442064798994,13077.397707655484,0.7429525222551929
AGCRN_matched,5,30,14770.342038168494,20884.67870085369,0.6697085958249654,0.3302914041750345,2064.751572776092,17147.470414296873,23645.68559760887,15124.080280338723,0.8807863501483679
AGCRN_matched,6,1,2325.8821290656547,6364.520297910642,1.14245734155944,-0.1424573415594399,922.1621197474938,3256.103129007872,,10240.371020635966,0.1504451038575667
AGCRN_matched,6,3,4844.708127634446,9757.634658742849,1.026704126259374,-0.0267041262593741,1492.79782114134,6586.791008137351,9425.089544879613,10797.135443631334,0.3582838773491592
AGCRN_matched,6,7,7913.215870060092,12640.597842509467,0.9804479417909138,0.0195520582090862,1730.3032865383732,9419.093544824444,13265.323420819452,10646.113476543993,0.5760138476755687
AGCRN_matched,6,14,11628.407510242656,16791.62803586705,0.8938534436003799,0.1061465563996201,1948.9994259086452,13455.01023192178,18185.36644843641,12407.144126642988,0.7429525222551929
AGCRN_matched,6,30,13946.53136334076,20775.72671576312,0.6323558325078533,0.3676441674921467,1911.542488741196,15724.024794354636,23786.95615364878,13998.211390068196,0.8807863501483679
AGCRN_matched,7,1,2221.9029492531745,6477.464364472977,1.0913834819422212,-0.0913834819422212,960.8710235123964,3224.949022234624,,10537.990864828433,0.1504451038575667
AGCRN_matched,7,3,4849.043346749851,9895.376011052029,1.02762285804605,-0.02762285804605,1535.2848295130989,6669.8215271904055,9680.955263724189,11167.347189030022,0.3582838773491592
AGCRN_matched,7,7,7717.59703662325,12547.488610894998,0.9562107560793056,0.0437892439206945,1752.2565131875951,9211.545641430956,14045.1681463469,11269.958303639263,0.5760138476755687
AGCRN_matched,7,14,11396.8863835329,16198.123601936788,0.8760568574217934,0.1239431425782066,2024.5566598941505,13382.154700898762,17937.141863099016,13131.455907221853,0.7429525222551929
AGCRN_matched,7,30,14630.01344848079,20661.487529318587,0.6633458953193851,0.3366541046806148,2162.5166159841024,16961.64411570192,22819.53176510999,14933.237517276162,0.8807863501483679
AGCRN_matched,8,1,2249.92111328518,6480.082977702212,1.105145811853686,-0.1051458118536858,952.837496725558,3240.5366605253,,10539.20530013504,0.1504451038575667
AGCRN_matched,8,3,4910.509630328135,9835.848152996796,1.0406489651536557,-0.0406489651536554,1499.7470861259114,6701.898193141564,9567.66834911486,10949.12312667144,0.3582838773491592
AGCRN_matched,8,7,7964.337961831468,12583.467975992084,0.9867819721624258,0.0132180278375741,1677.5830797421686,9422.95610702182,13387.120109782953,10729.845822558673,0.5760138476755687
AGCRN_matched,8,14,11996.635263528393,16894.308819354083,0.922158406684428,0.0778415933155719,1852.5275478127644,13928.25678422428,18292.43816454537,12715.70706842788,0.7429525222551929
AGCRN_matched,8,30,13976.87604555793,19880.3220885521,0.6337317041339743,0.3662682958660257,1808.2702113961589,15870.83605371061,24156.799070556917,13903.866335361165,0.8807863501483679
AGCRN_matched,9,1,2204.9590425271654,6422.2561215546775,1.0830607512277444,-0.0830607512277443,950.4815836873806,3213.150395858044,,10388.47576868151,0.1504451038575667
AGCRN_matched,9,3,5153.539935794402,9979.570021781738,1.0921526287087449,-0.0921526287087448,1499.6367570524958,6897.2843370542405,9699.751726479708,11142.683133304869,0.3582838773491592
AGCRN_matched,9,7,8470.85165562868,12996.938267405909,1.0495390505395406,-0.0495390505395405,1723.735665686282,9963.582924178636,13689.42533539926,11577.889074094472,0.5760138476755687
AGCRN_matched,9,14,13049.42816473988,17660.993010447095,1.0030845833184188,-0.0030845833184187,2085.366292156931,14878.226635947089,17255.777165102354,13850.551773280808,0.7429525222551929
AGCRN_matched,9,30,16707.64964541188,22594.389822002027,0.7575489148897007,0.2424510851102993,2377.110308452156,19333.86680443922,25793.835972884008,16743.572361600352,0.8807863501483679
GWNet_matched,0,1,2152.2191542873484,6389.021485683933,1.0571552800262405,-0.0571552800262402,953.2300221922465,3158.3107527039992,,10342.727547165488,0.1504451038575667
GWNet_matched,0,3,4896.77431113387,9657.227872846775,1.0377381378095265,-0.0377381378095265,1473.4084152914695,6505.192635363025,9426.37946886884,10565.017465920304,0.3582838773491592
GWNet_matched,0,7,8502.159240930514,12974.28102012812,1.05341806231878,-0.0534180623187798,1664.3883294547263,9735.045615197978,13817.392737964292,10472.438093260827,0.5760138476755687
GWNet_matched,0,14,12579.08694933382,17874.546090786545,0.9669303537141004,0.0330696462858995,1779.10668352416,14315.811284487188,20786.717556138567,12781.499643091684,0.7429525222551929
GWNet_matched,0,30,13238.189269246594,19117.85320681742,0.600238581060754,0.399761418939246,1444.1624838895746,14917.61408500657,24590.362160843222,12888.67260698185,0.8807863501483679
GWNet_matched,1,1,2131.3030605160016,6391.962975639774,1.0468814382922995,-0.0468814382922997,953.8171901657144,3123.584792912277,,10378.984101417696,0.1504451038575667
GWNet_matched,1,3,5256.450647868666,10262.083021516328,1.1139617552730998,-0.1139617552730998,1509.230892740048,6998.710833122136,10157.253563559538,11586.34155473103,0.3582838773491592
GWNet_matched,1,7,7733.338439979625,12546.642776240707,0.9581611169408172,0.0418388830591827,1774.0544116138462,9202.27623263651,14430.455085604206,11517.113978460256,0.5760138476755687
GWNet_matched,1,14,11482.744469409374,16360.274418933192,0.8826566042619367,0.1173433957380633,2119.7158181550785,13618.774083050212,18673.94739309822,13490.889741830655,0.7429525222551929
GWNet_matched,1,30,16453.381570749258,21782.061874181854,0.7460200339196201,0.2539799660803798,2509.647952472344,19006.172766526324,20245.2364911039,17604.52016579524,0.8807863501483679
GWNet_matched,2,1,2367.458839536652,6350.543376280346,1.1628795364427906,-0.1628795364427906,914.0543720671728,3299.655452878838,,10188.53803328851,0.1504451038575667
GWNet_matched,2,3,4819.977939631806,9633.598079663714,1.0214632354984527,-0.0214632354984527,1501.7456804657122,6529.826434551858,9533.45696805816,10744.97451829458,0.3582838773491592
GWNet_matched,2,7,8049.113337052122,12737.80218151288,0.9972856464605226,0.0027143535394773,1768.7235429225568,9665.30467693518,14658.851367121692,10890.241508634925,0.5760138476755687
GWNet_matched,2,14,12196.760697177486,17510.162258121196,0.9375416659881372,0.0624583340118628,2001.8329163720048,14253.10093095144,21131.80215357877,13320.860919911376,0.7429525222551929
GWNet_matched,2,30,13922.729480437316,20437.15429443602,0.6312766208324525,0.3687233791675475,1562.7664002643382,15831.048939519083,25017.15414213758,13850.23298633936,0.8807863501483679
GWNet_matched,3,1,2141.9081537848983,6435.606534078083,1.052090587333675,-0.052090587333675,962.8768843478312,3149.662870530325,,10466.64158340506,0.1504451038575667
GWNet_matched,3,3,5161.359557436985,9578.396363442678,1.0938097848458572,-0.0938097848458572,1428.3980613619456,6735.270008547347,9431.828786185828,10095.714423318435,0.3582838773491592
GWNet_matched,3,7,9386.52002281659,14504.57889273146,1.162990418569213,-0.162990418569213,1735.1593001442427,10846.58105937056,14668.533546785116,10866.574761312642,0.5760138476755687
GWNet_matched,3,14,13186.242682672486,19289.883443152903,1.0136012536261,-0.0136012536261,1957.0705481096777,15030.200850852236,22784.831476576157,13159.491724249476,0.7429525222551929
GWNet_matched,3,30,13728.315901977312,19917.04133157357,0.6224616289857302,0.3775383710142698,1678.644484285534,15782.895013403691,25028.61518202385,13393.373391938943,0.8807863501483679
GWNet_matched,4,1,2127.149132301587,6422.099483402038,1.0448410572576965,-0.0448410572576962,964.524688404282,3114.377315733201,,10455.429078300323,0.1504451038575667
GWNet_matched,4,3,4836.179700252624,9868.656755826609,1.0248967580232002,-0.0248967580232002,1535.735762789194,6654.91248421837,9622.595931822763,11063.584572336811,0.3582838773491592
GWNet_matched,4,7,7782.528882590416,12667.791758577288,0.9642558158603816,0.0357441841396184,1739.4067873162037,9297.03767862672,14472.096819442751,10659.04730940624,0.5760138476755687
GWNet_matched,4,14,11407.607992678217,16591.650670956245,0.8768810070095195,0.1231189929904804,1920.808144735792,13572.307034306796,18957.36649343419,12224.554082424736,0.7429525222551929
GWNet_matched,4,30,15324.515973643043,21473.924736550493,0.6948356407647777,0.3051643592352223,2126.9656393128994,17849.45271564866,25384.952909254727,15408.087700990654,0.8807863501483679
GWNet_matched,5,1,2138.3221395509536,6414.671776188179,1.050329161749244,-0.050329161749244,959.7078254356398,3134.1443217517294,,10421.350413470893,0.1504451038575667
GWNet_matched,5,3,4846.63363412716,9831.698457445504,1.0271121849925582,-0.0271121849925581,1514.2703698597438,6656.036111956576,9581.128664663704,10989.137180192814,0.3582838773491592
GWNet_matched,5,7,7862.743240842068,12644.075739216394,0.9741943798704285,0.0258056201295715,1781.8488279353548,9243.143675307008,14374.863641639544,11489.475197685812,0.5760138476755687
GWNet_matched,5,14,12193.992389830528,16910.53145072568,0.9373288714973316,0.0626711285026685,1982.7835609775605,14311.01563991637,19012.193269674008,13322.40937447694,0.7429525222551929
GWNet_matched,5,30,15683.944768156232,21659.998098587683,0.71113266033619,0.2888673396638099,2004.0787905588504,18035.49300954019,24976.063368820774,15809.7496630996,0.8807863501483679
GWNet_matched,6,1,2204.6325286940137,6412.916985149226,1.082900369873443,-0.0829003698734429,944.4402517217555,3202.551424544544,,10383.327292460435,0.1504451038575667
GWNet_matched,6,3,4863.742678576758,9720.10228217411,1.0307379816494424,-0.0307379816494424,1483.4459989127802,6588.09234791238,9488.095496550022,10747.028527386465,0.3582838773491592
GWNet_matched,6,7,7680.322516546837,12578.567013953094,0.9515924407078729,0.0484075592921271,1795.20133748444,9156.637235995378,14506.796406229438,11610.030544041118,0.5760138476755687
GWNet_matched,6,14,11209.67767556532,16133.15950534547,0.8616664821153377,0.1383335178846623,1983.963834956469,13206.337271799115,18795.513813050875,12336.34524429221,0.7429525222551929
GWNet_matched,6,30,15373.641839346714,21111.6346938792,0.697063078318632,0.302936921681368,2200.950475819951,17738.3338417653,21820.46810236973,15996.20671460635,0.8807863501483679
GWNet_matched,7,1,2180.708628827457,6400.703224813639,1.0711491144251453,-0.0711491144251452,949.048316937526,3185.5060596586,,10363.049777392043,0.1504451038575667
GWNet_matched,7,3,4882.372799586688,9805.962224770226,1.034686129114612,-0.0346861291146118,1513.7043017462777,6648.340580944779,9736.584976212383,10958.59778317974,0.3582838773491592
GWNet_matched,7,7,7893.8753417208545,12623.99838413928,0.9780516491186642,0.0219483508813358,1757.8466438013318,9253.092895802994,14582.668875588675,10880.20223858492,0.5760138476755687
GWNet_matched,7,14,12261.750239946132,17336.856302832886,0.9425372878349464,0.0574627121650537,1978.6452357870792,14147.05968193891,20292.611242735587,13043.864029029166,0.7429525222551929
GWNet_matched,7,30,15441.43775662262,21617.236933018587,0.700137042919058,0.299862957080942,1939.760231063729,17616.62378885757,25676.50663107888,15378.463903228472,0.8807863501483679
GWNet_matched,8,1,2122.133060906543,6428.433068542753,1.042377197408807,-0.0423771974088069,962.0752334870384,3128.3652819995154,,10437.52777225425,0.1504451038575667
GWNet_matched,8,3,4799.145184162197,9894.726222516065,1.0170482995645425,-0.0170482995645424,1547.5511447061813,6611.679771727313,9642.00594055878,11148.262387617926,0.3582838773491592
GWNet_matched,8,7,7902.573501061885,12840.059103526251,0.9791293516056578,0.0208706483943421,1839.621752545936,9352.035013567258,14767.618255402876,11856.212570109936,0.5760138476755687
GWNet_matched,8,14,11723.107224252282,16481.9332437084,0.9011328294836932,0.0988671705163067,2078.352029407874,13782.536341514986,18457.30489974737,13545.32269504477,0.7429525222551929
GWNet_matched,8,30,16331.659861873788,21666.41836960536,0.7405009962073077,0.2594990037926923,2360.4475328915387,18807.704854359155,22865.0580583101,16980.338827508396,0.8807863501483679
GWNet_matched,9,1,2222.7948660255097,6385.194118756472,1.091821585340446,-0.091821585340446,938.855418679616,3207.779404525312,,10319.491952348511,0.1504451038575667
GWNet_matched,9,3,4815.074996469784,9885.396503628806,1.0204241900404716,-0.0204241900404715,1539.1767130376522,6599.232450269241,9662.403129919498,11120.29530745131,0.3582838773491592
GWNet_matched,9,7,7804.779333937121,12546.57635029799,0.9670126481754628,0.0329873518245371,1757.6379204927812,9103.94524689377,14325.220197253397,10929.95848110852,0.5760138476755687
GWNet_matched,9,14,11835.596310067986,16700.216050472296,0.9097796503519212,0.0902203496480787,1954.8842112453929,13767.488687321333,18953.96892408829,12833.861056531854,0.7429525222551929
GWNet_matched,9,30,14999.926489169702,20926.593464818823,0.6801182857228665,0.3198817142771335,1982.9287175460577,17481.42171197347,24730.928266371884,15004.629053944023,0.8807863501483679
H_real@R,0,1,2143.0483646216094,6413.682136132965,1.0526506510725238,-0.0526506510725237,959.0774764200156,3154.00714984804,,10409.272866714407,0.1504451038575667
H_real@R,0,3,4922.41705690492,9572.508879407287,1.0431724203706545,-0.0431724203706542,1462.8050929394233,6619.1845753409925,9654.628206912776,10522.544692701616,0.3582838773491592
H_real@R,0,7,7667.815822758649,11982.388160914066,0.9500428605644028,0.0499571394355972,1619.6156522202264,8878.479993949097,13648.331911841118,9941.089129892209,0.5760138476755687
H_real@R,0,14,12019.382402415173,17231.44518691353,0.9239069357420908,0.076093064257909,1826.58364377112,13796.322085074213,20771.265272439872,12275.277448623234,0.7429525222551929
H_real@R,0,30,15078.045871681845,21163.88698906339,0.6836603311158388,0.3163396688841612,1830.144657966256,17611.35514067411,26140.08449163248,14873.616830649007,0.8807863501483679
H_real@R,1,1,2126.4392508672445,6421.123835352284,1.0444923683683642,-0.0444923683683642,965.3013194346964,3119.6369354822223,,10432.059006455836,0.1504451038575667
H_real@R,1,3,4967.774406062668,9468.761269970031,1.0527846769420703,-0.0527846769420703,1466.8979652249482,6673.24541497773,9527.624662480632,10329.87171336569,0.3582838773491592
H_real@R,1,7,8312.720582380149,12666.851559398325,1.0299466006625813,-0.0299466006625812,1689.8645511680625,9777.369902207643,14095.96305483468,10449.776655240905,0.5760138476755687
H_real@R,1,14,11994.321034610257,17342.95036130825,0.921980516333928,0.0780194836660721,2019.641398784241,14000.485840023635,20107.94206957991,12549.273969999947,0.7429525222551929
H_real@R,1,30,15073.576898221923,20972.805634398843,0.6834577014182401,0.3165422985817598,2143.171090041184,17518.240961383715,25021.692446262223,14967.752772214164,0.8807863501483679
H_real@R,2,1,2111.535441316387,6412.795637066696,1.0371717193871448,-0.0371717193871448,959.0455492583292,3127.935470175908,,10403.397328235267,0.1504451038575667
H_real@R,2,3,4763.657921238076,9514.315191639043,1.0095277393338815,-0.0095277393338817,1496.6216823958057,6509.134963800861,9455.112763664592,10592.94135568315,0.3582838773491592
H_real@R,2,7,7733.507598551601,12162.498097589072,0.9581820756984772,0.0418179243015228,1670.796204751324,9043.598981714733,14519.937292900797,10371.301609695694,0.5760138476755687
H_real@R,2,14,11796.997777767938,16867.285268756143,0.9068126550016182,0.0931873449983817,1915.8010327741692,13618.958566790729,19972.81677669177,12515.9230952818,0.7429525222551929
H_real@R,2,30,14503.552069534817,20628.659697677154,0.6576119541350075,0.3423880458649925,2046.7316936916156,16942.27651173422,25725.482986436065,14312.42270005337,0.8807863501483679
H_real@R,3,1,2141.308825022956,6433.832246121733,1.0517962011584117,-0.0517962011584116,963.0614838438464,3150.5673033941707,,10436.529829877358,0.1504451038575667
H_real@R,3,3,4816.475317302445,9708.700027784467,1.020720949956467,-0.0207209499564668,1523.2103264715356,6600.992261296557,9658.173431093946,10882.691811707771,0.3582838773491592
H_real@R,3,7,7948.63376980687,12632.344000938516,0.9848362217872512,0.0151637782127487,1681.433786197943,9238.88955123611,14829.112444790866,10612.096348901856,0.5760138476755687
H_real@R,3,14,12230.802111112183,17591.28512185518,0.9401583643661184,0.0598416356338816,1934.79805441621,14115.40458039698,21096.34971025639,12913.358687261149,0.7429525222551929
H_real@R,3,30,15652.508786306034,22228.16661500093,0.7097073076118677,0.2902926923881322,2015.931275189217,18003.26190293594,25397.97668170546,15671.13280221011,0.8807863501483679
H_real@R,4,1,2111.188978960683,6428.512663131615,1.0370015394554528,-0.0370015394554528,963.656976077574,3112.572680938438,,10437.296830424815,0.1504451038575667
H_real@R,4,3,4761.243830924309,9826.062685954104,1.0090161385478262,-0.0090161385478262,1539.7811982263563,6555.30013622413,9565.221206672784,11028.93366765351,0.3582838773491592
H_real@R,4,7,7811.737196983809,12463.920956014394,0.967874727842618,0.032125272157382,1661.1732068188765,9209.460833008026,13677.04011350918,10422.88447865777,0.5760138476755687
H_real@R,4,14,11693.537997561089,16596.925966064427,0.8988598995851458,0.1011401004148542,1834.412154110697,13290.637135469426,18355.17402492048,12173.472171776226,0.7429525222551929
H_real@R,4,30,14271.929081386324,20392.66159450948,0.6471098340247989,0.352890165975201,1971.9202517250444,16667.711154591587,24638.27754963533,14011.80123242455,0.8807863501483679
H_real@R,5,1,2098.792213178233,6399.35901857848,1.0309123331699035,-0.0309123331699037,963.4047408905572,3107.675289755236,,10381.44695066588,0.1504451038575667
H_real@R,5,3,5398.410066790086,9916.884710258872,1.1440461932471104,-0.1440461932471104,1447.1687481675588,6928.035972280579,10063.474867490811,10055.976424778186,0.3582838773491592
H_real@R,5,7,9094.683819835358,14135.120859539047,1.1268318947463505,-0.1268318947463502,1716.0470292070809,10639.433989272504,15665.594424580491,10894.346385255574,0.5760138476755687
H_real@R,5,14,13785.7225387652,19723.89401425021,1.0596821235358913,-0.0596821235358913,2049.987000285262,15849.647850624897,24147.9225697184,13963.082642377714,0.7429525222551929
H_real@R,5,30,15400.736123427456,21847.563216937087,0.6982915722085979,0.301708427791402,1944.9658916978171,17693.34008846987,26424.820760875093,15250.952088481858,0.8807863501483679
H_real@R,6,1,2124.607612538042,6429.151795932651,1.0435926801897892,-0.0435926801897892,962.7341101531562,3135.830478317453,,10445.716580290844,0.1504451038575667
H_real@R,6,3,4873.147416636467,9707.583572944355,1.0327310601007973,-0.0327310601007972,1512.6380051406818,6607.994765626103,9652.128965366726,10864.997070298044,0.3582838773491592
H_real@R,6,7,8029.1873205620095,12614.687262999769,0.994816811769719,0.0051831882302809,1724.2009492338843,9369.577430622665,14445.28487453036,10728.492255972007,0.5760138476755687
H_real@R,6,14,12846.345651381804,18419.571621372263,0.987474018953501,0.012525981046499,2033.826056492844,14760.704705411772,21985.949946783752,13444.586149223138,0.7429525222551929
H_real@R,6,30,16490.957806938957,22902.306240564754,0.7477237946253614,0.2522762053746386,2029.0146471553344,19090.6255959415,28342.621481589416,16547.351439098176,0.8807863501483679
H_real@R,7,1,2159.6186257204345,6385.407699010189,1.0607898496188897,-0.0607898496188896,948.1705476763216,3160.525519829993,,10322.720486875727,0.1504451038575667
H_real@R,7,3,4795.885450036825,9601.1887288459,1.0163574875715686,-0.0163574875715686,1484.7365751631542,6505.803235790934,9519.02745963084,10576.877413502823,0.3582838773491592
H_real@R,7,7,7733.9879121188,12178.941352233143,0.9582415865795282,0.0417584134204718,1629.8893183993284,8958.948949854544,14313.408673448464,10277.74967086213,0.5760138476755687
H_real@R,7,14,11510.284566635211,16726.98454263106,0.8847735588596083,0.1152264411403917,1799.8143270975063,13273.775378139302,20281.89329669989,12159.777639471751,0.7429525222551929
H_real@R,7,30,14412.00331189504,20309.51382615772,0.653461001518608,0.346538998481392,1742.3835586206403,16576.595742208458,25263.51379937915,14320.461948016184,0.8807863501483679
H_real@R,8,1,2166.151439590494,6435.690831512484,1.0639987229635977,-0.0639987229635976,959.6531823269725,3183.1624794043382,,10441.665480145257,0.1504451038575667
H_real@R,8,3,4815.346551751352,9659.119400098876,1.0204817387969185,-0.0204817387969182,1510.086355699482,6604.947835944473,9567.38963935136,10849.638170418964,0.3582838773491592
H_real@R,8,7,7671.3595176153185,12044.906612675795,0.9504819245790346,0.0495180754209654,1683.5169362654487,8927.393313467182,14127.207657701672,10486.283579835475,0.5760138476755687
H_real@R,8,14,11637.951848764576,16304.520786194646,0.8945870986470568,0.1054129013529432,1800.2707412115717,13493.856305417135,18847.112319337262,12535.956326569463,0.7429525222551929
H_real@R,8,30,15291.528310191736,20971.240233336528,0.6933399325602937,0.3066600674397063,1898.7174003670548,17143.808888421147,26841.09167895857,15251.734226461176,0.8807863501483679
H_real@R,9,1,2142.3559305972567,6410.59884155401,1.0523105322312545,-0.0523105322312542,959.7323028128784,3148.245956151889,,10410.325393322408,0.1504451038575667
H_real@R,9,3,4769.173518062515,9571.523974431804,1.0106966200732874,-0.0106966200732874,1489.235743883423,6531.853245262345,9456.89152947661,10661.281459342572,0.3582838773491592
H_real@R,9,7,7800.537163529871,12326.59507345451,0.9664870429963788,0.0335129570036213,1652.0318814064944,9072.003472812215,14523.71932164713,10350.750622024489,0.5760138476755687
H_real@R,9,14,11700.04473330447,16766.189049591892,0.8993600599162742,0.1006399400837257,1819.335275710063,13558.116375495783,20264.782577314498,12473.11937533009,0.7429525222551929
H_real@R,9,30,15897.28586730511,21301.708680652657,0.7208058532503107,0.2791941467496893,2067.775233520798,18201.74071377927,25288.88316776252,15865.765700549098,0.8807863501483679
H_perm@R,0,1,2154.296152849146,6391.750994478787,1.0581754874674003,-0.0581754874674003,953.8676459751034,3165.438290837042,,10364.898949871693,0.1504451038575667
H_perm@R,0,3,4880.048869024482,9591.468069464128,1.0341936352358276,-0.0341936352358276,1477.186048300215,6583.105695987627,9629.947578898911,10627.752401705746,0.3582838773491592
H_perm@R,0,7,7699.325417805197,12116.031599473676,0.9539469013636612,0.0460530986363388,1635.3563302728546,8853.409493152834,13789.645592612567,9949.114600754658,0.5760138476755687
H_perm@R,0,14,12144.614111674184,17590.606755963017,0.9335332577015276,0.0664667422984723,1865.324318797651,13958.839647900868,21458.67949342541,12379.874682545413,0.7429525222551929
H_perm@R,0,30,15087.359875969316,21262.49260165344,0.6840826414940786,0.3159173585059214,1819.0404368729344,17586.716569712367,26503.10880733535,14870.098956808057,0.8807863501483679
H_perm@R,1,1,2146.3863458241904,6386.038601088526,1.054290244533955,-0.054290244533955,958.7664643909552,3150.1885938610994,,10368.85459781452,0.1504451038575667
H_perm@R,1,3,5038.468421404119,9550.95711506284,1.067766350830514,-0.0677663508305139,1462.9035807471034,6655.344864449139,9639.018513993007,10258.255346747648,0.3582838773491592
H_perm@R,1,7,8425.790373825663,13004.257793448329,1.0439559549026092,-0.0439559549026091,1740.6484089954906,9918.83282200512,14631.468145485014,10613.04741737695,0.5760138476755687
H_perm@R,1,14,12141.96244212507,17646.257820324892,0.9333294289351486,0.0666705710648514,2071.2367990143,14153.784937551827,20785.57373283257,12723.039727398284,0.7429525222551929
H_perm@R,1,30,15123.075547361665,21024.541065201087,0.6857020415103616,0.3142979584896384,2146.209563585144,17582.99079807617,24539.32288031903,15151.544328057897,0.8807863501483679
H_perm@R,2,1,2113.4765303100567,6423.039881411531,1.038125168981054,-0.038125168981054,961.2340778747734,3122.5443563004637,,10421.521307589235,0.1504451038575667
H_perm@R,2,3,4789.984004889455,9584.707796635072,1.0151068367740237,-0.0151068367740236,1511.2060094702654,6534.456928469415,9505.032599357231,10711.829574334988,0.3582838773491592
H_perm@R,2,7,7775.968160979425,12275.92224245062,0.9634429420419764,0.0365570579580235,1708.4527507327978,9232.630474846395,14644.468512201727,10553.295472492582,0.5760138476755687
H_perm@R,2,14,11821.313057786563,16941.227001009098,0.9086817240686949,0.0913182759313051,1935.7907216228523,13655.93243869071,20043.792550534075,12629.225758083274,0.7429525222551929
H_perm@R,2,30,14766.76201353478,20925.850769160603,0.6695462723483481,0.3304537276516519,2064.5501787919447,17208.763442496063,25710.887790195367,14626.280747206862,0.8807863501483679
H_perm@R,3,1,2164.0556920120152,6409.818377124319,1.0629693061340997,-0.0629693061340994,953.2021803341532,3171.8203351962825,,10382.676199830184,0.1504451038575667
H_perm@R,3,3,4818.350097890834,9721.045605888989,1.0211182587138203,-0.0211182587138203,1528.4575799029344,6592.939594329204,9659.451741089262,10910.564461759135,0.3582838773491592
H_perm@R,3,7,8043.318331640942,12804.270567862102,0.99656764492722,0.00343235507278,1714.2153041133238,9392.692594238462,14960.673152728576,10821.954862068234,0.5760138476755687
H_perm@R,3,14,12517.133232873624,17991.149853641138,0.9621680900289816,0.0378319099710182,1994.6996201814788,14427.726414322247,21736.079402284115,13289.006556410784,0.7429525222551929
H_perm@R,3,30,15885.00705012777,22631.412692828908,0.7202491139825958,0.2797508860174041,2027.331420411377,18222.047236903916,25907.461466427325,15929.072142759942,0.8807863501483679
H_perm@R,4,1,2130.790790929868,6387.857668272975,1.0466298149867923,-0.0466298149867925,953.1927714554818,3127.730162068387,,10336.930678973116,0.1504451038575667
H_perm@R,4,3,4755.928730073249,9833.100621250403,1.0078897474770947,-0.0078897474770947,1541.9226968279722,6554.968504962158,9580.214872354283,11047.825150960249,0.3582838773491592
H_perm@R,4,7,7831.324325376682,12490.811450237525,0.970301574276954,0.0296984257230459,1658.343298195761,9258.812850413236,13681.727571066169,10398.038914782486,0.5760138476755687
H_perm@R,4,14,11670.336943452694,16596.829081323653,0.8970764789326033,0.1029235210673966,1828.3316491021055,13359.222415339971,18382.34722656407,12153.65496488394,0.7429525222551929
H_perm@R,4,30,14206.622288161692,20386.872225021467,0.6441487298963178,0.3558512701036822,1980.7433123947785,16479.669865733875,24665.506996557877,13943.418450377909,0.8807863501483679
H_perm@R,5,1,2102.301327900448,6398.591727275854,1.0326359862418584,-0.0326359862418583,962.2798951175704,3109.880490321252,,10377.32507577494,0.1504451038575667
H_perm@R,5,3,5040.562551665862,9690.170391208758,1.0682101447854877,-0.0682101447854877,1480.0917940083648,6675.987949478415,9751.648363744807,10566.724281207948,0.3582838773491592
H_perm@R,5,7,8704.41785128742,13529.239400427252,1.0784779168065373,-0.0784779168065372,1699.5909092659929,10126.830781580386,14983.01474584378,10747.854222048754,0.5760138476755687
H_perm@R,5,14,13721.462619665965,19584.460359508517,1.054742586464995,-0.054742586464995,2078.001744264993,15703.248988069075,23896.46927995603,13939.52777749267,0.7429525222551929
H_perm@R,5,30,15326.300473750847,21860.28957388541,0.6949165525715834,0.3050834474284166,1908.3335859585293,17417.645708116153,26535.591804688964,15101.216563891938,0.8807863501483679
H_perm@R,6,1,2115.435520144674,6439.186955743817,1.0390874113452009,-0.0390874113452006,965.4555746021052,3122.947242506108,,10468.302609027933,0.1504451038575667
H_perm@R,6,3,4876.351176588909,9717.137641378602,1.0334100098901466,-0.0334100098901466,1506.2025642030374,6604.515582957335,9658.23255310838,10887.223940009384,0.3582838773491592
H_perm@R,6,7,8018.9306993243135,12657.590622370057,0.9935460157561444,0.0064539842438556,1720.118641378799,9453.863507125165,14561.755964506448,10755.08489560255,0.5760138476755687
H_perm@R,6,14,12766.699152043657,18348.84253649798,0.9813517448896268,0.0186482551103732,2037.3329718565503,14799.290893394196,21869.797291353145,13379.75095383304,0.7429525222551929
H_perm@R,6,30,16303.019107221477,22672.570136930997,0.7392023831127699,0.2607976168872301,2032.6136034809135,18927.93243412539,27809.318883458607,16381.945016366642,0.8807863501483679
H_perm@R,7,1,2130.3715751263994,6395.328052870455,1.046423899060794,-0.0464238990607939,954.6927927712964,3138.569694607015,,10355.329754086162,0.1504451038575667
H_perm@R,7,3,4813.704659363355,9613.058188263338,1.0201337843597842,-0.0201337843597841,1483.0475014313947,6498.302065889249,9547.070825858918,10584.95652203623,0.3582838773491592
H_perm@R,7,7,7706.356989681338,12160.934971451466,0.9548181135594008,0.0451818864405991,1633.6208451498042,8880.91458542413,14256.335488840738,10337.525601695455,0.5760138476755687
H_perm@R,7,14,11548.306887536128,16716.676599963164,0.8876962619417822,0.1123037380582178,1813.362408070328,13301.1985801492,20152.39453457238,12205.394816616685,0.7429525222551929
H_perm@R,7,30,14635.587600762654,20507.772600223263,0.6635986354176141,0.3364013645823859,1770.7080807677344,16891.044894551073,25385.33210735625,14572.1571615124,0.8807863501483679
H_perm@R,8,1,2099.9070134424223,6417.273903056821,1.0314599154098976,-0.0314599154098975,962.0919630881488,3099.7709455167897,,10408.98691927832,0.1504451038575667
H_perm@R,8,3,5163.642369590375,9644.261798300133,1.094293564796189,-0.0942935647961893,1462.1122797783942,6828.809083448992,9612.414066368989,10245.0320865748,0.3582838773491592
H_perm@R,8,7,9261.67633689324,14118.66624956737,1.1475222780661525,-0.1475222780661524,1758.902827416792,10776.401513777726,15558.364457857238,11080.16881344482,0.5760138476755687
H_perm@R,8,14,13157.291953605303,18814.913632741554,1.0113758664569068,-0.0113758664569068,1897.3417243809984,14979.64382795182,22902.865424008083,13478.484481358735,0.7429525222551929
H_perm@R,8,30,14686.729405093643,20715.11597833445,0.6659174785343108,0.3340825214656892,2005.2382991055308,17137.39885962596,24067.03456297218,14631.936163096345,0.8807863501483679
H_perm@R,9,1,2162.1713415119125,6399.750413240502,1.06204372609889,-0.0620437260988899,953.524799098634,3165.913501428436,,10370.023678591871,0.1504451038575667
H_perm@R,9,3,4767.944924239048,9592.505255507192,1.010436253026436,-0.0104362530264359,1497.6252156763242,6532.141209840631,9486.474299184032,10712.651836762438,0.3582838773491592
H_perm@R,9,7,7918.854177909587,12490.27537711941,0.981146528486512,0.018853471513488,1648.2179662165768,9205.368704846533,14580.403726526556,10395.04216656588,0.5760138476755687
H_perm@R,9,14,11897.909327314075,17094.162063929605,0.9145695328012152,0.0854304671987848,1829.567652097362,13718.975153576694,20609.528479348155,12562.820657556407,0.7429525222551929
H_perm@R,9,30,15635.1861043746,21135.11420766643,0.7089218722467121,0.2910781277532879,2040.1745808214057,18028.11018881472,25271.18321278932,15589.757600580482,0.8807863501483679
H_flat@R,0,1,2104.4121667221098,6423.990192606619,1.0336728157864516,-0.0336728157864516,967.2832154646636,3109.742360076044,,10430.19996603862,0.1504451038575667
H_flat@R,0,3,4820.16856002975,9583.668005830255,1.021503632307499,-0.021503632307499,1499.2624464390535,6507.290261628311,9581.251330087023,10672.456805157157,0.3582838773491592
H_flat@R,0,7,7941.23788073211,12562.80343234812,0.9839198706677909,0.0160801293322092,1681.9230507820391,9280.170548050532,14600.640786596005,10345.237640380345,0.5760138476755687
H_flat@R,0,14,12473.12425936906,18089.29996871734,0.958785204411865,0.041214795588135,1974.54039992416,14429.426051180692,22187.245951807843,13108.388392485816,0.7429525222551929
H_flat@R,0,30,14594.533184115313,20518.771861227877,0.6617371689969817,0.3382628310030183,2010.744216964448,16961.96907548091,24896.146893802143,14495.360249210691,0.8807863501483679
H_flat@R,1,1,2212.571079272572,6461.222959710862,1.086799731443179,-0.0867997314431789,957.526070700054,3210.098672781791,,10495.61839529776,0.1504451038575667
H_flat@R,1,3,4750.030035874948,9653.633288835015,1.0066396796683874,-0.0066396796683874,1526.100400114812,6544.556311302078,9531.35117035498,10816.595854411124,0.3582838773491592
H_flat@R,1,7,7378.421392816234,11864.270690494312,0.9141868725739424,0.0858131274260576,1700.1953476083766,8680.94589837953,13792.538082438385,10366.263259749914,0.5760138476755687
H_flat@R,1,14,11149.977805770508,16063.812875241005,0.8570774673124438,0.1429225326875561,1995.336575410118,13084.719506052068,18189.17857479086,12175.411116260462,0.7429525222551929
H_flat@R,1,30,14975.208029491903,21095.62825960489,0.6789975151354966,0.3210024848645034,1987.327164410032,17212.987654612985,25442.06390899709,14992.505856573776,0.8807863501483679
H_flat@R,2,1,2111.419626909367,6409.458593897271,1.037114832145137,-0.0371148321451366,963.068101057232,3115.111883474992,,10391.703928422172,0.1504451038575667
H_flat@R,2,3,4874.607233533413,9487.935755218166,1.0330404285895052,-0.0330404285895051,1503.9202596394955,6596.75626001181,9497.17324326561,10513.732305717082,0.3582838773491592
H_flat@R,2,7,8455.287649568963,12980.045342461708,1.0476106692141929,-0.0476106692141926,1776.4377961274852,10182.03551156832,15412.021731384266,11126.562622471962,0.5760138476755687
H_flat@R,2,14,12606.251623558455,18116.71608464373,0.9690184502637428,0.0309815497362573,2013.3962688145464,14632.146611029966,22319.522984425337,13642.039595201555,0.7429525222551929
H_flat@R,2,30,15571.44503555539,22306.179235613283,0.7060317603193793,0.2939682396806207,1933.7486240222736,17901.19920585721,27183.198530753325,15473.030248290164,0.8807863501483679
H_flat@R,3,1,2129.953692103078,6381.83378219106,1.0462186377872578,-0.0462186377872577,956.7667640376388,3131.286304422269,,10353.71579714088,0.1504451038575667
H_flat@R,3,3,4925.492612236416,9583.480208046223,1.0438242006773717,-0.0438242006773716,1511.2147632175347,6612.200981529511,9642.65988870464,10616.833109074085,0.3582838773491592
H_flat@R,3,7,8548.486211537218,13185.653506005969,1.05915797687774,-0.0591579768777399,1774.6577364964814,10292.154428855309,15217.439790207653,11044.508397261763,0.5760138476755687
H_flat@R,3,14,12191.033345009904,17494.86920685595,0.9371014153817496,0.0628985846182503,2072.791214819601,14403.13203614742,20698.70178646274,13186.586968770738,0.7429525222551929
H_flat@R,3,30,14285.635030833264,20374.255222305965,0.6477312815264775,0.3522687184735225,2043.1804718330936,16642.629709156117,23830.701801314262,14370.000470219546,0.8807863501483679
H_flat@R,4,1,2113.1471457873104,6440.337796783251,1.0379633775637225,-0.0379633775637224,963.3942596167684,3112.189077310804,,10448.814914168372,0.1504451038575667
H_flat@R,4,3,4782.979942620195,9315.186637152405,1.0136225162653416,-0.0136225162653416,1456.5672305066869,6424.456656657607,9316.553841781988,10202.376333043425,0.3582838773491592
H_flat@R,4,7,7816.983537901977,12076.086865654916,0.9685247498108815,0.0314752501891184,1699.8895806319829,9323.735333692028,13773.91797559098,10265.590931317003,0.5760138476755687
H_flat@R,4,14,11980.0458167671,16768.473182264323,0.9208832076426036,0.0791167923573964,1881.0447109692716,13884.782956556135,20158.85387367997,12644.483102434877,0.7429525222551929
H_flat@R,4,30,15385.321227625029,21536.278539532228,0.6975926386161357,0.3024073613838642,1808.850474691836,17537.722150324367,26518.026226473405,15106.339662396971,0.8807863501483679
H_flat@R,5,1,2131.235339704423,6418.492761042442,1.0468481742943536,-0.0468481742943536,963.3368275459278,3144.4598768471333,,10407.93357219066,0.1504451038575667
H_flat@R,5,3,4971.887216590794,9700.665969915732,1.0536562752775127,-0.0536562752775127,1478.2924679858154,6684.20339530998,9680.442313182406,10558.59722421059,0.3582838773491592
H_flat@R,5,7,8355.918053564688,12846.211614172084,1.03529877004718,-0.0352987700471798,1677.6543492604685,9796.124908322874,14432.29002904314,10587.79264720232,0.5760138476755687
H_flat@R,5,14,12825.91543967534,18435.497809984638,0.9859035876565913,0.0140964123434088,1936.5945151853184,14786.415796786085,21899.0373524121,12993.99440419591,0.7429525222551929
H_flat@R,5,30,14914.830098984396,21645.12868240545,0.6762598927463528,0.3237401072536472,1846.7203629743417,17332.382780903372,28083.828180099907,14499.830019652803,0.8807863501483679
H_flat@R,6,1,2136.068188673303,6394.8389904889655,1.0492220365447864,-0.0492220365447864,954.9080769879196,3134.246605258574,,10368.871237358197,0.1504451038575667
H_flat@R,6,3,5024.321745540296,9668.067084494372,1.0647683476279282,-0.0647683476279281,1498.4705759284902,6690.641343548377,9669.759973541264,10691.190659538112,0.3582838773491592
H_flat@R,6,7,9029.67184779325,13678.201355399317,1.118776907339572,-0.1187769073395719,1776.8594885502896,10504.724310183556,14922.769616738611,11065.566915587897,0.5760138476755687
H_flat@R,6,14,13407.508590692876,18894.088751556068,1.030609540759242,-0.0306095407592419,2145.032562012872,15651.05816303694,21784.675006061287,13698.117783967187,0.7429525222551929
H_flat@R,6,30,15161.49077554344,21132.36554284352,0.6874438433222243,0.3125561566777757,1975.0616049894652,17557.92293711691,25890.32878988737,14911.96878016862,0.8807863501483679
H_flat@R,7,1,2112.443930322582,6412.126694161148,1.037617962952923,-0.0376179629529229,958.98376019023,3112.319802982542,,10398.697338717617,0.1504451038575667
H_flat@R,7,3,4798.971424015953,9842.616366640732,1.017011475827296,-0.0170114758272958,1530.535245510599,6600.512989274424,9635.419479164728,11086.448197795924,0.3582838773491592
H_flat@R,7,7,7949.035389317084,12604.898185189128,0.9848859824697144,0.0151140175302856,1718.8658647144443,9373.553586377582,14175.197417306052,11216.027209966853,0.5760138476755687
H_flat@R,7,14,11884.554875956554,16566.747836948052,0.9135430016684868,0.0864569983315132,2017.3034003652936,13804.04131037039,18703.955717878456,13166.791283092292,0.7429525222551929
H_flat@R,7,30,16102.465158420368,21113.22587299693,0.7301089780249486,0.2698910219750514,2430.251912603767,18711.51207917425,25343.707951140048,16250.089737205535,0.8807863501483679
H_flat@R,8,1,2149.2109259201297,6459.919002751743,1.05567765889477,-0.05567765889477,962.3853281965156,3141.2377054862627,,10492.785383797367,0.1504451038575667
H_flat@R,8,3,4785.209668989669,9829.062384046216,1.0140950461275453,-0.0140950461275453,1537.913643081807,6596.814572240255,9599.896066612697,11080.580747471688,0.3582838773491592
H_flat@R,8,7,7600.112031127895,12425.65416769581,0.9416543565420412,0.0583456434579586,1745.6268459186344,8977.133886177724,14172.120852329488,10812.670318367562,0.5760138476755687
H_flat@R,8,14,11356.518132481262,16223.318872188242,0.8729538271760054,0.1270461728239945,1916.8460667646125,13168.421445977843,18673.29074477936,12338.71582563444,0.7429525222551929
H_flat@R,8,30,14893.777520640437,20441.75614510292,0.6753053385021252,0.3246946614978748,2158.9308622127346,17322.287031548713,24877.289252554223,14955.888174221573,0.8807863501483679
H_flat@R,9,1,2100.008584800308,6410.566514196155,1.031509806563907,-0.031509806563907,965.5142718260792,3103.4650261441425,,10408.727719776034,0.1504451038575667
H_flat@R,9,3,5069.526438360283,9411.58714016099,1.074348252840346,-0.0743482528403458,1407.8028662819868,6711.581308192218,9439.195132135705,9903.006220008212,0.3582838773491592
H_flat@R,9,7,8617.656983667152,13204.72512654683,1.0677282398758057,-0.0677282398758054,1538.342876355203,10062.211416705197,13716.85730716261,10026.93724657506,0.5760138476755687
H_flat@R,9,14,12339.129636340813,17847.83698765587,0.948485294031855,0.051514705968145,1814.5397915283893,14217.032394222191,20336.014144378387,12585.661180540636,0.7429525222551929
H_flat@R,9,30,14574.549686449292,20704.509740696634,0.6608310884115086,0.3391689115884914,1991.9102155092016,16923.649154377432,24356.789394380583,14456.559723514829,0.8807863501483679
H_single@R,0,1,2116.862578851332,6404.581811150159,1.039788372789413,-0.039788372789413,960.83536353895,3113.1171046353534,,10373.501457963668,0.1504451038575667
H_single@R,0,3,5004.171566710738,9581.21652530007,1.060498065248859,-0.0604980652488589,1444.6156823684062,6667.359805777613,9495.957091042794,10245.387482078855,0.3582838773491592
H_single@R,0,7,8618.065115095593,13211.585930333347,1.0677788073853447,-0.0677788073853447,1654.1227854989615,10003.988532234504,14470.681637601972,10374.917667119977,0.5760138476755687
H_single@R,0,14,12450.782236198298,18008.23328380246,0.9570678158244256,0.0429321841755743,1905.768789984836,14400.357958003444,20651.49836487148,12726.120921990852,0.7429525222551929
H_single@R,0,30,15202.578218236837,21052.522436265077,0.6893068071913835,0.3106931928086165,1885.9193799503628,17434.514747696125,24220.704799338306,15058.968246012715,0.8807863501483679
H_single@R,1,1,2165.094874463383,6398.084926101381,1.0634797454233258,-0.0634797454233258,950.7195653837698,3160.7819605885647,,10345.378522893656,0.1504451038575667
H_single@R,1,3,4828.76462593829,9853.332403730688,1.023325334689848,-0.0233253346898478,1510.5070445399233,6622.0601785751205,9609.52606079185,10984.87691398638,0.3582838773491592
H_single@R,1,7,8377.29267364601,13105.813009777192,1.0379470868136391,-0.0379470868136393,1650.813865118443,10197.9829395651,13880.552685689769,10052.47757368888,0.5760138476755687
H_single@R,1,14,11517.53682146426,16439.561926521055,0.8853310258168936,0.1146689741831064,2069.1903951791846,13828.153819472696,18770.114871495676,13394.837745962292,0.7429525222551929
H_single@R,1,30,17620.798410653206,23655.1726514981,0.7989523959850444,0.2010476040149555,2526.674494771591,20198.71705045798,22520.970213803983,18892.7662151082,0.8807863501483679
H_single@R,2,1,2117.3668568329363,6399.105664197253,1.0400360706736145,-0.0400360706736142,957.211655854834,3125.684616220551,,10368.241946536304,0.1504451038575667
H_single@R,2,3,5149.42407841958,9666.991237813509,1.0912803846770105,-0.0912803846770105,1480.5720338791314,6788.413076465619,9717.121123856716,10514.564322181608,0.3582838773491592
H_single@R,2,7,8997.447145015713,13770.172579787655,1.1147842646476671,-0.1147842646476671,1745.782963819437,10511.833205740017,15520.770441556657,11335.721992524936,0.5760138476755687
H_single@R,2,14,13036.285984241107,18745.492998706977,1.002074369040591,-0.0020743690405913,2036.1014606362237,15065.79237738935,21941.590137073348,13691.841292933708,0.7429525222551929
H_single@R,2,30,14976.562910417266,21441.933215960653,0.6790589473893799,0.3209410526106201,2071.9741397700054,17284.35547662949,27054.88049302371,14871.601947570674,0.8807863501483679
H_single@R,3,1,2107.064724305672,6407.6007797550665,1.034975733869608,-0.0349757338696079,964.8607142754709,3112.5251214037926,,10416.460968485057,0.1504451038575667
H_single@R,3,3,4748.69500645255,9852.545959173724,1.0063567564910685,-0.0063567564910684,1547.1725387934644,6572.602744917475,9580.371087247977,11113.342721911597,0.3582838773491592
H_single@R,3,7,7712.868345020433,12624.282767869783,0.9556248708936268,0.0443751291063732,1765.129247906013,9039.669790970502,14372.681373283893,10914.178784709617,0.5760138476755687
H_single@R,3,14,12034.801389012237,17284.391570121166,0.925092163749836,0.0749078362501639,2062.052437772427,14323.455178879189,20451.06132028861,13398.973861120903,0.7429525222551929
H_single@R,3,30,17472.86238947662,23430.458720743107,0.7922447635715172,0.2077552364284828,2314.109155560632,20017.43093567784,25919.58253528897,17954.825904328354,0.8807863501483679
H_single@R,4,1,2203.161469206613,6473.820967006383,1.082177795547664,-0.0821777955476639,962.36186095558,3196.4086999338447,,10483.294555464676,0.1504451038575667
H_single@R,4,3,4790.13453685631,9800.490176863412,1.015138737930385,-0.0151387379303848,1533.2894461949977,6583.731097991216,9639.201176443315,10987.842890538084,0.3582838773491592
H_single@R,4,7,7636.791388026501,12332.361252081908,0.9461989311584772,0.0538010688415228,1738.0131899645096,8932.133483049249,14535.483194960994,10703.381400636865,0.5760138476755687
H_single@R,4,14,11340.88628878017,16206.96987646661,0.8717522372498064,0.1282477627501935,1880.6191023287297,13183.153859318332,18777.873149705032,12327.59155161904,0.7429525222551929
H_single@R,4,30,15874.831864110574,22216.947480134186,0.7197877563835487,0.2802122436164512,2007.215304377776,18274.026116310182,24594.41862744506,15882.497645731382,0.8807863501483679
H_single@R,5,1,2146.812466015957,6456.389859388952,1.0544995518481075,-0.0544995518481077,969.5412170137328,3147.88272412578,,10479.457234022208,0.1504451038575667
H_single@R,5,3,4879.934031961973,9560.855579271658,1.0341692986436493,-0.0341692986436492,1471.0024052056726,6602.595533555569,9557.62809175208,10478.309429241288,0.3582838773491592
H_single@R,5,7,8297.87683526886,12837.1243876179,1.028107459466043,-0.028107459466043,1610.9282392028074,9581.51504457324,14127.577025250372,10040.724637754318,0.5760138476755687
H_single@R,5,14,12174.913936575884,17820.177807358337,0.935862347287098,0.064137652712902,1788.9311441684465,14051.504111788136,21084.195439707757,12035.403598771578,0.7429525222551929
H_single@R,5,30,14169.271773698838,20681.07112553896,0.642455203738994,0.357544796261006,1771.6984071010183,16387.24060215392,26494.37540658514,13821.167678094282,0.8807863501483679
H_single@R,6,1,2098.3237579655583,6413.53693001356,1.0306822311839845,-0.0306822311839845,965.9218069380468,3103.895181372344,,10402.639833486312,0.1504451038575667
H_single@R,6,3,5054.990132500102,9527.224760491405,1.0712676781567885,-0.0712676781567884,1472.472310612788,6667.106392627338,9580.284445682852,10400.096202510684,0.3582838773491592
H_single@R,6,7,9037.39931804863,13697.950571857413,1.1197343413880734,-0.1197343413880733,1740.2370556860012,10518.471235109066,14836.48649113886,10923.958119993247,0.5760138476755687
H_single@R,6,14,13427.487819665732,19151.37911161228,1.0321453058760162,-0.0321453058760161,2054.7730151831656,15596.242675177577,22839.06679968043,13646.442769249848,0.7429525222551929
H_single@R,6,30,15060.528528792707,21417.593944841126,0.682866069542305,0.317133930457695,1952.2195077272956,17085.801124500107,27264.07738388033,14765.584661006911,0.8807863501483679
H_single@R,7,1,2174.2862675795377,6392.224799499799,1.0679944946505056,-0.0679944946505055,942.8256705664708,3170.062814573428,,10327.474782831285,0.1504451038575667
H_single@R,7,3,4870.9793498436,9875.326959054084,1.0322715973089016,-0.0322715973089016,1524.8443368561702,6659.372951021184,9640.235083215644,11113.870371461828,0.3582838773491592
H_single@R,7,7,7756.542042113461,12325.062998666312,0.9610360446981062,0.0389639553018937,1674.0604670413848,9027.988847504686,14212.64807594454,10775.338928188674,0.5760138476755687
H_single@R,7,14,11728.892209156227,16328.941673468822,0.9015775102082904,0.0984224897917095,1799.647866558989,13650.762849532475,18986.258122577277,12494.462132845696,0.7429525222551929
H_single@R,7,30,14841.033710198835,20098.04340190355,0.6729138581194756,0.3270861418805244,1870.9894783801717,16729.192756439843,23749.62530169253,14827.416180191509,0.8807863501483679
H_single@R,8,1,2225.248724824416,6368.339991296314,1.0930269039440532,-0.0930269039440532,939.9522088432556,3212.179015360221,,10292.029540299398,0.1504451038575667
H_single@R,8,3,4818.177658961349,9999.479681623872,1.0210817149725329,-0.0210817149725328,1564.7847739998167,6654.168991373636,9755.21612410504,11336.223860425223,0.3582838773491592
H_single@R,8,7,7880.030094131136,12631.902661765498,0.97633622207537,0.0236637779246299,1712.4092093099246,9255.439541644007,13711.71920726832,10684.314873319214,0.5760138476755687
H_single@R,8,14,10994.077124554782,15676.221212609518,0.8450936801393871,0.1549063198606128,1901.2722021758195,12798.75180976518,17579.27274744189,11805.162306853646,0.7429525222551929
H_single@R,8,30,15520.376299357544,21111.345295585048,0.7037162302171491,0.2962837697828508,2337.8276995669385,17852.388024748067,21061.96320926109,16215.383963513092,0.8807863501483679
H_single@R,9,1,2148.352897881744,6441.908294244677,1.055256201410116,-0.0552562014101161,964.8539072815696,3147.975258774391,,10458.51019863694,0.1504451038575667
H_single@R,9,3,5119.124301887775,9745.372534032496,1.0848591711032776,-0.0848591711032775,1476.309418295453,6780.244448989292,9654.3079501617,10414.36709193681,0.3582838773491592
H_single@R,9,7,9037.205178123417,14100.750627190482,1.119710287439183,-0.1197102874391831,1707.0334256088329,10473.459862238144,14947.886883653018,10688.007841958017,0.5760138476755687
H_single@R,9,14,13261.121841174872,19591.64804191468,1.0193570713184454,-0.0193570713184454,1955.388402378236,15231.936598675476,24017.636429489598,13334.94034109757,0.7429525222551929
H_single@R,9,30,15181.633429773085,21406.396519247595,0.6883571402956771,0.3116428597043229,2032.545741581309,17737.801083061295,25262.50159777814,15033.626534926978,0.8807863501483679
H_coarse@R,0,1,2130.2134282912493,6394.393010553521,1.046346218420574,-0.046346218420574,954.823700093035,3129.746077309689,,10366.021293418968,0.1504451038575667
H_coarse@R,0,3,4867.3191534779335,9979.76621613312,1.0314959182354575,-0.0314959182354577,1548.8030067015354,6669.654622644321,9762.802935578726,11314.102518627187,0.3582838773491592
H_coarse@R,0,7,8031.337996590679,12637.09817404386,0.9950832806643368,0.004916719335663,1766.0679622737257,9454.816039368388,13999.744288408914,11501.393375802558,0.5760138476755687
H_coarse@R,0,14,12201.469688379182,17157.605728674862,0.937903637134901,0.062096362865099,2245.2483237698016,14337.87958533968,19780.039083047515,14892.57371023538,0.7429525222551929
H_coarse@R,0,30,18421.57882140885,23770.193259572698,0.8352609339366678,0.1647390660633322,2688.5871987460387,21317.707660779663,22787.281911176065,19682.29361564833,0.8807863501483679
H_coarse@R,1,1,2189.0565619542995,6395.378706222241,1.0752495618934097,-0.0752495618934097,951.4987812602376,3190.857814307037,,10380.305068993512,0.1504451038575667
H_coarse@R,1,3,4809.810863424773,9607.369688668923,1.019308600210062,-0.0193086002100619,1502.43981758248,6545.672661480497,9612.526971555051,10734.354514290722,0.3582838773491592
H_coarse@R,1,7,7635.429862959632,12135.372268427303,0.9460302381174396,0.0539697618825605,1680.7214531790078,9033.66795713048,14328.834878898386,10266.576155795912,0.5760138476755687
H_coarse@R,1,14,12202.222403991089,17751.528360424778,0.9379614969442652,0.0620385030557346,2060.861203646886,14445.48493446062,20748.290388741112,12997.65188614414,0.7429525222551929
H_coarse@R,1,30,16310.14473767709,23449.855758542966,0.7395254694674708,0.2604745305325292,2192.281897540872,18914.4277202037,27311.66339688877,16443.3180320554,0.8807863501483679
H_coarse@R,2,1,2094.836769853043,6429.325486262493,1.028969446550881,-0.0289694465508809,966.196613661712,3101.0017281047394,,10428.816414197952,0.1504451038575667
H_coarse@R,2,3,4768.3790083138165,9937.027908137788,1.0105282453403106,-0.0105282453403106,1551.5911160145693,6586.868424094524,9645.679276045268,11198.199377077386,0.3582838773491592
H_coarse@R,2,7,7731.376611578922,12636.696148844176,0.9579180462791292,0.0420819537208707,1788.089355496699,9126.879553873683,14346.03990882059,11356.001111004984,0.5760138476755687
H_coarse@R,2,14,11553.86085923227,16625.79245260379,0.8881231851229558,0.1118768148770441,1991.003704822385,13481.510246447486,19013.303727909355,12706.94796808937,0.7429525222551929
H_coarse@R,2,30,15198.239226101832,21428.80874466795,0.6891100710343928,0.3108899289656072,2167.629328272881,17662.876931744435,24303.2588973741,15385.149411551058,0.8807863501483679
H_coarse@R,3,1,2119.7379986874885,6395.758534938603,1.0412007592817598,-0.0412007592817598,955.4566190169068,3121.5507679230377,,10377.27568638407,0.1504451038575667
H_coarse@R,3,3,4781.0951231908,9689.392019885994,1.0132230800486632,-0.0132230800486632,1524.3774419267422,6546.082510214034,9608.976315465356,10891.378272772588,0.3582838773491592
H_coarse@R,3,7,7791.258369364648,12455.125760863264,0.9653373998183108,0.0346626001816893,1679.8118525158657,9057.447744245968,14248.347205501404,10422.083042884651,0.5760138476755687
H_coarse@R,3,14,11740.479289506737,16837.813499828786,0.9024681869121688,0.0975318130878311,1938.105159313792,13679.54104875755,20009.32795382661,12698.703406727667,0.7429525222551929
H_coarse@R,3,30,15408.49638050024,21026.683694939315,0.6986434334487793,0.3013565665512207,2047.568492409324,17825.318542037985,23663.64224209539,15707.748203423773,0.8807863501483679
H_coarse@R,4,1,2107.287725431973,6425.960868725116,1.03508527049261,-0.0350852704926099,966.755096573148,3097.642550844648,,10439.300778442075,0.1504451038575667
H_coarse@R,4,3,4804.227837804102,9805.588038247755,1.018125429771154,-0.0181254297711539,1524.0532146144535,6577.839523126208,9617.401032228605,10956.08398053229,0.3582838773491592
H_coarse@R,4,7,7821.593655803868,12645.62419815209,0.9690959437075912,0.0309040562924088,1753.899798620763,9216.832588706617,14517.586531815025,11188.37424356236,0.5760138476755687
H_coarse@R,4,14,11951.961013915565,17289.222363143603,0.9187243825653456,0.0812756174346542,1917.8825329351723,13780.122562159337,19981.64301791914,12698.371858165809,0.7429525222551929
H_coarse@R,4,30,16134.524684529157,22422.03441403797,0.731562603144641,0.2684373968553589,2186.887045055232,18896.512526777777,26084.87637579938,16207.344501118374,0.8807863501483679
H_coarse@R,5,1,2114.403746280898,6406.538108318319,1.0385806111033613,-0.0385806111033613,962.5430077347183,3111.6978578016888,,10414.224152310357,0.1504451038575667
H_coarse@R,5,3,4795.150100280258,9682.399034885537,1.0162016501899511,-0.0162016501899511,1519.3201308847729,6587.843248840405,9604.244632872596,10804.659268431076,0.3582838773491592
H_coarse@R,5,7,8151.225120679884,12593.551875320862,1.0099373028457892,-0.0099373028457891,1680.0699878176638,9448.200855978172,14670.598012617544,10616.71607890494,0.5760138476755687
H_coarse@R,5,14,12607.191786822756,17940.502504696655,0.9690907188156144,0.0309092811843855,1928.5064920672196,14441.421278768576,21683.465511961804,12989.530756228793,0.7429525222551929
H_coarse@R,5,30,15366.606983039645,21694.020004340608,0.6967441077946548,0.3032558922053452,1785.879245245192,17492.804533927327,27811.705858047942,15087.052050074146,0.8807863501483679
H_coarse@R,6,1,2094.5657023086046,6423.468291280399,1.0288363000331224,-0.0288363000331224,966.0170870577692,3101.0893066853564,,10421.54833239408,0.1504451038575667
H_coarse@R,6,3,5002.539834260488,9620.760477550826,1.0601522639342105,-0.0601522639342104,1466.5424347235175,6634.315697141301,9700.04904391707,10512.912931421422,0.3582838773491592
H_coarse@R,6,7,8229.566107373288,12827.395149776716,1.019643756002467,-0.0196437560024669,1672.213748316086,9637.018108494556,14319.133211079554,10274.123677351585,0.5760138476755687
H_coarse@R,6,14,12783.108942944393,18511.94662456402,0.9826131341290788,0.017386865870921,1939.0478663132865,14706.195891819729,22391.286588694096,12860.534266265551,0.7429525222551929
H_coarse@R,6,30,16050.58659583352,22581.254017386967,0.7277567292270756,0.2722432707729244,1919.6095244845812,18303.81603540345,28948.662564783517,15917.072642022044,0.8807863501483679
H_coarse@R,7,1,2212.614046278853,6396.451131633038,1.0868208365418244,-0.0868208365418243,941.013121677314,3205.338494583496,,10337.644750468,0.1504451038575667
H_coarse@R,7,3,4894.717984655195,9759.858202404284,1.037302355338226,-0.0373023553382259,1506.8401942004884,6580.715099892524,9748.237849889709,10917.336066024274,0.3582838773491592
H_coarse@R,7,7,7570.794428377657,12153.73131234766,0.9380219037255486,0.0619780962744513,1713.6801034549778,8811.450167560748,14009.25173698133,10589.588858875017,0.5760138476755687
H_coarse@R,7,14,12089.627055603089,16997.457703743607,0.929306507875354,0.070693492124646,1870.480299155588,14036.747732724712,19756.523458397303,12748.2345778172,0.7429525222551929
H_coarse@R,7,30,15912.72352215921,21292.62886060757,0.7215058187709772,0.2784941812290228,2064.804302968339,18281.02767314657,25168.147240917657,15761.31161129871,0.8807863501483679
H_coarse@R,8,1,2125.0999083599754,6431.137682008288,1.0438344925193817,-0.0438344925193816,967.249839667822,3112.266558901839,,10452.132893465488,0.1504451038575667
H_coarse@R,8,3,4790.434735340032,9941.238257155172,1.01520235683452,-0.0152023568345198,1557.9095338678335,6624.469938715273,9662.71358989608,11232.640497373926,0.3582838773491592
H_coarse@R,8,7,8054.269542671155,12809.562122456891,0.9979245006595796,0.0020754993404203,1725.7594260601438,9575.915458703532,13934.41334080685,10706.117556585445,0.5760138476755687
H_coarse@R,8,14,11337.080146684182,16209.169819276303,0.8714596663869145,0.1285403336130854,1965.367615978995,13301.878052433029,18504.06661659427,12583.722170925164,0.7429525222551929
H_coarse@R,8,30,16700.883069922173,22480.60155174864,0.7572421086046435,0.2427578913953565,2519.045090201224,19342.0436760123,20931.40610113928,17948.199097927598,0.8807863501483679
H_coarse@R,9,1,2130.8889393448626,6400.8117638196845,1.046678024814742,-0.046678024814742,953.7746371914448,3134.8833168107985,,10367.929141117267,0.1504451038575667
H_coarse@R,9,3,5232.631215660118,9603.040966610004,1.108913874432936,-0.1089138744329358,1412.099830491806,6816.272585093727,9632.350917738146,10188.676875934512,0.3582838773491592
H_coarse@R,9,7,9087.134638757776,13446.966377334142,1.1258965507381415,-0.1258965507381415,1687.6149298771095,10594.103407150753,14539.672733136946,11048.005574280673,0.5760138476755687
H_coarse@R,9,14,13677.949151253804,18841.54784513175,1.0513977893765762,-0.0513977893765762,1984.4788301938404,15697.002874651776,21965.61386201556,14129.165956786375,0.7429525222551929
H_coarse@R,9,30,16155.233113228054,22222.809426551765,0.7325015531479545,0.2674984468520455,2103.8054573991144,18638.79006100621,26419.482299468906,15954.751269276034,0.8807863501483679
H_uniform@R,0,1,2135.3825468716973,6393.833893876638,1.0488852539967215,-0.0488852539967217,958.9276469720776,3143.1724420275527,,10375.22173674051,0.1504451038575667
H_uniform@R,0,3,4891.396170742964,9603.686831136209,1.0365983872228093,-0.0365983872228092,1475.6704436148607,6589.6171376314405,9639.39762646586,10607.798341651858,0.3582838773491592
H_uniform@R,0,7,7671.192024424389,12068.120407125236,0.9504611721621908,0.0495388278378092,1635.2672325687695,8828.134251702839,13741.260796519266,9960.486886019136,0.5760138476755687
H_uniform@R,0,14,12065.273509023336,17428.155628454086,0.927434497330916,0.072565502669084,1858.5247908995436,13870.73572778824,21155.073005832448,12338.585473713452,0.7429525222551929
H_uniform@R,0,30,15074.061007491033,21235.740392126136,0.683479651630226,0.316520348369774,1822.4575281313928,17567.513588345173,26506.9957841922,14863.970746262316,0.8807863501483679
H_uniform@R,1,1,2136.5533540882293,6389.002177997243,1.049460346467386,-0.0494603464673859,960.170095120793,3138.019259196135,,10382.001816844202,0.1504451038575667
H_uniform@R,1,3,4948.861410057257,9535.675776870576,1.048776581814952,-0.0487765818149519,1472.2229459008902,6628.941221380152,9549.383123993532,10321.344614898644,0.3582838773491592
H_uniform@R,1,7,8248.306761046388,12744.578573958794,1.0219657241660207,-0.0219657241660207,1709.134716941895,9753.700487825648,14377.757653672888,10449.290599793005,0.5760138476755687
H_uniform@R,1,14,12016.455696682926,17438.017359908412,0.9236819654703774,0.0763180345296226,2039.8299732926007,13988.265437173151,20423.07656676674,12651.501262629925,0.7429525222551929
H_uniform@R,1,30,14944.238894142882,20737.43103610313,0.6775933299043819,0.3224066700956181,2116.1907811797905,17391.39731332896,24527.825213627933,14971.941160259335,0.8807863501483679
H_uniform@R,2,1,2132.416774975865,6426.155471011513,1.0474284871926596,-0.0474284871926595,961.816102438551,3135.413725028307,,10435.030642390688,0.1504451038575667
H_uniform@R,2,3,4874.331497726545,9463.05487870443,1.0329819938844187,-0.0329819938844186,1471.1190894495237,6528.784424430879,9461.225552986814,10442.437104703586,0.3582838773491592
H_uniform@R,2,7,7996.298378962737,12406.071844679138,0.9907418698462096,0.0092581301537905,1662.4161795216132,9350.306725552076,14440.578976590768,10396.497694950627,0.5760138476755687
H_uniform@R,2,14,12113.373961964,17634.980662756912,0.9311318871464932,0.0688681128535069,1886.4072522197555,13887.152786177485,20698.17096579265,12539.715175913858,0.7429525222551929
H_uniform@R,2,30,14912.595088818438,21456.23230936985,0.6761585541642109,0.3238414458357891,2063.4896609799302,17361.02456750597,27002.982500964405,14704.968437383552,0.8807863501483679
H_uniform@R,3,1,2164.267980302721,6405.929333431891,1.0630735806857687,-0.0630735806857687,953.5245730404434,3167.4041874989825,,10376.081948040166,0.1504451038575667
H_uniform@R,3,3,4800.699178027258,9711.861480023796,1.017377626300314,-0.017377626300314,1532.422463231673,6595.811213363235,9645.901392944665,10920.89899824864,0.3582838773491592
H_uniform@R,3,7,7944.505527767717,12634.572834476665,0.984324732340108,0.0156752676598919,1689.8607632570738,9272.875196485928,14721.264291444872,10613.08400690352,0.5760138476755687
H_uniform@R,3,14,12270.694563481338,17686.865564817934,0.9432248208772462,0.0567751791227537,1971.372058093603,14142.224945339583,21229.847276734126,13013.073255961332,0.7429525222551929
H_uniform@R,3,30,15771.757629621983,22333.952118282334,0.7151142220356843,0.2848857779643157,2040.8064685236416,18057.86135785245,25599.656201750717,15818.608655744714,0.8807863501483679
H_uniform@R,4,1,2110.5147305050205,6403.713840957375,1.0366703532407342,-0.0366703532407342,959.5442445821684,3109.526526548758,,10373.433881527206,0.1504451038575667
H_uniform@R,4,3,4761.79399418895,9853.834985204896,1.0091327306889917,-0.0091327306889916,1544.6865109862451,6560.0214425613885,9593.98173827758,11069.833620163765,0.3582838773491592
H_uniform@R,4,7,7803.884769271243,12457.482104776016,0.9669018115573468,0.0330981884426531,1657.221512071189,9232.774669448772,13632.524130033882,10378.234977718548,0.5760138476755687
H_uniform@R,4,14,11655.291702088109,16563.717945766028,0.8959199800060142,0.1040800199939857,1824.8075421099031,13362.740041049,18276.704201455344,12125.96906965298,0.7429525222551929
H_uniform@R,4,30,14107.59106253205,20282.208898701258,0.6396585113971207,0.3603414886028793,1971.317445139596,16436.50747721233,24590.32166996027,13820.656258909165,0.8807863501483679
H_uniform@R,5,1,2115.695499199141,6432.099025572126,1.0392151112727748,-0.0392151112727747,966.6622782672126,3128.8639018151216,,10425.888974407348,0.1504451038575667
H_uniform@R,5,3,5021.071098718112,9655.394503027936,1.064079461441718,-0.0640794614417179,1476.8397106328675,6659.548445237414,9698.304688911923,10474.95045432987,0.3582838773491592
H_uniform@R,5,7,8670.132888174046,13501.110421535694,1.074230007730018,-0.0742300077300179,1716.07865936815,10127.73580233743,14842.351954490196,10658.998773713163,0.5760138476755687
H_uniform@R,5,14,13445.011134791872,19279.391183910146,1.033492289592832,-0.033492289592832,2045.068398949076,15423.72800078922,23669.280719137896,13642.886287742367,0.7429525222551929
H_uniform@R,5,30,15208.444488773048,21662.666870736102,0.6895727923522812,0.3104272076477188,1893.3708446727344,17361.33983612729,26085.286206379784,14977.771110393189,0.8807863501483679
H_uniform@R,6,1,2130.69299779726,6445.829091632795,1.0465817796711134,-0.0465817796711134,964.5726791953624,3143.321980583665,,10467.689866334613,0.1504451038575667
H_uniform@R,6,3,4867.31277018317,9702.090367474151,1.031494565469739,-0.0314945654697389,1503.481561512394,6586.953177207543,9642.754289194589,10825.320258774636,0.3582838773491592
H_uniform@R,6,7,8053.563586841627,12689.173699373214,0.9978370326880972,0.0021629673119027,1707.6292677007716,9409.643783779333,14486.212178662712,10714.793032545933,0.5760138476755687
H_uniform@R,6,14,12803.434416321948,18430.8019157677,0.9841755143909792,0.0158244856090207,2008.0135337619545,14781.247306351404,21937.681946570294,13325.603718213535,0.7429525222551929
H_uniform@R,6,30,16332.83234429574,22776.767867810533,0.740554158250164,0.259445841749836,2014.566042799792,18859.22919076517,28200.20453297541,16377.006178388388,0.8807863501483679
H_uniform@R,7,1,2135.611300925673,6392.92647604151,1.0489976164183208,-0.0489976164183207,953.5297548284348,3139.587279097017,,10348.47852833997,0.1504451038575667
H_uniform@R,7,3,4810.030486871972,9608.0625842541,1.019355143426603,-0.019355143426603,1482.3562144523314,6504.563178014752,9540.323931110845,10578.374310944217,0.3582838773491592
H_uniform@R,7,7,7721.662878167059,12187.282867852631,0.9567145141011684,0.0432854858988315,1633.8718057670303,8905.647440334476,14304.463830135024,10328.662427211775,0.5760138476755687
H_uniform@R,7,14,11592.4224572348,16820.453349988667,0.8910873414044531,0.1089126585955468,1814.2758626871027,13362.312804960951,20349.82538051645,12218.120861225216,0.7429525222551929
H_uniform@R,7,30,14596.373440715688,20518.293695198103,0.66182060888352,0.33817939111648,1764.057948539019,16804.731758064,25486.983554154245,14521.301064231578,0.8807863501483679
H_uniform@R,8,1,2115.603654082872,6406.495233810252,1.039169997581906,-0.0391699975819059,962.0642692630506,3129.254068092728,,10402.944839498932,0.1504451038575667
H_uniform@R,8,3,5118.86644309778,9652.492102442571,1.0848045249457163,-0.0848045249457163,1469.7928355358508,6830.959209078815,9531.797784591588,10238.676460313996,0.3582838773491592
H_uniform@R,8,7,9295.210437039314,14029.713901751831,1.1516771551740077,-0.1516771551740074,1767.982509880734,10754.476379882366,15315.520594277372,11030.652136628529,0.5760138476755687
H_uniform@R,8,14,13166.69848308854,18817.177547527128,1.0120989283863684,-0.0120989283863683,1922.191306325708,14980.056369645696,22989.42706541109,13454.280059441568,0.7429525222551929
H_uniform@R,8,30,14957.877331243191,21231.93333883588,0.6782117162989619,0.321788283701038,2025.7198473706453,17338.269554809707,24667.572741650587,14913.284167964945,0.8807863501483679
H_uniform@R,9,1,2156.163072741955,6389.259373287304,1.059092505707916,-0.0590925057079161,954.6283224637358,3168.382741453647,,10357.430933553813,0.1504451038575667
H_uniform@R,9,3,4800.723522383751,9592.544763547854,1.0173827854245798,-0.0173827854245798,1489.0870188488357,6544.223427278642,9501.851740044747,10689.471314109102,0.3582838773491592
H_uniform@R,9,7,7908.7636781551,12465.286114898498,0.9798963149351088,0.0201036850648912,1644.4561448631318,9189.660804115863,14649.435336802491,10386.38528150697,0.5760138476755687
H_uniform@R,9,14,11874.679876389526,17051.10541112563,0.9127839293397292,0.0872160706602707,1803.3425515723168,13639.962949450912,20740.78798194052,12534.129185002424,0.7429525222551929
H_uniform@R,9,30,15692.21410530306,21131.765547968727,0.7115076040006424,0.2884923959993576,2022.991336875372,17962.808883967118,25231.119565184228,15595.927774360693,0.8807863501483679
H_freegate@R,0,1,2190.777614610261,6391.672420318775,1.076094931148129,-0.0760949311481289,948.5959113680616,3199.351352447304,,10354.220674927396,0.1504451038575667
H_freegate@R,0,3,4911.248509986541,9599.59556959326,1.040805550601965,-0.0408055506019648,1475.1081273870857,6612.852672146485,9682.893089300394,10618.387398233604,0.3582838773491592
H_freegate@R,0,7,7791.613940737506,12199.739032026831,0.965381455133672,0.0346185448663279,1637.946468997811,9002.76726982638,13916.053143241745,10054.396664837235,0.5760138476755687
H_freegate@R,0,14,12157.896547171564,17452.187201122277,0.934554253112832,0.065445746887168,1860.6118310514044,13952.70135733278,21161.701694791336,12454.509124573711,0.7429525222551929
H_freegate@R,0,30,15106.552374710656,21209.753854193383,0.6849528570482764,0.3150471429517236,1869.9853645628332,17684.053809145465,26032.504841541187,14952.691947805662,0.8807863501483679
H_freegate@R,1,1,2119.019899778125,6420.331411051231,1.0408480340250856,-0.0408480340250856,965.649402312442,3128.6127963787067,,10433.2911907193,0.1504451038575667
H_freegate@R,1,3,5149.4514899458645,9534.829519225832,1.091286193804496,-0.0912861938044959,1436.9828985711686,6735.5956513778365,9629.457384377914,10106.919528542943,0.3582838773491592
H_freegate@R,1,7,8666.237726003821,13303.26434150692,1.0737473968932294,-0.0737473968932294,1652.9999731979992,10127.681973773211,14227.56983549804,10362.925252349689,0.5760138476755687
H_freegate@R,1,14,12320.009285299326,17856.770497520152,0.9470155492188852,0.0529844507811149,1935.4233525298048,14279.251037679793,20455.836668727174,12504.3077019766,0.7429525222551929
H_freegate@R,1,30,14994.024141802922,20759.22120883217,0.6798506647864749,0.320149335213525,2068.7257946654945,17482.01667007782,24463.46017582209,14751.605617981597,0.8807863501483679
H_freegate@R,2,1,2142.7259086993927,6434.302094923671,1.052492262936228,-0.0524922629362281,961.4662521604362,3157.4438369028485,,10436.880553336685,0.1504451038575667
H_freegate@R,2,3,4775.019322460229,9557.229350818528,1.0119354793272026,-0.0119354793272026,1503.7568412230055,6532.079588264014,9495.526175803128,10653.553431263472,0.3582838773491592
H_freegate@R,2,7,7681.905166019907,12111.078930983174,0.9517885310766848,0.0482114689233152,1666.0447714131387,8939.912238650446,14399.175968715355,10323.822286921424,0.5760138476755687
H_freegate@R,2,14,11754.014561655362,16788.11398442853,0.9035086173932524,0.0964913826067476,1867.9058145287156,13555.60856127744,19908.142631359933,12444.790245126898,0.7429525222551929
H_freegate@R,2,30,14549.691719849208,20500.82256522704,0.6597039923792173,0.3402960076207827,2034.1804731297216,16925.90743230008,25527.49627607424,14373.830260721088,0.8807863501483679
H_freegate@R,3,1,2213.6582729801216,6379.026988794478,1.0873337535319882,-0.0873337535319882,940.4298551582008,3198.0077903407346,,10295.898992874205,0.1504451038575667
H_freegate@R,3,3,4829.115855219796,9745.763156413252,1.02339976818369,-0.0233997681836899,1530.9696516088138,6636.081858797077,9703.79705267851,10944.182961536171,0.3582838773491592
H_freegate@R,3,7,7987.2773007097,12705.7359230273,0.9896241576857984,0.0103758423142016,1673.9716995042522,9273.165252138177,14940.245894241256,10646.48035003656,0.5760138476755687
H_freegate@R,3,14,12125.77789218098,17454.878142455364,0.9320853535372144,0.0679146464627856,1899.1201675864584,14001.755735356832,20973.38800089181,12855.696627241725,0.7429525222551929
H_freegate@R,3,30,15449.420010258742,21969.32130209255,0.7004989698033746,0.2995010301966254,2009.431302217022,17782.34095626993,25343.75501002988,15468.779698033886,0.8807863501483679
H_freegate@R,4,1,2108.313431049134,6417.477960933162,1.0355890900533524,-0.0355890900533524,963.8281565293872,3106.5110701645,,10413.435081305775,0.1504451038575667
H_freegate@R,4,3,4766.58404560858,9846.472320608354,1.0101478518124865,-0.0101478518124864,1547.5142004286947,6567.012893436978,9608.720592343456,11070.410621128513,0.3582838773491592
H_freegate@R,4,7,7771.514928749973,12426.104122875013,0.9628911862899056,0.0371088137100943,1665.613738716217,9145.435427147722,13700.94127189376,10428.815796057122,0.5760138476755687
H_freegate@R,4,14,11629.265984764816,16487.321854402904,0.89391943289489,0.10608056710511,1822.190864437216,13178.822761875426,18182.545914238846,12090.508318780492,0.7429525222551929
H_freegate@R,4,30,14120.476857193538,20283.62929691241,0.6402427718987755,0.3597572281012244,1937.195359406968,16476.03876341481,24722.99114433844,13832.097884587462,0.8807863501483679
H_freegate@R,5,1,2134.6967262149246,6382.282214124274,1.0485483835962266,-0.0485483835962265,956.5178518538778,3148.251567389703,,10336.797184394378,0.1504451038575667
H_freegate@R,5,3,5299.574265996071,9864.170430447974,1.1231006333033555,-0.1231006333033555,1456.0591965133915,6865.804814704188,9935.212031404477,10188.392200950855,0.3582838773491592
H_freegate@R,5,7,9194.626382284196,14433.943169165925,1.1392147844917213,-0.1392147844917213,1749.919971541847,10834.009998126829,15589.52121636705,11044.045246368338,0.5760138476755687
H_freegate@R,5,14,13794.137645248256,19710.41140192705,1.0603289766756283,-0.0603289766756285,2108.586844505453,15917.72211053133,23854.735636711463,14061.042893904005,0.7429525222551929
H_freegate@R,5,30,15717.72977249818,22228.330378262075,0.7126645211258262,0.2873354788741737,1968.2766572936025,17934.929138955315,26973.51516252731,15568.484842812652,0.8807863501483679
H_freegate@R,6,1,2132.2835264560126,6450.150888524527,1.0473630364340616,-0.0473630364340615,967.8707141491464,3137.0451536178884,,10479.64959382398,0.1504451038575667
H_freegate@R,6,3,5141.160622323379,9746.479923426745,1.089529169898407,-0.0895291698984073,1486.553665569549,6803.603068099036,9752.387165358155,10599.86966462202,0.3582838773491592
H_freegate@R,6,7,8980.65579345951,13964.11865757686,1.1127038151384534,-0.1127038151384534,1706.260024012067,10307.9540453065,15155.067469832662,10813.053143870378,0.5760138476755687
H_freegate@R,6,14,13597.1146791756,19767.922585231423,1.0451841981204153,-0.0451841981204153,2052.819209647172,15761.33657621338,23394.65768614108,13515.455967480742,0.7429525222551929
H_freegate@R,6,30,16246.871350952037,22244.86738242888,0.7366565629203358,0.2633434370796642,2103.366472233191,18666.96877796457,27696.27142704945,16170.856373687966,0.8807863501483679
H_freegate@R,7,1,2171.9404383654955,6382.304992867434,1.0668422394376829,-0.0668422394376828,944.7595069216026,3165.805609453232,,10320.504931683196,0.1504451038575667
H_freegate@R,7,3,4834.080623959108,9608.440566418662,1.0244519158913092,-0.0244519158913092,1477.3890521312198,6530.459648440807,9554.002618857232,10532.782248433405,0.3582838773491592
H_freegate@R,7,7,7780.813677678457,12241.581306753767,0.9640433018643912,0.0359566981356087,1620.2791920207892,8977.763556968297,14364.54600877759,10310.962875527675,0.5760138476755687
H_freegate@R,7,14,11616.8194186618,16918.40369777151,0.892962689165159,0.107037310834841,1778.6782621496602,13369.129420867324,20574.10689280747,12162.647947875095,0.7429525222551929
H_freegate@R,7,30,14397.961544575946,20369.56503614746,0.6528243275506069,0.347175672449393,1731.176698762584,16535.767018089384,25681.496311404942,14259.72977959226,0.8807863501483679
H_freegate@R,8,1,2100.183658012977,6413.570160456354,1.031595801324615,-0.0315958013246149,963.0347308111905,3112.3448363931298,,10399.847465979836,0.1504451038575667
H_freegate@R,8,3,5169.851579059567,9605.94239295832,1.095609437871487,-0.0956094378714866,1456.9215278700733,6892.5305899599925,9548.148677397485,10140.136413766397,0.3582838773491592
H_freegate@R,8,7,9293.786999606902,14072.584961208133,1.1515007911870023,-0.1515007911870023,1766.251020186852,10729.832387406135,15291.25333221681,11002.5485868567,0.5760138476755687
H_freegate@R,8,14,13072.768073953115,18635.31745327677,1.0048786774972815,-0.0048786774972815,1894.354255155966,14810.51907121672,22559.284605766527,13338.408466370329,0.7429525222551929
H_freegate@R,8,30,14441.99747764834,20422.802573907276,0.6548209802230736,0.3451790197769264,1981.253598130434,16865.39400150334,24061.937283264742,14289.3420833949,0.8807863501483679
H_freegate@R,9,1,2178.911646680961,6404.321370744615,1.070266449125705,-0.070266449125705,952.38201673748,3184.895793275614,,10379.571065276752,0.1504451038575667
H_freegate@R,9,3,4761.34791481893,9579.675066458276,1.0090381962985242,-0.0090381962985242,1495.4348803088196,6538.917373548383,9471.706459855654,10692.931108767323,0.3582838773491592
H_freegate@R,9,7,7894.272272796094,12456.696008633991,0.9781008289037404,0.0218991710962597,1645.4002876555694,9177.812013599165,14668.483187494128,10393.983213989342,0.5760138476755687
H_freegate@R,9,14,11887.530393516456,17109.18520547399,0.9137717240120296,0.0862282759879704,1808.4783990966253,13755.813655227845,20723.009954652985,12576.190759216344,0.7429525222551929
H_freegate@R,9,30,15847.227595249504,21370.2234414752,0.7185361390486251,0.2814638609513749,2012.145382039021,18128.826602097717,25497.01879798941,15799.7955404876,0.8807863501483679
H_freeboth@R,0,1,2228.8000754557406,6376.752679642257,1.0947713030047397,-0.0947713030047394,942.4631168278964,3209.1005461600976,,10311.559667712474,0.1504451038575667
H_freeboth@R,0,3,4902.22918652275,9599.57768691472,1.038894150292105,-0.0388941502921049,1476.154854887322,6600.86009341447,9680.746542989327,10621.522785750303,0.3582838773491592
H_freeboth@R,0,7,7770.596396434906,12187.349194294502,0.9627773800785544,0.0372226199214454,1642.6288465155628,8996.685897117053,13913.87039822883,10068.188529498511,0.5760138476755687
H_freeboth@R,0,14,12142.810809147482,17432.478054631825,0.9333946412854855,0.0666053587145143,1873.7350898272323,13938.607362517028,21181.02077633406,12474.506927798207,0.7429525222551929
H_freeboth@R,0,30,15089.378001328549,21181.35239586861,0.6841741462064974,0.3158258537935026,1867.0541709287857,17622.734828842447,25975.77149761212,14938.565413624605,0.8807863501483679
H_freeboth@R,1,1,2107.7346796553925,6425.97631386472,1.035304811340147,-0.035304811340147,965.6256869670808,3117.980859270885,,10429.613256646917,0.1504451038575667
H_freeboth@R,1,3,5189.635696543767,9577.154013728034,1.0998021435041678,-0.0998021435041678,1447.793181906718,6818.3589642830375,9683.064536715709,10141.06629844558,0.3582838773491592
H_freeboth@R,1,7,8703.700435532224,13335.507226461848,1.0783890289495472,-0.0783890289495472,1680.3424309887534,10170.28185091072,14461.402737584502,10461.689189055134,0.5760138476755687
H_freeboth@R,1,14,12100.752359490689,17526.13902988912,0.9301616887057704,0.0698383112942294,1914.0239644840835,14006.942342265696,20353.506744311533,12383.512759505837,0.7429525222551929
H_freeboth@R,1,30,14458.407647683996,20212.71664719699,0.6555650409837132,0.3444349590162868,2105.4651882236262,16892.68070960551,23967.24899148944,14322.244390353431,0.8807863501483679
H_freeboth@R,2,1,2176.49237011912,6442.440256521871,1.06907811707964,-0.0690781170796399,963.8861353642368,3188.006177400496,,10438.429621348794,0.1504451038575667
H_freeboth@R,2,3,4788.089700027386,9548.224655197626,1.0147053903778651,-0.0147053903778651,1500.8520531592817,6521.437038797687,9483.903259506644,10627.759931762474,0.3582838773491592
H_freeboth@R,2,7,7715.120291116059,12155.75125340762,0.9559038871558818,0.0440961128441181,1673.0087644597336,9033.297155217122,14352.189365620648,10329.9990870992,0.5760138476755687
H_freeboth@R,2,14,11806.753105199312,16890.319737887177,0.9075625283622054,0.0924374716377945,1890.260534362553,13688.20832882655,19938.35174958017,12516.197641955529,0.7429525222551929
H_freeboth@R,2,30,14605.717301109164,20595.193869465867,0.6622442729806363,0.3377557270193637,2049.36231775331,17019.374626146073,25547.543966559795,14455.23895846238,0.8807863501483679
H_freeboth@R,3,1,2229.969097194631,6379.430526248993,1.095345518461038,-0.0953455184610381,937.4381112584244,3206.877810617053,,10293.785400097851,0.1504451038575667
H_freeboth@R,3,3,4831.656608266375,9760.193506500456,1.0239382116911222,-0.0239382116911222,1531.1241465249589,6629.2023207170205,9696.74788591173,10935.84035990632,0.3582838773491592
H_freeboth@R,3,7,7975.392448956372,12682.12647728465,0.9881516238093844,0.0118483761906156,1668.6378207020882,9270.09149523459,14925.101806487244,10642.537598047027,0.5760138476755687
H_freeboth@R,3,14,12097.718081006837,17415.917670615196,0.9299284495223962,0.0700715504776038,1893.419794098247,13908.027380202626,20937.31121557093,12851.298082132836,0.7429525222551929
H_freeboth@R,3,30,15389.995258553836,21895.19155734011,0.6978045659149136,0.3021954340850864,2011.7196259437055,17762.323373033683,25215.313160171067,15419.398657963226,0.8807863501483679
H_freeboth@R,4,1,2098.3540739835275,6409.981899806035,1.030697122203982,-0.030697122203982,963.0410207890548,3094.9097449977626,,10389.284752331503,0.1504451038575667
H_freeboth@R,4,3,4763.501683958931,9841.170853145131,1.009494629091748,-0.0094946290917479,1546.2241582049785,6564.160016357408,9593.975926802725,11061.674335243306,0.3582838773491592
H_freeboth@R,4,7,7790.369628273173,12450.882222233316,0.9652272847414278,0.0347727152585721,1662.476172753139,9176.192771528433,13676.419852755482,10392.610104661891,0.5760138476755687
H_freeboth@R,4,14,11640.371726065634,16509.46334904257,0.894773109986678,0.1052268900133219,1820.8460740983307,13212.818068829363,18199.26890269741,12092.85677841416,0.7429525222551929
H_freeboth@R,4,30,14105.402710248409,20271.09106788288,0.6395592883506088,0.3604407116493912,1933.908315520917,16466.779278487556,24718.43075142896,13819.008139190606,0.8807863501483679
H_freeboth@R,5,1,2118.0720356848637,6396.33708742281,1.040382449686733,-0.0403824496867331,960.9645921160376,3129.480624775101,,10369.33693293695,0.1504451038575667
H_freeboth@R,5,3,5349.845333915889,9877.15170236392,1.1337542189281191,-0.1337542189281191,1444.5169376661622,6871.989059042522,9964.47862182806,10095.74468843999,0.3582838773491592
H_freeboth@R,5,7,9224.16669789933,14432.4604256165,1.14287483144612,-0.1428748314461199,1737.0085758112102,10797.99209959014,15746.678665581136,10991.426086646868,0.5760138476755687
H_freeboth@R,5,14,13857.020372798235,19856.37534131368,1.0651626516662946,-0.0651626516662946,2095.197929795981,15991.288605596048,24133.9280735864,14083.397736751249,0.7429525222551929
H_freeboth@R,5,30,15687.293770723518,22165.451666930883,0.7112845089393541,0.2887154910606458,1959.7324318115325,18019.136310775662,26862.96076721744,15554.162638508313,0.8807863501483679
H_freeboth@R,6,1,2118.695413814577,6424.112471761296,1.0406886487464182,-0.0406886487464182,964.6726001566165,3121.5237574245757,,10438.57951233962,0.1504451038575667
H_freeboth@R,6,3,5113.587410204829,9739.8818300702,1.0836857774977668,-0.0836857774977668,1475.280108160325,6777.873778997847,9715.125690209052,10550.74957970304,0.3582838773491592
H_freeboth@R,6,7,8959.926220621226,13982.942181622691,1.1101354197657962,-0.1101354197657962,1704.032470125307,10310.834186016167,15075.243760610068,10770.057584992548,0.5760138476755687
H_freeboth@R,6,14,13681.598793124209,19914.81713625698,1.0516783303664663,-0.0516783303664662,2054.9070198105146,15859.217535904583,23519.41576108989,13587.465199518185,0.7429525222551929
H_freeboth@R,6,30,16453.184029124975,22412.18385278949,0.7460110770976676,0.2539889229023324,2100.9630166155257,18959.04091878448,27799.023155800845,16411.09528715474,0.8807863501483679
H_freeboth@R,7,1,2161.662576071045,6386.132347170135,1.0617938240054918,-0.0617938240054918,950.4113773046088,3158.499366172292,,10348.748171558953,0.1504451038575667
H_freeboth@R,7,3,4829.053356983664,9612.816888429565,1.0233865233823047,-0.0233865233823047,1479.9389319213458,6528.21686857542,9554.822102576329,10546.978819104164,0.3582838773491592
H_freeboth@R,7,7,7773.874515171536,12236.78041504788,0.9631835391952842,0.0368164608047157,1620.624727046648,8961.555500494205,14361.385243295928,10308.9978406833,0.5760138476755687
H_freeboth@R,7,14,11634.5802367187,16964.643202466406,0.8943279292779891,0.1056720707220109,1781.8089240816253,13396.875840194203,20661.93190555416,12180.262862198942,0.7429525222551929
H_freeboth@R,7,30,14382.920637026094,20432.77275225334,0.6521423511245287,0.3478576488754713,1727.84064846317,16501.27206621408,25871.64412189975,14223.91979651626,0.8807863501483679
H_freeboth@R,8,1,2123.767521444001,6399.427103549111,1.043180033209114,-0.0431800332091141,955.5356626234808,3133.7030046752525,,10367.485386455892,0.1504451038575667
H_freeboth@R,8,3,5174.879715297263,9588.437451997908,1.0966750145969844,-0.0966750145969843,1456.6829386118632,6877.369849805576,9534.369990320594,10109.553453951694,0.3582838773491592
H_freeboth@R,8,7,9221.262582685542,14040.397846909313,1.1425150113892886,-0.1425150113892885,1765.4070681340486,10692.933115267164,15150.340987035032,10935.787949908456,0.5760138476755687
H_freeboth@R,8,14,13007.652799391684,18583.772175816917,0.9998733908880488,0.0001266091119511,1894.591388079224,14747.633126702533,22569.906552724824,13281.842496284957,0.7429525222551929
H_freeboth@R,8,30,14421.762006580966,20417.633222411456,0.6539034748004254,0.3460965251995745,1975.8330600696816,16721.15983835204,24354.527406935576,14233.281741335546,0.8807863501483679
H_freeboth@R,9,1,2127.233929439373,6402.204201718633,1.0448827090298978,-0.0448827090298977,963.531771661766,3143.6524052596737,,10396.044859590864,0.1504451038575667
H_freeboth@R,9,3,5091.118945417411,9489.298420583176,1.078924197460288,-0.0789241974602878,1411.7452854047983,6702.790712079403,9749.71030418337,10092.41240124747,0.3582838773491592
H_freeboth@R,9,7,8748.854775592501,13587.86184432277,1.0839836545103798,-0.0839836545103798,1619.7527369417194,10192.759092651282,15072.270204713745,10433.54057254682,0.5760138476755687
H_freeboth@R,9,14,12852.540297018104,18514.84107166294,0.9879501895150344,0.0120498104849656,1823.242158572268,14693.477943185402,22246.5962641251,12976.79755938248,0.7429525222551929
H_freeboth@R,9,30,15019.35983569906,20918.03491936809,0.6809994216628958,0.3190005783371041,1834.5329021654327,17408.06843128091,24539.79185272882,14857.471789302948,0.8807863501483679
H_real@S,0,1,3403.5827092411832,6982.697563739597,1.6718164713443204,-0.6718164713443204,916.4797110266333,4318.755203754774,,10145.96153757563,0.1504451038575667
H_real@S,0,3,5419.0944451944215,9585.328003702443,1.1484296846974429,-0.1484296846974429,1362.1276286935583,7005.8310940343945,9652.208829763147,10017.032401175617,0.3582838773491592
H_real@S,0,7,7942.454031664344,12016.223293612204,0.9840705518444444,0.0159294481555555,1490.8117991407064,9234.396511491206,13691.82904754503,9890.670177189872,0.5760138476755687
H_real@S,0,14,11861.406142201196,16653.791690567545,0.9117636027814088,0.0882363972185912,1604.5169478269738,13486.187076734768,18669.31399093568,12049.946974994064,0.7429525222551929
H_real@S,0,30,14180.528852429612,20475.647609926356,0.6429656159129569,0.3570343840870431,1615.4785603502653,16127.211625754531,27328.864113059568,13764.43810572233,0.8807863501483679
H_real@S,1,1,3028.590977791647,6569.898098640765,1.4876231060551222,-0.4876231060551221,847.5456287211063,3974.000431034136,,9948.21253392404,0.1504451038575667
H_real@S,1,3,5306.277326561139,9703.809022785428,1.1245211646871691,-0.1245211646871691,1406.9116445882778,6913.117319455037,10037.03689762158,10418.682068505032,0.3582838773491592
H_real@S,1,7,8198.20303228653,12730.03109601988,1.015757869035401,-0.0157578690354009,1491.05828686186,9514.589280656615,14814.602097198233,10157.576602340658,0.5760138476755687
H_real@S,1,14,12063.651927186063,17827.1559173659,0.9273098494366924,0.0726901505633075,1733.3279133007418,13808.2251605262,20749.85062673456,11832.951514958906,0.7429525222551929
H_real@S,1,30,14905.706885626536,21686.711974993552,0.6758462331038397,0.3241537668961602,1982.5915958865412,17339.64275923226,27632.996821769502,14487.749337215657,0.8807863501483679
H_real@S,2,1,3073.3094236521074,6544.722794652593,1.5095884998031426,-0.5095884998031426,867.3591519733249,3928.896094247383,,9757.850621801595,0.1504451038575667
H_real@S,2,3,5139.235512039642,9252.49299850744,1.0891211951309403,-0.0891211951309403,1360.8277145806703,6570.383773740148,9485.0218253276,9957.911275400586,0.3582838773491592
H_real@S,2,7,7635.667335483135,11816.587632019782,0.9460596609779708,0.0539403390220291,1600.745496194575,9003.471474627293,13986.871607910669,10329.052940459438,0.5760138476755687
H_real@S,2,14,11777.338799636009,16557.336229362856,0.9053015069544406,0.0946984930455594,1737.9579642448305,13431.492754482168,19593.350205234023,12109.537489186936,0.7429525222551929
H_real@S,2,30,15370.416289278612,21149.35436527069,0.6969168272297074,0.3030831727702926,1834.1077985851432,17465.181035475423,26486.33458990466,14976.349146664086,0.8807863501483679
H_real@S,3,1,3363.647620673359,6730.807726088928,1.6522006298749743,-0.6522006298749743,861.5198015464748,4274.690170856228,,9755.39675128426,0.1504451038575667
H_real@S,3,3,5279.637412365834,9500.583050671608,1.1188755593984827,-0.1188755593984827,1344.294199785024,6702.106061491962,9596.131465935438,10000.418377409009,0.3582838773491592
H_real@S,3,7,7792.112729833789,12125.657020150786,0.9654432551339334,0.0345567448660666,1629.6446318503115,9419.83494403273,14007.84816901374,10260.272933952148,0.5760138476755687
H_real@S,3,14,11810.96046277651,16955.77981739322,0.9078859398917312,0.0921140601082688,1862.8993770041025,13558.284665656887,20271.1657501319,12413.369692732713,0.7429525222551929
H_real@S,3,30,14813.195615621667,20794.87422304084,0.6716516387895819,0.3283483612104181,2057.743926398648,17289.868898959874,25321.189851751373,14656.119338081317,0.8807863501483679
H_real@S,4,1,3377.318260183642,6865.809393467956,1.6589155541942946,-0.6589155541942946,895.036247164484,4325.934343629105,,10024.147373575694,0.1504451038575667
H_real@S,4,3,5394.627514685871,9436.736805319852,1.143244584202587,-0.1432445842025869,1384.77400084504,6936.097688693922,9650.544513581175,9901.875084953148,0.3582838773491592
H_real@S,4,7,7900.560792281571,12036.619001328683,0.97887997686175,0.0211200231382499,1486.1817476510646,9519.33468051099,13700.890035877735,9673.018325743378,0.5760138476755687
H_real@S,4,14,11847.299530183218,16977.777519191462,0.9106792544973726,0.0893207455026273,1561.0108841862225,13513.58855287246,19614.9899594394,11722.439065548691,0.7429525222551929
H_real@S,4,30,13766.253583070573,20099.15667477111,0.6241817781243328,0.3758182218756671,1857.9306458554845,15835.231370072484,25299.51382480995,13444.317071334695,0.8807863501483679
H_real@S,5,1,3967.335799058889,7487.3746357021955,1.948728120580728,-0.9487281205807276,888.0006831600451,4832.447733718172,,9447.550957456038,0.1504451038575667
H_real@S,5,3,5574.479600622463,9709.169460607636,1.1813593423846485,-0.1813593423846484,1351.315781665493,6972.642746387215,10190.390336984636,9814.672062853402,0.3582838773491592
H_real@S,5,7,8350.471552505169,12937.475649811102,1.0346239482248696,-0.0346239482248695,1671.2762220607874,9848.111816334163,14798.40022096504,10766.536665401,0.5760138476755687
H_real@S,5,14,12824.034508978246,18327.47185066959,0.9857590041115708,0.0142409958884291,2029.6669155622496,14797.679717368384,21864.226038354573,13512.334750235012,0.7429525222551929
H_real@S,5,30,16843.907503854687,23609.402320615816,0.7637270425736798,0.2362729574263201,2020.5956628557888,18886.370957325216,28229.714605108704,17079.121312419258,0.8807863501483679
H_real@S,6,1,4597.4426180939445,7845.676094453506,2.258232266288424,-1.2582322662884242,896.7276474901236,5548.666882162584,,9348.626608095425,0.1504451038575667
H_real@S,6,3,5873.221327877949,9609.54541650753,1.2446695266059675,-0.2446695266059677,1215.4105902851018,7170.694090059976,9925.449024437368,9061.551765888256,0.3582838773491592
H_real@S,6,7,7697.856969329286,11872.091380308164,0.953764960505548,0.046235039494452,1599.9326273231036,9104.715214733658,13905.42891828719,10483.893151100723,0.5760138476755687
H_real@S,6,14,11504.161530054507,15638.760366564344,0.8843028927492114,0.1156971072507886,1951.9563977696307,13243.980042432975,18983.616683254502,13528.916941097032,0.7429525222551929
H_real@S,6,30,16690.18416975576,21762.306393589275,0.7567570050512658,0.2432429949487342,2196.5225841576403,18896.375414552665,21739.57497592677,17461.101175040556,0.8807863501483679
H_real@S,7,1,3342.411562963909,6746.678434721818,1.641769624050235,-0.6417696240502351,845.6691450845169,4296.067597301692,,9640.878905943777,0.1504451038575667
H_real@S,7,3,5169.884511963477,9241.03100676618,1.095616417104795,-0.095616417104795,1303.795853260894,6579.239039824071,9818.595738514428,9713.865256953904,0.3582838773491592
H_real@S,7,7,7577.452319450216,11759.696113462764,0.9388468168463264,0.0611531831536736,1523.331451856133,9006.949387713777,14423.71439476308,10080.6991661904,0.5760138476755687
H_real@S,7,14,11743.922538409695,16458.726119415154,0.9027328628694204,0.0972671371305795,1820.2646138169032,13541.652085381556,19924.16753842169,12400.739685601256,0.7429525222551929
H_real@S,7,30,15375.205525377864,21338.118674491707,0.6971339780969532,0.3028660219030468,1933.649242980752,17763.469821815353,24320.357810852707,15252.850923049851,0.8807863501483679
H_real@S,8,1,3593.323199832341,7067.460236484226,1.765015698320641,-0.7650156983206411,857.130805924115,4491.0666014389335,,9797.208270259838,0.1504451038575667
H_real@S,8,3,5546.90192121193,9498.244182804789,1.175515003262969,-0.1755150032629691,1343.6624771836598,7052.657952243635,9996.583928590871,9916.817729586017,0.3582838773491592
H_real@S,8,7,8543.744383668209,13072.696460422338,1.0585704641078573,-0.0585704641078572,1662.7251106405336,10113.333864718605,15091.156408207751,10685.400431107972,0.5760138476755687
H_real@S,8,14,12763.37112145344,18460.91820937842,0.9810959255436972,0.0189040744563027,1996.5208840419737,14557.973517890416,21591.821813837807,12921.340225370372,0.7429525222551929
H_real@S,8,30,15370.56222112837,21633.387054759507,0.6969234439901002,0.3030765560098998,2045.8080489087167,17580.325803832577,27737.046451145223,15130.728845491933,0.8807863501483679
H_real@S,9,1,3402.7310662911946,6881.66060613106,1.6713981501712727,-0.6713981501712727,909.2908496047768,4504.137219392791,,10140.77302478682,0.1504451038575667
H_real@S,9,3,5227.66157855918,9430.035688283904,1.1078606950084746,-0.1078606950084746,1344.944587740525,6702.689153628266,10113.483714590297,10141.137037388364,0.3582838773491592
H_real@S,9,7,7394.96399806727,11348.328731725398,0.9162365024003702,0.0837634975996297,1535.83378394163,8871.303194985367,13301.212958285125,9900.211143852335,0.5760138476755687
H_real@S,9,14,11314.926007453532,15716.902503223228,0.869756720078585,0.130243279921415,1715.346605307741,12907.072886269589,17600.398524289863,11392.781204023348,0.7429525222551929
H_real@S,9,30,14773.07105976449,20187.656967746327,0.6698323335973413,0.3301676664026587,1955.777175940461,17032.113738495398,24559.683560300367,14237.781886341048,0.8807863501483679
H_perm@S,0,1,3381.328478633492,6920.206807999154,1.6608853459786823,-0.6608853459786825,909.7931994213536,4299.822839035364,,10119.168947856542,0.1504451038575667
H_perm@S,0,3,5376.696856148297,9557.055414383509,1.1394446687851718,-0.1394446687851718,1371.2014527104716,6930.969024829525,9601.080847091149,10018.740521909269,0.3582838773491592
H_perm@S,0,7,8023.626806402669,12221.474486810046,0.994127863717202,0.005872136282798,1548.9471227268095,9504.932253463114,14053.1438087005,10161.295696303418,0.5760138476755687
H_perm@S,0,14,12051.5516250849,16842.270308320793,0.9263797223584832,0.0736202776415169,1642.0188359405363,13642.97116653437,19062.656214341918,12313.699647426009,0.7429525222551929
H_perm@S,0,30,14379.49134931278,20760.507373047145,0.6519868622771324,0.3480131377228675,1615.9695135000288,16436.140313041415,27268.151821662355,13958.063503504954,0.8807863501483679
H_perm@S,1,1,3261.9736644086624,6583.95856659316,1.6022590802459489,-0.6022590802459489,862.8406742899376,4231.64444447082,,9706.276122084848,0.1504451038575667
H_perm@S,1,3,5212.054351549316,9305.028271038587,1.1045531677130545,-0.1045531677130544,1384.4862931093844,6763.040440026102,9713.557383489451,9977.500332729973,0.3582838773491592
H_perm@S,1,7,7599.360664998448,11906.025601895077,0.9415612622315556,0.0584387377684444,1574.7878099355382,8919.397029513932,13672.959004086117,9879.86398407956,0.5760138476755687
H_perm@S,1,14,11496.095114071735,17136.664446487637,0.8836828427812892,0.1163171572187108,1760.1855438630948,13214.73083744528,19789.04942351009,11638.893247047276,0.7429525222551929
H_perm@S,1,30,14957.99718444316,21756.41247673871,0.6782171506157874,0.3217828493842126,2064.940739288808,17380.375229734735,26970.20982844162,14883.860130902096,0.8807863501483679
H_perm@S,2,1,3053.7357895578675,6516.826840751693,1.499974065050619,-0.499974065050619,865.3708151213754,3924.9541825517526,,9751.829259409056,0.1504451038575667
H_perm@S,2,3,5137.458517275017,9256.53549718929,1.0887446094194553,-0.0887446094194552,1362.4362844399889,6575.795190747089,9452.351439736638,9971.637693187142,0.3582838773491592
H_perm@S,2,7,7719.848022842613,11934.495919995585,0.9564896534128314,0.0435103465871685,1613.371241610843,9148.264011419891,13927.947121242762,10376.394679876945,0.5760138476755687
H_perm@S,2,14,11910.905958738227,16718.45299557176,0.9155685590000692,0.0844314409999309,1721.799992609434,13474.385001938825,19574.08933997469,12215.046611411592,0.7429525222551929
H_perm@S,2,30,15463.676106468003,21219.356144362195,0.701145361752158,0.298854638247842,1749.3175055794093,17562.14519990244,26533.507220545333,15025.80991749899,0.8807863501483679
H_perm@S,3,1,3297.260788438459,6764.284523286192,1.6195918734286172,-0.6195918734286172,845.2010625466994,4207.402321674671,,10136.79003130172,0.1504451038575667
H_perm@S,3,3,5391.256761650758,9669.9618050836,1.1425302447710717,-0.1425302447710716,1356.9973682770749,6840.810689291751,9847.32533903245,10082.411688497466,0.3582838773491592
H_perm@S,3,7,8028.937917273047,12554.711786956188,0.9947859106866,0.0052140893134,1583.2918417708652,9566.754771653548,13929.406965352684,9925.550952930336,0.5760138476755687
H_perm@S,3,14,12000.05722018571,17508.53007315028,0.9224214459474828,0.0775785540525172,1686.8463803333518,13755.005355623158,20844.524628622294,12182.8406868794,0.7429525222551929
H_perm@S,3,30,14287.91950684024,20791.66074233198,0.647834862961144,0.352165137038856,1878.7017280747168,16510.04937483684,27092.718952157647,13978.751121852854,0.8807863501483679
H_perm@S,4,1,3284.1151192558214,6729.277106856153,1.6131348109318822,-0.6131348109318822,859.3103372041057,4175.6593652051415,,10011.111302730416,0.1504451038575667
H_perm@S,4,3,5474.140508674683,9656.439041702068,1.1600952007658207,-0.1600952007658207,1362.989796379711,6971.97894836871,10013.887288533064,10029.57050755448,0.3582838773491592
H_perm@S,4,7,8446.818347493758,12843.15451532116,1.0465613221567645,-0.0465613221567644,1541.5819260645103,9717.354735742696,14491.974959100318,9999.53126926042,0.5760138476755687
H_perm@S,4,14,12426.59180741541,17489.48116346777,0.9552083438330368,0.0447916561669633,1702.282787546564,14211.868571791929,20134.78621815197,12342.2987956923,0.7429525222551929
H_perm@S,4,30,14177.766081598123,19685.829582201965,0.6428403479016027,0.3571596520983973,1612.8472190009911,16121.03515008961,22985.06603998898,13875.897974451507,0.8807863501483679
H_perm@S,5,1,3951.061132671682,7466.010059591309,1.9407341161283331,-0.9407341161283334,883.6200320416758,4846.137735129658,,9460.995345490412,0.1504451038575667
H_perm@S,5,3,5608.613397003132,9784.79226641136,1.1885930721916165,-0.1885930721916164,1357.3726572614296,7048.302023329765,10264.830181427536,9902.362176755598,0.3582838773491592
H_perm@S,5,7,8340.2407785305,12959.455229388295,1.0333563546888025,-0.0333563546888024,1681.211746549049,9730.169694989489,14869.904062215764,10833.861715002327,0.5760138476755687
H_perm@S,5,14,12844.116071185892,18428.551878773564,0.9873026353883704,0.0126973646116297,2044.4893810338667,14774.472607983782,22006.177469971142,13532.78455534876,0.7429525222551929
H_perm@S,5,30,16813.99482766801,23642.040363901237,0.762370758723612,0.2376292412763879,2056.024062150992,19112.431674890468,28162.188649758085,17062.889287981056,0.8807863501483679
H_perm@S,6,1,3196.168516363798,6647.6619417613365,1.5699360430822116,-0.5699360430822116,875.0627251127045,4116.584679021502,,9956.112060292307,0.1504451038575667
H_perm@S,6,3,5074.223511287456,9180.34886138232,1.075343669701098,-0.075343669701098,1331.555827838056,6521.069246558175,9445.985251276556,9915.89366063195,0.3582838773491592
H_perm@S,6,7,7568.148246319576,11942.784648372137,0.9376940416028602,0.0623059583971398,1666.7690939782835,8829.773983532306,14058.595355958263,10483.232633642185,0.5760138476755687
H_perm@S,6,14,11397.848365669135,16341.576332707931,0.8761308031486178,0.1238691968513822,1844.1626243025764,13400.373355104328,20477.66741653617,12373.571880459262,0.7429525222551929
H_perm@S,6,30,15656.098452609582,22706.27949988074,0.7098700682556915,0.2901299317443084,2093.308957930477,18352.640013807963,25562.71921598198,15830.545512606828,0.8807863501483679
H_perm@S,7,1,3549.506540078651,7028.326425175145,1.7434932557201968,-0.7434932557201968,907.2188848422322,4447.859167496952,,10206.738919445968,0.1504451038575667
H_perm@S,7,3,5383.544940780589,9516.723872597957,1.140895934075818,-0.140895934075818,1309.829516808116,6947.494853065247,9962.222468994882,10166.046582650974,0.3582838773491592
H_perm@S,7,7,7818.503594230884,12333.21852249365,0.9687130848852123,0.0312869151147876,1609.441259901624,9282.130121638264,14885.858334706709,10413.90982929264,0.5760138476755687
H_perm@S,7,14,11963.114264127677,17287.959369618984,0.9195817115762744,0.0804182884237255,2101.4223177675453,14014.979477775776,22633.067801592264,13520.488222714142,0.7429525222551929
H_perm@S,7,30,16833.309142986054,22577.520538896297,0.7632464976169662,0.2367535023830338,2331.5675226325466,19275.10812756493,24160.93275031185,17619.194149369934,0.8807863501483679
H_perm@S,8,1,3686.9995196951054,6661.97190457919,1.8110288638289376,-0.8110288638289376,847.9695237198379,4680.150972376454,,9460.679088697718,0.1504451038575667
H_perm@S,8,3,5436.155390613374,9342.90304266607,1.15204528807293,-0.1520452880729299,1322.937975205152,6881.892622682498,9709.946267214593,9820.072452910576,0.3582838773491592
H_perm@S,8,7,8442.416616329616,12619.992059041437,1.0460159473899104,-0.0460159473899104,1615.5767704609748,10034.211154133738,14379.80996054224,10567.605990594751,0.5760138476755687
H_perm@S,8,14,12034.49643645995,17219.221274287447,0.925068722630426,0.074931277369574,1908.4124287168893,13810.781445192586,20308.79240232246,12321.06460188692,0.7429525222551929
H_perm@S,8,30,14923.089280978758,21431.835739363825,0.6766343759615562,0.3233656240384438,1992.16654846758,17064.86103855396,28971.83652519097,14714.974349305956,0.8807863501483679
H_perm@S,9,1,3353.324412032761,6847.523320442067,1.647129940628723,-0.647129940628723,902.9194515333002,4433.424882881654,,10147.172923185351,0.1504451038575667
H_perm@S,9,3,5346.483094618822,9669.121709195571,1.133041683751835,-0.1330416837518349,1373.6190866117545,6900.443972905899,10257.730249441776,10356.767319152585,0.3582838773491592
H_perm@S,9,7,7582.078027979511,11490.745339180909,0.9394199424227472,0.0605800575772527,1532.3304388505471,9167.114793473547,13448.104937309316,10162.69130609679,0.5760138476755687
H_perm@S,9,14,11590.782810377726,15753.653947763894,0.8909613048867103,0.1090386951132896,1610.24695702011,12952.110259834302,17274.405528266892,11621.200312809584,0.7429525222551929
H_perm@S,9,30,14790.921697770458,20114.473231071774,0.6706417072518351,0.3293582927481648,1788.4739178303132,17026.99828145918,24437.722509562693,14112.49541072852,0.8807863501483679
H_flat@S,0,1,3159.0462970072,6574.290999711493,1.5517018636674695,-0.5517018636674695,874.0596029157861,4049.7482358650273,,9756.312048356333,0.1504451038575667
H_flat@S,0,3,5143.964950402136,8957.620486605134,1.0901234709654668,-0.0901234709654668,1283.4745237729703,6536.487278039505,9344.254629545572,9392.714691177544,0.3582838773491592
H_flat@S,0,7,7820.518860542554,11625.625224323114,0.9689627765074152,0.0310372234925847,1454.5119033195476,9147.251691389669,13184.159457321548,9740.5618951319,0.5760138476755687
H_flat@S,0,14,11703.336640967387,16266.532444890328,0.8996131025618749,0.1003868974381251,1609.8706187564471,13262.538349289314,18488.975061656,11819.518568460891,0.7429525222551929
H_flat@S,0,30,13641.707191363364,19560.39929734701,0.6185346652213439,0.3814653347786561,1770.240755462178,15682.685243684951,23772.792275266045,13097.610413401875,0.8807863501483679
H_flat@S,1,1,3081.9648286074207,6565.957814741793,1.5138399753236755,-0.5138399753236755,856.4117919417776,4044.056876251892,,10069.888621444485,0.1504451038575667
H_flat@S,1,3,5217.895896827781,9202.110321971486,1.1057911243624805,-0.1057911243624802,1347.826949777325,6629.578370578942,9767.038600320064,9806.404860080293,0.3582838773491592
H_flat@S,1,7,8243.83086862876,12502.92586775612,1.021411160815216,-0.0214111608152161,1557.1310638106734,9605.263991749442,14245.961780408366,10222.436017066217,0.5760138476755687
H_flat@S,1,14,12169.24946289423,17830.63020851683,0.9354269300296556,0.0645730699703442,1714.745440860706,13681.77404311084,20408.12964123112,12156.00626028515,0.7429525222551929
H_flat@S,1,30,14778.717084832708,21698.533776740565,0.6700883325112904,0.3299116674887096,2059.483299571946,17175.585311176907,27683.516167141748,14464.01747445333,0.8807863501483679
H_flat@S,2,1,3479.697030864964,6696.259179080813,1.7092033038283194,-0.7092033038283194,826.4180218285884,4346.294280572617,,9549.94437847548,0.1504451038575667
H_flat@S,2,3,5297.105895068985,9242.267566656876,1.1225775292175753,-0.1225775292175752,1355.2211230174748,6796.545398179299,9475.169085315532,9798.496982606925,0.3582838773491592
H_flat@S,2,7,7915.709082529452,11862.46346902924,0.9807568509719812,0.0192431490280187,1557.785386335493,9497.644707423808,13722.594734287168,9955.804476878711,0.5760138476755687
H_flat@S,2,14,12229.99285910303,16822.120440924195,0.9400961587120348,0.0599038412879651,1803.029395092452,13786.93749835252,20052.22245132168,12516.19873881983,0.7429525222551929
H_flat@S,2,30,16125.672053181568,21770.641593928907,0.7311612120804512,0.2688387879195488,1856.7677634367133,18227.321019503164,26721.30755308188,15718.421660427566,0.8807863501483679
H_flat@S,3,1,3401.122652703462,6699.655323629613,1.670608108453936,-0.6706081084539361,855.3147359760584,4317.20668450196,,9896.91259184642,0.1504451038575667
H_flat@S,3,3,5277.945014339142,9280.714335270422,1.1185169016648275,-0.1185169016648275,1321.8764425283025,6643.675597477488,9733.34896183045,10072.048948823964,0.3582838773491592
H_flat@S,3,7,7593.760000412576,11760.781417911783,0.9408673395386772,0.0591326604613227,1567.0523363035811,8792.36552752968,13999.149654818906,10277.117948832343,0.5760138476755687
H_flat@S,3,14,11386.148176028471,16300.042763972391,0.8752314319499501,0.1247685680500498,1884.2902425764464,13202.200393280633,19359.04381030866,12042.72410278909,0.7429525222551929
H_flat@S,3,30,15450.797059797636,21486.307346543945,0.7005614072141462,0.2994385927858538,2046.9122954960403,17581.97122963662,25057.475274546672,15516.741436248894,0.8807863501483679
H_flat@S,4,1,2900.1902759471413,6616.871967173502,1.4245535623966183,-0.4245535623966183,911.492548833632,3830.991960589114,,10335.010713650036,0.1504451038575667
H_flat@S,4,3,5076.400928440488,9224.28686762523,1.075805114047529,-0.0758051140475293,1390.3827271486982,6565.936055080566,9464.955821533911,10063.98404409191,0.3582838773491592
H_flat@S,4,7,8124.406404347489,12326.929611931577,1.0066144622129365,-0.0066144622129364,1499.9180148043165,9413.938263902275,13991.966478586464,9667.272811115105,0.5760138476755687
H_flat@S,4,14,12392.369763116314,17520.733487396235,0.9525777607444368,0.0474222392555632,1628.8569917289444,14142.164883549349,20122.796142365416,12376.09379631938,0.7429525222551929
H_flat@S,4,30,14957.672402802436,21087.68410475476,0.6782024245481041,0.3217975754518959,1640.533508916001,16817.335310498005,25919.481369029887,14587.849408753373,0.8807863501483679
H_flat@S,5,1,3598.3471736808992,6917.107473652565,1.7674834398004702,-0.7674834398004702,825.5173303778522,4448.841709099171,,9267.109288723095,0.1504451038575667
H_flat@S,5,3,5219.982932138694,9009.247790312218,1.1062334147355868,-0.1062334147355867,1200.9772142872314,6393.409388838478,9367.611749052763,9140.75185827234,0.3582838773491592
H_flat@S,5,7,7528.775907883774,11791.99512458662,0.9328158064053432,0.0671841935946567,1594.0025261814078,8795.018598474786,14182.816307053256,10177.9661789344,0.5760138476755687
H_flat@S,5,14,11668.761499330582,16744.21775319138,0.8969553775562962,0.1030446224437038,1983.0254664417575,13489.635544233004,22210.76185277444,13070.542326704472,0.7429525222551929
H_flat@S,5,30,16601.131681340474,22190.811517210823,0.7527192368792623,0.2472807631207376,2182.5270216999725,18690.537557689477,24620.765311903368,17211.16292445845,0.8807863501483679
H_flat@S,6,1,3206.810533848724,6564.388447227246,1.5751633290451257,-0.5751633290451257,829.9259803891701,4124.068163006858,,9718.432814617236,0.1504451038575667
H_flat@S,6,3,5156.232170980511,9095.490419602123,1.092723174735795,-0.092723174735795,1285.8593783554652,6509.3420156354005,9385.877167235922,9598.105205903088,0.3582838773491592
H_flat@S,6,7,7492.712395966844,11648.587451813144,0.9283475350206984,0.0716524649793015,1518.7476871157253,9099.19930504353,13916.20599859327,10114.50388563563,0.5760138476755687
H_flat@S,6,14,11455.295268942342,16241.037390951542,0.8805466367242561,0.1194533632757438,1873.3572452835276,13406.091242606331,20227.82653799376,12535.7019129719,0.7429525222551929
H_flat@S,6,30,15783.898147376243,22387.48943343336,0.7156646906082321,0.2843353093917679,2031.6662669720008,18050.78503237865,24198.384577815053,16024.893134444415,0.8807863501483679
H_flat@S,7,1,3078.9576299584805,6630.708687408863,1.512362859982758,-0.5123628599827579,869.7781892874589,4005.404421969838,,10192.113994322104,0.1504451038575667
H_flat@S,7,3,5400.394188451043,9568.852897405171,1.1444666738710485,-0.1444666738710485,1395.8361939270303,6990.378689626932,10047.205217882158,10379.112886909334,0.3582838773491592
H_flat@S,7,7,8441.26776424647,12797.723707011424,1.0458736045448729,-0.0458736045448726,1593.7677638868356,9918.4629032396,15025.40527125838,10382.887840284422,0.5760138476755687
H_flat@S,7,14,12399.202161522946,18086.463979231365,0.9531029541415929,0.0468970458584072,1971.1601931048972,14385.360582858437,21951.259871292303,12914.325251819197,0.7429525222551929
H_flat@S,7,30,17181.710786229803,23982.4103696078,0.7790435302568964,0.2209564697431035,2151.137228096388,19703.844509294617,30706.23475841874,17397.427566670252,0.8807863501483679
H_flat@S,8,1,2814.424074925985,6478.295544769518,1.3824257929839678,-0.3824257929839678,851.4680191273671,3719.543419453258,,10117.681252479706,0.1504451038575667
H_flat@S,8,3,5206.458320927656,9475.832996969935,1.1033672412178837,-0.1033672412178836,1364.7963245295605,6662.3432303894415,9600.29620275635,10119.569305473517,0.3582838773491592
H_flat@S,8,7,8907.154943919226,13416.64930778524,1.1035970552781154,-0.1035970552781153,1578.7553887177587,10419.968626953045,15661.875156364258,10454.171499960948,0.5760138476755687
H_flat@S,8,14,12880.796483476825,18378.02957391702,0.99012218852237,0.0098778114776298,1870.120641612552,14731.099363964304,21201.71164432717,12915.762306001328,0.7429525222551929
H_flat@S,8,30,14824.691374698958,20355.809534450036,0.672172873074455,0.327827126925545,1882.4551225450616,17130.42277347992,23294.051940762813,14716.062019922034,0.8807863501483679
H_flat@S,9,1,3003.4160108847373,6488.25353120545,1.4752573350614435,-0.4752573350614437,844.6503623502867,3945.375786873954,,9977.510183666138,0.1504451038575667
H_flat@S,9,3,5152.398559789812,9175.488998241144,1.0919107451065435,-0.0919107451065437,1332.5762633688337,6611.257888686959,9717.669060036522,9902.229925538604,0.3582838773491592
H_flat@S,9,7,7590.400888027264,11607.594487427968,0.9404511453038044,0.0595488546961955,1543.1825317237422,8950.562454946674,13626.59863134592,9808.23928293897,0.5760138476755687
H_flat@S,9,14,11907.441721249734,16582.11563430099,0.9153022696903924,0.0846977303096074,1740.5918853686333,13648.874778524065,18966.527140519516,11916.133585840042,0.7429525222551929
H_flat@S,9,30,15128.131302457075,20566.19415793793,0.6859312767330148,0.3140687232669852,1938.5840744706368,17530.40413324229,24291.5046353206,14587.28006761216,0.8807863501483679
H_single@S,0,1,3407.4042744798035,6669.895786519019,1.6736935979658936,-0.6736935979658936,901.410704763341,4440.673395395649,,9933.65011512201,0.1504451038575667
H_single@S,0,3,5426.71276775446,9403.147881383076,1.1500441809687354,-0.1500441809687354,1343.8452282342337,6924.583482792802,9767.085968618452,10035.83377345138,0.3582838773491592
H_single@S,0,7,7690.064235697545,11912.210836127875,0.9527994403206288,0.047200559679371,1635.1495026146567,9530.67188536384,14305.895132767226,10588.425601332006,0.5760138476755687
H_single@S,0,14,10919.481778991392,15486.099431932997,0.839359678604812,0.160640321395188,1848.782720903711,12629.760208244148,18557.03127786884,11996.980993293171,0.7429525222551929
H_single@S,0,30,14620.843871200615,20602.93695354894,0.6629301334698121,0.3370698665301879,2032.8307842103395,16893.522438162872,24008.154780109064,14674.094369401755,0.8807863501483679
H_single@S,1,1,3467.9668714615736,7064.496044314964,1.7034415300219017,-0.7034415300219017,952.0030959392352,4460.772203271172,,10500.989502952898,0.1504451038575667
H_single@S,1,3,5131.883160834144,9437.63605498433,1.087563064254627,-0.087563064254627,1380.0947663299498,6626.409243316938,9705.50974053646,10267.477377249006,0.3582838773491592
H_single@S,1,7,8123.102766311648,12379.386251410162,1.0064529413786678,-0.0064529413786678,1551.0904531586546,9225.427853988424,14212.99417688595,10444.598489738071,0.5760138476755687
H_single@S,1,14,12352.724736355518,17694.11806306342,0.9495303233665712,0.0504696766334288,1647.0549713923128,13964.873856102038,20039.160536238443,12267.70275605283,0.7429525222551929
H_single@S,1,30,14358.345140755746,21065.357679512483,0.651028062704099,0.348971937295901,2012.5092473500315,16751.80767529216,27047.683017317835,14020.06934140678,0.8807863501483679
H_single@S,2,1,3425.3501378198994,6741.830573762196,1.6825084828937686,-0.6825084828937686,898.900451460792,4386.521997920226,,9757.430857927162,0.1504451038575667
H_single@S,2,3,5245.490113112919,9339.799635553363,1.1116389680249792,-0.1116389680249791,1318.489039702827,6609.135564983037,9627.368416136022,9734.384249908298,0.3582838773491592
H_single@S,2,7,8036.372216544327,12477.880432952075,0.9957070208318144,0.0042929791681856,1635.2042924097475,9437.9573903302,14258.237619220445,10254.573481510772,0.5760138476755687
H_single@S,2,14,11899.734591705366,17347.20516555695,0.9147098373837812,0.0852901626162186,1853.5182407705545,13643.271615376216,21072.668369105937,12130.729628801791,0.7429525222551929
H_single@S,2,30,15529.362454006186,22096.04990842795,0.7041236754202498,0.2958763245797502,2010.252119260313,17653.090112643367,28056.786749858456,15371.574028997598,0.8807863501483679
H_single@S,3,1,3723.988497940898,7014.159241789723,1.829197596124354,-0.8291975961243541,870.7397853975457,4531.8918513282415,,9394.362510312863,0.1504451038575667
H_single@S,3,3,5373.636941521096,9494.034783994788,1.1387962031003498,-0.1387962031003498,1360.6206394005326,6756.595335625542,9629.987142892089,9639.826873155733,0.3582838773491592
H_single@S,3,7,8026.097728499072,12391.4061977108,0.9944340111196645,0.0055659888803355,1662.1327410453027,9517.223203396685,14048.425400024113,10211.773531406445,0.5760138476755687
H_single@S,3,14,12430.133604329289,17932.102698141593,0.9554805949873942,0.0445194050126057,1918.8734516704883,14212.352128259408,21333.16729128723,12881.345339448671,0.7429525222551929
H_single@S,3,30,15897.165777812836,22101.997530215645,0.7208004082196515,0.2791995917803485,2093.01763039976,18329.336238113257,26590.061135201155,15868.174337919916,0.8807863501483679
H_single@S,4,1,3709.776161628524,7143.24289343782,1.8222165940529784,-0.8222165940529782,877.6847898211166,4594.061102128012,,9687.676465579185,0.1504451038575667
H_single@S,4,3,5343.006414056428,9492.333911743484,1.1323048958618205,-0.1323048958618204,1354.2005977202296,6857.438202259768,9706.490176373698,10083.92645984561,0.3582838773491592
H_single@S,4,7,7923.980647988682,12375.986180386471,0.9817816984503086,0.0182183015496913,1655.18722186291,9485.57895441868,14047.140946262454,10530.08589488697,0.5760138476755687
H_single@S,4,14,11628.50291480534,16778.182411406728,0.8938607771666326,0.1061392228333674,1816.5221073051816,13340.845376954208,20140.47622216473,12083.235247154766,0.7429525222551929
H_single@S,4,30,14776.85072552208,20705.01471179718,0.6700037090902486,0.3299962909097513,2007.4244747402515,16975.945543574635,24927.733855084345,14506.34202940827,0.8807863501483679
H_single@S,5,1,4612.8037593385925,7403.128820226252,2.265777553459417,-1.265777553459417,907.1976853320012,5639.568879046305,,9357.069234106992,0.1504451038575667
H_single@S,5,3,5860.635356617103,9378.87147749212,1.2420022722975432,-0.2420022722975432,1244.436144379698,7237.327125563099,9859.044251633488,9434.389207572567,0.3582838773491592
H_single@S,5,7,8120.289174024575,12082.03795828316,1.0061043371181246,-0.0061043371181246,1609.6910534688266,9698.760601294278,15066.305367139044,11009.23920815637,0.5760138476755687
H_single@S,5,14,11948.739848705976,16142.249596942676,0.9184767777568232,0.0815232222431767,2036.5518281978543,13745.985875312232,19525.6401961388,13567.876852674628,0.7429525222551929
H_single@S,5,30,16497.506597973388,21766.813228093182,0.7480207262493338,0.2519792737506662,2078.058566628177,18453.275461595476,23204.268860405395,16959.159788944326,0.8807863501483679
H_single@S,6,1,2822.543557660112,6470.401976030998,1.3864140271869598,-0.3864140271869598,871.11863491757,3763.5675569528025,,9853.685066897058,0.1504451038575667
H_single@S,6,3,5236.490797797857,9472.53326450382,1.1097318078980811,-0.1097318078980813,1385.877594137925,6659.8603899871305,9620.575837743198,9831.453327747546,0.3582838773491592
H_single@S,6,7,8682.64822584902,13290.113468313772,1.075780658851602,-0.0757806588516021,1615.81771198661,10038.507581656966,15610.091415092966,10593.496045401576,0.5760138476755687
H_single@S,6,14,12819.88364625065,18236.73935792806,0.985439935233076,0.014560064766924,1970.0181509699855,14929.51902642131,21965.38156160805,13465.895656863628,0.7429525222551929
H_single@S,6,30,18250.255879327367,24468.85129488884,0.8274929048228196,0.1725070951771804,2411.4050939918056,21255.347714816424,26886.18094094773,19020.50922866697,0.8807863501483679
H_single@S,7,1,3429.678835496584,6772.863288684873,1.6846347094889682,-0.6846347094889682,900.4633531677243,4545.89020010631,,9782.586408823574,0.1504451038575667
H_single@S,7,3,5377.754977987764,9403.036342402149,1.1396689089313363,-0.1396689089313363,1286.5451163374064,6758.7771713941465,9790.586435093795,9888.194515117162,0.3582838773491592
H_single@S,7,7,7516.78387498174,11718.304944544088,0.9313299927778932,0.0686700072221067,1567.4383351986353,8913.602620918138,13797.175660614055,10179.75082084444,0.5760138476755687
H_single@S,7,14,11383.305602754152,16346.16476785314,0.8750129287793569,0.1249870712206431,1914.1956004231583,13189.090908383836,20645.217333438013,12360.756483572404,0.7429525222551929
H_single@S,7,30,15433.095515378453,21710.021468640847,0.6997587936777588,0.3002412063222411,2070.2448806944963,17653.346976776877,25859.897410844256,15553.63905552692,0.8807863501483679
H_single@S,8,1,3208.5042942465125,6557.812160083271,1.5759952925299106,-0.5759952925299106,846.5138376585197,4171.336418742659,,9781.141576568018,0.1504451038575667
H_single@S,8,3,5095.972070891191,9198.088593449307,1.0799526854141366,-0.0799526854141365,1361.5690863388377,6564.365870819196,9516.141704533551,9865.934678714017,0.3582838773491592
H_single@S,8,7,7610.31606711068,11817.577820161188,0.9429186372392396,0.0570813627607602,1574.974951567247,9036.748690467464,13758.584096621633,9855.520413009504,0.5760138476755687
H_single@S,8,14,11472.898866279753,16627.64010023519,0.8818997915810961,0.1181002084189039,1799.2818381583063,13404.873798571842,19859.069735879904,11778.809399945048,0.7429525222551929
H_single@S,8,30,13985.0034530324,20465.552297681945,0.6341002125025252,0.3658997874974747,1959.5553858629512,16322.01541612866,24190.382651763583,13874.522576908235,0.8807863501483679
H_single@S,9,1,3978.435460900471,6821.440145039317,1.9541801983112688,-0.9541801983112688,822.3005415892155,4991.824679028574,,9529.640712487828,0.1504451038575667
H_single@S,9,3,5761.466236325374,9413.031825202306,1.2209860743515288,-0.2209860743515288,1299.300401991586,7166.824853469074,9501.599849873532,9817.447632210378,0.3582838773491592
H_single@S,9,7,8132.538423542186,11928.900246755513,1.0076220199003505,-0.0076220199003504,1512.746928654601,9508.417763397716,13213.277811421727,10131.831327919614,0.5760138476755687
H_single@S,9,14,12081.581918478452,16404.461587077705,0.9286880935725564,0.0713119064274436,1689.2405621917424,13559.077878594968,17665.51337239609,12018.59295822203,0.7429525222551929
H_single@S,9,30,13978.546348060245,19670.436557578665,0.6338074380567593,0.3661925619432407,1841.647469138994,16119.993021826269,26116.10643630948,13464.13234136062,0.8807863501483679
H_coarse@S,0,1,3503.7237885668437,6863.994442652401,1.7210050823395155,-0.7210050823395155,896.1434701552256,4532.064546233978,,9621.971815476278,0.1504451038575667
H_coarse@S,0,3,5362.382030671342,9378.148760392189,1.1364110308452433,-0.1364110308452433,1342.3035071802717,6881.409612757145,9484.58554595996,9807.147369420069,0.3582838773491592
H_coarse@S,0,7,7758.819538127737,11803.412818847555,0.9613182265968816,0.0386817734031182,1550.8842512349215,9209.950225430832,13610.95824969019,9973.282739814204,0.5760138476755687
H_coarse@S,0,14,11705.74623968662,16357.661554450962,0.8997983238065709,0.1002016761934291,1678.0557506666826,13238.020293016383,19531.61451610288,12333.409601225463,0.7429525222551929
H_coarse@S,0,30,14387.039051553176,20568.14659516128,0.6523290859748679,0.347670914025132,1866.981627278296,16395.804177136517,25205.75890171235,14049.439602972196,0.8807863501483679
H_coarse@S,1,1,3178.1589159954237,6499.066483979106,1.5610898509634104,-0.5610898509634104,809.1029619485005,4043.3524026325927,,9703.266871695832,0.1504451038575667
H_coarse@S,1,3,5299.571071631061,9391.052149732424,1.1230999563445687,-0.1230999563445687,1364.769208945828,6839.2511567210495,9737.280609775027,10010.590126709856,0.3582838773491592
H_coarse@S,1,7,8342.811714035637,12695.492443577024,1.0336748937588696,-0.0336748937588695,1612.471438305586,9870.474285281702,14380.249027114183,10286.7616734622,0.5760138476755687
H_coarse@S,1,14,13097.627970441295,18907.587592538144,1.0067896101906824,-0.0067896101906823,1809.9837006436348,14880.91961730131,21674.423576613997,12955.881071141272,0.7429525222551929
H_coarse@S,1,30,15614.92403775503,22481.767516470423,0.7080031609433964,0.2919968390566035,2002.664618196304,17894.62446050761,27867.77659409753,15406.631797230422,0.8807863501483679
H_coarse@S,2,1,3098.639065062977,6474.639400623301,1.5220302458517874,-0.5220302458517874,853.9954249019795,3986.25777514406,,9991.65332725712,0.1504451038575667
H_coarse@S,2,3,5390.060564888844,9420.011764689489,1.1422767434003145,-0.1422767434003142,1381.7093061946923,6891.795204663142,9605.789177941891,10123.816230868402,0.3582838773491592
H_coarse@S,2,7,8754.286520206462,12934.55347916658,1.0846566480081614,-0.0846566480081614,1639.2523233077934,10359.812895163952,14493.833594650958,10593.817482938584,0.5760138476755687
H_coarse@S,2,14,14257.006674443352,19192.247085949755,1.0959088336179974,-0.0959088336179974,1919.5843285633969,15965.988604733042,21609.97077268367,14008.156781106689,0.7429525222551929
H_coarse@S,2,30,17017.4025848899,22112.65828922245,0.7715935595982943,0.2284064404017056,1669.1715007401108,19249.919236672664,26267.666813084896,16496.510984009565,0.8807863501483679
H_coarse@S,3,1,3431.218905159076,6761.377255513545,1.6853911811392035,-0.6853911811392037,888.8337287844732,4442.99561741054,,10106.38323842318,0.1504451038575667
H_coarse@S,3,3,5106.430505302871,9398.6927705483,1.0821690661499412,-0.0821690661499412,1389.9674463685592,6603.991562503604,9756.378539018284,10183.392140165422,0.3582838773491592
H_coarse@S,3,7,7391.669918139275,11776.448551045552,0.915828365691031,0.084171634308969,1623.24922714701,8729.864577172602,13994.168978819758,10075.627234016058,0.5760138476755687
H_coarse@S,3,14,11557.573496485662,16777.773884222395,0.8884085684474446,0.1115914315525553,1886.52412877715,13273.853076836976,20287.207348112504,12293.849803108464,0.7429525222551929
H_coarse@S,3,30,15781.50164546198,22681.458393402536,0.7155560297574713,0.2844439702425286,2044.0935180429035,18308.997588984377,25710.43510065149,15854.499646114327,0.8807863501483679
H_coarse@S,4,1,3508.726635759968,6880.377475023874,1.7234624465511668,-0.7234624465511668,873.6155465464561,4412.339226856842,,9575.364938943403,0.1504451038575667
H_coarse@S,4,3,5393.622145486703,9362.361082209218,1.1430315235438215,-0.1430315235438215,1353.5231733429482,6810.629805986867,9623.105092088848,9666.11902952708,0.3582838773491592
H_coarse@S,4,7,8035.642198983414,12115.70256510785,0.9956165716103068,0.004383428389693,1549.5041159857642,9331.111658971977,13505.28657978185,10216.52206033603,0.5760138476755687
H_coarse@S,4,14,11838.550523023092,16755.388523380385,0.9100067350512426,0.0899932649487573,1575.814655574341,13563.222465320889,19321.929353639985,11928.040859453838,0.7429525222551929
H_coarse@S,4,30,12996.374271768953,19172.962811136826,0.5892743405582876,0.4107256594417123,1724.1616405365685,15291.85413447298,23946.20694611512,12647.439351434086,0.8807863501483679
H_coarse@S,5,1,3417.4824189736737,6756.665294592561,1.6786439133849058,-0.6786439133849058,845.5501085194694,4324.222741787722,,9561.64420393568,0.1504451038575667
H_coarse@S,5,3,5606.53011376875,9675.387340587018,1.1881515769690858,-0.1881515769690858,1305.361315151615,6934.610853298935,10100.84630897664,9252.959664359523,0.3582838773491592
H_coarse@S,5,7,7999.64001946676,12368.574574726315,0.9911558993138968,0.0088441006861033,1553.8807829163404,9645.4514114314,14428.268446916483,10008.274914574193,0.5760138476755687
H_coarse@S,5,14,12708.368970570473,17929.8053289263,0.9768680154082068,0.0231319845917932,1766.8932336307637,14630.420093465244,21543.328903598267,13178.866643718042,0.7429525222551929
H_coarse@S,5,30,17472.665691864677,25259.348473458896,0.7922358450183004,0.2077641549816996,2175.4607889170293,20210.039899242955,26364.41719679537,17661.53922175182,0.8807863501483679
H_coarse@S,6,1,3041.7555182070582,6586.867083511706,1.4940894379719007,-0.4940894379719007,878.3852229846843,4047.705702356921,,10087.487143126486,0.1504451038575667
H_coarse@S,6,3,5696.961100063632,9812.19321504836,1.2073159650652567,-0.2073159650652567,1387.1786597011082,7083.37386128221,9961.79400557998,10061.362569353856,0.3582838773491592
H_coarse@S,6,7,8941.39542313948,13659.79184421294,1.1078394527974915,-0.1078394527974917,1607.238937902662,10462.475175554411,15400.368548499173,10570.66735409654,0.5760138476755687
H_coarse@S,6,14,12861.419078213588,18762.61922498116,0.9886326844430428,0.0113673155569571,1851.6111009015983,14838.071472420675,22233.16670196153,13091.58127552918,0.7429525222551929
H_coarse@S,6,30,18157.07626364371,25270.19537879775,0.8232680067522296,0.1767319932477704,2349.5488932663607,20894.976350454264,26977.71045461058,18680.073256135536,0.8807863501483679
H_coarse@S,7,1,4089.654743561456,7568.469613241506,2.0088103467659804,-1.0088103467659804,872.3432449861962,5069.708902818803,,9637.2759317014,0.1504451038575667
H_coarse@S,7,3,5674.669361620307,9626.26607420196,1.202591837369987,-0.2025918373699871,1232.3756909435351,6959.996971068922,9921.53773277475,9433.257960683815,0.3582838773491592
H_coarse@S,7,7,7789.817678984919,12202.60059971812,0.9651588981900526,0.0348411018099473,1582.8697796603722,9523.733370287342,15262.909599220522,10680.88152647738,0.5760138476755687
H_coarse@S,7,14,11871.822771581175,16973.502882570952,0.9125643091579098,0.0874356908420902,2174.671690438824,14124.462797815611,21610.892170146293,14397.957437982945,0.7429525222551929
H_coarse@S,7,30,17196.532281975786,22086.273527442503,0.7797155582355592,0.2202844417644408,2231.096528303844,19355.74460862201,21755.78838924347,18133.14254995789,0.8807863501483679
H_coarse@S,8,1,3068.253474564224,6557.1385388769,1.507105052305172,-0.5071050523051719,871.4508165073817,3957.518204379479,,9805.004998236353,0.1504451038575667
H_coarse@S,8,3,5216.881643880062,9413.71180904208,1.1055761810348206,-0.1055761810348205,1369.9974663074734,6758.729333766585,9717.567486571888,10049.532486687194,0.3582838773491592
H_coarse@S,8,7,8002.213803778922,11979.934979558844,0.9914747913513324,0.0085252086486675,1598.1555035945853,9544.30338804733,13956.407291324102,10536.434116166876,0.5760138476755687
H_coarse@S,8,14,12128.606187356583,16844.259938200947,0.9323027591776688,0.067697240822331,1766.8056554621255,13715.145367154726,19091.255457999283,12319.508563877547,0.7429525222551929
H_coarse@S,8,30,13652.073039093046,19567.727310900387,0.6190046676972272,0.3809953323027728,1838.812443696847,15924.536643710151,25634.17469280535,13276.810252293712,0.8807863501483679
H_coarse@S,9,1,3151.890056568902,6570.782466673685,1.5481867674704055,-0.5481867674704055,852.7222997876913,4087.900331947225,,9719.809754557478,0.1504451038575667
H_coarse@S,9,3,5092.63993056058,9170.699632841788,1.0792465288951918,-0.0792465288951917,1356.390858580315,6602.459849511615,9410.20173806376,9784.15756754436,0.3582838773491592
H_coarse@S,9,7,7491.990718779887,11661.039797820926,0.9282581191720464,0.0717418808279537,1580.3345987275663,9070.662433420794,13465.90795128825,9922.91095071701,0.5760138476755687
H_coarse@S,9,14,11124.287489918035,15768.992207803723,0.8551027018708571,0.1448972981291428,1677.1010855199424,12670.643825858077,18123.29229852569,11248.723050540442,0.7429525222551929
H_coarse@S,9,30,13870.847859625028,19311.083311228664,0.6289242333702304,0.3710757666297696,1918.345815736044,16070.323361059478,24277.239251164017,13343.644832589069,0.8807863501483679
H_uniform@S,0,1,3383.480210236592,6920.183487387029,1.661942261776911,-0.6619422617769111,914.974509764255,4319.887108163977,,10106.343511204346,0.1504451038575667
H_uniform@S,0,3,5379.415012977335,9585.318532219064,1.1400207081994504,-0.1400207081994504,1372.8915940457669,6898.775687192687,9619.635840437952,9956.529862385256,0.3582838773491592
H_uniform@S,0,7,8065.4194590443585,12256.825076885369,0.9993059759963778,0.0006940240036221,1555.698722664013,9572.301104936045,14238.664089909666,10199.288679698537,0.5760138476755687
H_uniform@S,0,14,12127.245059150777,16957.35097346556,0.9321981318559251,0.0678018681440748,1646.2920099826883,13844.33565254333,19241.449263794155,12344.39125325697,0.7429525222551929
H_uniform@S,0,30,14334.835056187803,20778.00813333857,0.6499620815857853,0.3500379184142147,1635.8008163381432,16345.574519402397,27248.156643673683,13872.694704582456,0.8807863501483679
H_uniform@S,1,1,3161.7983396004624,6668.882923664282,1.553053648104723,-0.553053648104723,876.1258411358435,4119.605098095144,,10196.229744101553,0.1504451038575667
H_uniform@S,1,3,5455.814818087801,9685.079536272147,1.1562115690492305,-0.1562115690492302,1400.5713352729108,6983.191727383736,10148.878364044234,10494.533688951293,0.3582838773491592
H_uniform@S,1,7,8553.900893401174,12977.524602891985,1.0598288562997271,-0.0598288562997273,1676.6142367869988,10049.629323337824,15447.651456760052,10915.80337311025,0.5760138476755687
H_uniform@S,1,14,12376.523880678424,17532.60312548139,0.951359718069933,0.0486402819300669,1920.3850578869703,14186.026887248412,21007.19035351243,12795.075211981492,0.7429525222551929
H_uniform@S,1,30,14372.288725019484,20804.480388470176,0.6516602849108634,0.3483397150891366,1879.5515692072725,16624.933802805346,27280.478685151786,13904.71243894885,0.8807863501483679
H_uniform@S,2,1,3061.034711796677,6520.690925738319,1.50355924556901,-0.5035592455690099,866.4836986237748,3937.189759525316,,9754.931140047653,0.1504451038575667
H_uniform@S,2,3,5144.886246715006,9248.141081330235,1.090318714662509,-0.090318714662509,1354.5681033380945,6580.492483844368,9455.562047410043,9942.72743346918,0.3582838773491592
H_uniform@S,2,7,7640.467949020939,11842.722965443134,0.946654457295898,0.0533455427041019,1586.6464623734953,9036.967249490745,13856.930696733774,10236.285537202446,0.5760138476755687
H_uniform@S,2,14,11736.010089707794,16552.499271375633,0.9021246480718844,0.0978753519281155,1688.0676773966984,13295.678729849984,19377.923335791176,12021.112691037006,0.7429525222551929
H_uniform@S,2,30,15190.47939263147,21009.97310600726,0.6887582290009556,0.3112417709990444,1744.7745016895483,17320.576951466766,26385.72664443155,14777.109765119774,0.8807863501483679
H_uniform@S,3,1,3234.5068690645844,6702.955974975022,1.588767578850494,-0.588767578850494,846.1760348274072,4115.852827854202,,10169.901785756463,0.1504451038575667
H_uniform@S,3,3,5304.484051169459,9575.233232567512,1.1241411287395635,-0.1241411287395637,1354.9451465577276,6756.929417195494,9748.657677097895,10067.663583385807,0.3582838773491592
H_uniform@S,3,7,7883.252914258252,12364.48774971694,0.9767355296909184,0.0232644703090816,1569.414575325353,9558.29469474236,13752.077024676477,9849.268919862052,0.5760138476755687
H_uniform@S,3,14,11833.167450152543,17268.074707554588,0.9095929485359132,0.0904070514640866,1666.534025477895,13430.619424713414,20555.883745776464,12035.689840151575,0.7429525222551929
H_uniform@S,3,30,14186.356515734336,20689.561865098716,0.6432298505663361,0.3567701494336639,1869.7497144559145,16458.727367947868,27003.986346830345,13878.154240626149,0.8807863501483679
H_uniform@S,4,1,3378.1549728979853,6927.1187544853465,1.659326541738045,-0.659326541738045,910.6056016268308,4361.596400432746,,10183.110171658596,0.1504451038575667
H_uniform@S,4,3,5420.683388592222,9700.399591114588,1.1487664180361574,-0.1487664180361574,1409.4206042855424,7030.713951640047,9820.003598287558,10161.214523390709,0.3582838773491592
H_uniform@S,4,7,7898.776997391852,12082.443497521825,0.9786589645632208,0.0213410354367793,1518.3387116184056,9269.032587259177,13737.54450908713,9883.397340953446,0.5760138476755687
H_uniform@S,4,14,11811.031830735052,16725.020950568483,0.9078914258101984,0.0921085741898015,1548.9056523807349,13540.569606020166,19128.761053587004,11716.887615975764,0.7429525222551929
H_uniform@S,4,30,13832.63144302596,19943.72288746033,0.6271914459620658,0.3728085540379342,1776.9375641058186,15737.363490177158,25415.957335846248,13431.135834751867,0.8807863501483679
H_uniform@S,5,1,3972.373565189332,7473.310760839885,1.9512026367347752,-0.9512026367347752,883.459142091564,4853.522961705717,,9464.759594878438,0.1504451038575667
H_uniform@S,5,3,5568.596347389983,9719.137876651414,1.1801125468686997,-0.1801125468686994,1353.4194818620842,6974.254169355811,10218.227751972438,9848.148364171186,0.3582838773491592
H_uniform@S,5,7,8324.82217748225,12952.15301276126,1.03144598905348,-0.0314459890534799,1684.544230701241,9760.026168630588,14789.865530834011,10782.27944287732,0.5760138476755687
H_uniform@S,5,14,12755.93957796113,18282.60364929221,0.9805246770097932,0.0194753229902069,2038.6495642942623,14760.71187053989,21844.254219410766,13457.60990206592,0.7429525222551929
H_uniform@S,5,30,16804.61940065923,23557.54335193592,0.7619456633506623,0.2380543366493377,2078.744937474889,19084.211133058165,28121.91592504265,17061.714809974717,0.8807863501483679
H_uniform@S,6,1,3226.5718705716176,6655.466387303178,1.584869962040826,-0.584869962040826,870.0572753293508,4140.767584601615,,9906.18559569767,0.1504451038575667
H_uniform@S,6,3,5108.256052417346,9201.256254766018,1.0825559412114998,-0.0825559412114997,1335.7258460836194,6555.322926355573,9459.566104293026,9889.030408780982,0.3582838773491592
H_uniform@S,6,7,7593.378581076587,11963.878863034386,0.9408200816590654,0.0591799183409346,1670.4024644717338,8896.093663903794,14047.671498435133,10452.020522840325,0.5760138476755687
H_uniform@S,6,14,11460.655473351888,16430.75392798485,0.8809586653847287,0.1190413346152713,1839.100537864995,13414.895532993643,20520.089264811588,12397.812570352677,0.7429525222551929
H_uniform@S,6,30,15660.258946590524,22721.26811964076,0.710058711049116,0.289941288950884,2082.937978146529,18363.07692262793,25551.06244239434,15836.850512711426,0.8807863501483679
H_uniform@S,7,1,3504.6884635730057,6941.638102544357,1.7214789240829285,-0.7214789240829285,897.4139599740914,4420.504308259572,,10145.746511541782,0.1504451038575667
H_uniform@S,7,3,5352.024249291479,9446.779212809117,1.1342159807820744,-0.1342159807820744,1307.378276356818,6920.947565819316,9837.244178902603,10137.176885216237,0.3582838773491592
H_uniform@S,7,7,7804.136885811681,12275.956689715957,0.9669330488124936,0.0330669511875064,1596.6276987144545,9188.606540485818,14799.848383882783,10361.89284823486,0.5760138476755687
H_uniform@S,7,14,11930.605851245416,17233.807241799856,0.9170828520570156,0.0829171479429843,2076.765473380438,13932.066445464096,22616.652430542825,13445.310703451583,0.7429525222551929
H_uniform@S,7,30,16738.1813481829,22568.50349614745,0.7589332662972773,0.2410667337027227,2315.1498019578457,19163.16016285114,24329.227929686196,17487.241405034514,0.8807863501483679
H_uniform@S,8,1,3669.435497460162,6657.0735045909305,1.8024015366317132,-0.8024015366317134,846.6632866847724,4639.588231454646,,9480.78452889911,0.1504451038575667
H_uniform@S,8,3,5377.976985163527,9283.105823923464,1.1397159573143163,-0.1397159573143163,1318.7685938823186,6857.90759973343,9629.752589315924,9718.808156066858,0.3582838773491592
H_uniform@S,8,7,8393.797527732939,12563.737691371682,1.0399920392684705,-0.0399920392684705,1610.8078011615305,9976.441582946713,14233.771479504298,10440.067323853717,0.5760138476755687
H_uniform@S,8,14,12031.857462213871,17281.55320288151,0.924865869727709,0.0751341302722909,1921.716919161104,13804.217267388998,20353.43778381819,12290.5281190303,0.7429525222551929
H_uniform@S,8,30,14845.553581889735,21364.69785923344,0.6731187956162241,0.3268812043837759,1984.2336203577795,16929.989952909335,28716.45298224397,14633.022611544991,0.8807863501483679
H_uniform@S,9,1,3366.7109168142283,6865.396484915701,1.6537052999189858,-0.6537052999189858,908.194117265225,4409.530686984363,,10182.347034281824,0.1504451038575667
H_uniform@S,9,3,5281.720735863948,9596.092034129657,1.1193170631538163,-0.1193170631538165,1365.23640997152,6882.667108549495,10130.974268266353,10289.781511141124,0.3582838773491592
H_uniform@S,9,7,7485.722425177553,11402.573980002117,0.9274814772022244,0.0725185227977756,1523.478817473406,9081.440214369924,13242.10691253243,10014.97601017742,0.5760138476755687
H_uniform@S,9,14,11434.832543738195,15696.674395234832,0.8789737061769682,0.1210262938230317,1622.412342115696,12853.188852279569,17252.26388311598,11439.13771585897,0.7429525222551929
H_uniform@S,9,30,14584.561588314113,19878.34616576187,0.6612850424717531,0.3387149575282469,1815.385383396295,16766.657005617388,24271.62230326469,13971.206683872948,0.8807863501483679
H_freegate@S,0,1,3385.948732133171,6946.3889529978405,1.6631547827934767,-0.6631547827934767,913.3900576127592,4287.656973772393,,10095.562754179638,0.1504451038575667
H_freegate@S,0,3,5410.140071870714,9555.509445305326,1.1465320488033264,-0.1465320488033263,1370.7349903058534,7020.804762688433,9663.084403339966,9968.002106541751,0.3582838773491592
H_freegate@S,0,7,8006.273333514549,12206.325846259278,0.9919777673397664,0.0080222326602334,1550.667631715496,9544.51766627635,14161.980171519408,10143.174622299915,0.5760138476755687
H_freegate@S,0,14,11966.93251555159,16839.51189878023,0.9198752132600428,0.0801247867399572,1670.084994722043,13541.249196877456,19196.08438242657,12152.651748524464,0.7429525222551929
H_freegate@S,0,30,14156.247709858731,20478.76736610091,0.6418646739134996,0.3581353260865004,1698.312286529392,16277.836379227663,27618.943257648392,13683.78365505632,0.8807863501483679
H_freegate@S,1,1,3122.7654735978263,6594.959680495899,1.5338809721683326,-0.5338809721683326,848.4650901368681,3983.166259784834,,9674.57560982189,0.1504451038575667
H_freegate@S,1,3,5279.279555461343,9489.406403471972,1.1187997213602,-0.1187997213602001,1353.8461140000395,6772.543827904692,9729.783452063431,9767.624112152367,0.3582838773491592
H_freegate@S,1,7,8148.301063868131,12662.376902332708,1.0095750120237217,-0.0095750120237214,1552.338708103581,9543.827032733265,14379.074509156571,10013.085872305435,0.5760138476755687
H_freegate@S,1,14,12770.160052650444,18858.29148914147,0.9816177776995892,0.0183822223004108,1833.788444573836,14703.828447529684,22275.22985704532,12685.869236218248,0.7429525222551929
H_freegate@S,1,30,16196.17711333526,23019.60659578283,0.7343580131235188,0.2656419868764812,2086.4531853508647,18549.693335838136,29038.355888877988,16000.672183926155,0.8807863501483679
H_freegate@S,2,1,3471.7095063313745,6678.326323244356,1.705279886587932,-0.705279886587932,864.0952637989087,4354.889987095792,,9549.776250114815,0.1504451038575667
H_freegate@S,2,3,5492.671138754221,9430.274328744945,1.1640222638341458,-0.1640222638341457,1346.789550173796,6908.458534689966,9574.998008454286,9614.67116191253,0.3582838773491592
H_freegate@S,2,7,8072.783930054493,12049.210069735547,1.000218434415664,-0.0002184344156639,1554.3408304807042,9479.203837767807,13500.086609635076,9981.890216504502,0.5760138476755687
H_freegate@S,2,14,12271.110282482936,16972.79821355363,0.9432567764017512,0.0567432235982486,1722.43280401064,13838.284352295712,19334.4976590932,12334.18629221407,0.7429525222551929
H_freegate@S,2,30,14876.106741967547,20853.98230506948,0.674504119929016,0.3254958800709839,1775.2608312091756,16752.595292091355,27108.11914119037,14513.241584885436,0.8807863501483679
H_freegate@S,3,1,3432.7873539629736,6879.12392941188,1.6861615924289597,-0.6861615924289595,842.8742325809474,4287.237055391493,,9950.962277632736,0.1504451038575667
H_freegate@S,3,3,5487.809422900075,9753.410691781834,1.1629919553828112,-0.1629919553828112,1355.8965229743187,6912.267255844909,9972.614513980969,10019.062228007127,0.3582838773491592
H_freegate@S,3,7,8130.1514586322,12741.252227195146,1.007326274798542,-0.0073262747985418,1567.8054807464125,9734.346106129036,14088.921228579366,9870.580738698847,0.5760138476755687
H_freegate@S,3,14,12243.729885681943,17914.695410116547,0.941152097670278,0.0588479023297219,1705.0724244575597,14019.3660576631,21364.6510339218,12417.742780305389,0.7429525222551929
H_freegate@S,3,30,14730.35093287451,21322.450849076296,0.6678953414735962,0.3321046585264038,1900.256599882228,17108.270405626456,27858.936161214588,14485.789613643556,0.8807863501483679
H_freegate@S,4,1,3655.566928572585,7324.612659046393,1.7955893907604608,-0.7955893907604608,966.1777548210626,4678.51883095171,,10488.394206125911,0.1504451038575667
H_freegate@S,4,3,5601.091246128401,9925.180299046247,1.1869989568934465,-0.1869989568934462,1446.585244914458,7248.774070799774,10048.859409685374,10497.262761390766,0.3582838773491592
H_freegate@S,4,7,7695.157950988893,11848.875839069824,0.9534305519641728,0.0465694480358271,1538.1998378227615,8914.973176609832,13750.689549627352,10024.61749026422,0.5760138476755687
H_freegate@S,4,14,11619.219430089031,16289.006145622689,0.8931471734530566,0.1068528265469433,1517.7719613980958,13388.744034381234,18777.123993886988,11862.613330174148,0.7429525222551929
H_freegate@S,4,30,14082.013067283671,20048.77462231209,0.6384987682281715,0.3615012317718284,1854.884978337213,16083.340772598596,25224.594172457862,13797.7323477728,0.8807863501483679
H_freegate@S,5,1,3730.744934103821,7231.144366356581,1.8325163112048164,-0.8325163112048164,882.16438101764,4614.06058723425,,9470.382660999128,0.1504451038575667
H_freegate@S,5,3,5552.678308298297,9697.566327376828,1.176739151405685,-0.176739151405685,1362.0706329682305,6997.90469218532,10192.555807959036,9861.448221471324,0.3582838773491592
H_freegate@S,5,7,8275.857068994415,12856.93366852177,1.025379209045859,-0.0253792090458593,1656.81552035904,9749.617680005998,14825.590694872362,10720.583900944568,0.5760138476755687
H_freegate@S,5,14,12744.514100280294,18362.58686660132,0.9796464223940344,0.0203535776059656,2002.7332594563409,14641.247295076875,21706.185571479986,13291.981245799188,0.7429525222551929
H_freegate@S,5,30,16612.699361277817,23704.356793216564,0.7532437321595864,0.2467562678404136,2038.8857647996697,18844.790649381997,27973.50303033901,16783.61950618336,0.8807863501483679
H_freegate@S,6,1,3168.2895372386874,6624.851607499046,1.556242079841925,-0.556242079841925,857.1202892141094,4089.488329378565,,9889.336287780425,0.1504451038575667
H_freegate@S,6,3,5088.831367097628,9131.902902701586,1.078439407450614,-0.078439407450614,1315.7043034360895,6558.724535915029,9413.485169053973,9743.914515902969,0.3582838773491592
H_freegate@S,6,7,7573.00731602488,11844.244587428131,0.9382960806436008,0.0617039193563991,1644.5606213087603,8930.520473112405,13946.545583003415,10352.055077211618,0.5760138476755687
H_freegate@S,6,14,11474.61025341983,16464.795242514865,0.8820313426371753,0.1179686573628246,1819.8590725314443,13323.389145312362,20524.77645534295,12299.328164690503,0.7429525222551929
H_freegate@S,6,30,15465.807113451549,22515.690828884424,0.7012419846801143,0.2987580153198856,2038.223368824952,18107.733898140003,25682.631662428783,15583.474819098456,0.8807863501483679
H_freegate@S,7,1,3435.3542311626056,6901.232708545976,1.6874224248954692,-0.6874224248954692,892.76160818109,4373.181960113581,,10047.920777150564,0.1504451038575667
H_freegate@S,7,3,5284.971289187466,9393.603048720252,1.1200059295255274,-0.1200059295255273,1310.3539960184244,6803.337676500656,9731.146639586035,10084.799550439871,0.3582838773491592
H_freegate@S,7,7,7757.470260420528,12201.555090243122,0.9611510510044726,0.0388489489955273,1601.6473661379655,9186.286414074626,14608.864538378328,10327.867596541591,0.5760138476755687
H_freegate@S,7,14,11885.72818818651,17125.022348864863,0.9136331919354034,0.0863668080645966,2036.950455946804,13890.549490504822,22401.294879401543,13322.575360182702,0.7429525222551929
H_freegate@S,7,30,16692.46068800339,22575.7157931279,0.7568602256696543,0.2431397743303457,2287.532083925048,19065.121922619936,24539.230383868435,17404.644586088943,0.8807863501483679
H_freegate@S,8,1,3599.9990984091974,7162.845366249712,1.7682948538914782,-0.7682948538914782,866.2879792530304,4478.779646187275,,9813.546813961832,0.1504451038575667
H_freegate@S,8,3,5685.042459128041,9647.12475887366,1.2047901332699056,-0.2047901332699055,1345.8562830424366,7183.388901881191,10027.814253393724,9952.774983074109,0.3582838773491592
H_freegate@S,8,7,8781.600842361253,13287.698036571364,1.0880408942334416,-0.0880408942334416,1674.570284470904,10231.924609708052,14970.63103592333,10756.9479107316,0.5760138476755687
H_freegate@S,8,14,13186.53235010656,18824.31845008943,1.013623519807709,-0.013623519807709,1979.7113954707088,14913.094756487024,21417.420750870573,13159.25962369672,0.7429525222551929
H_freegate@S,8,30,15400.91266512543,21428.974040001995,0.6982995768636255,0.3017004231363744,1999.7712261936244,17706.86660708312,27688.496930744142,15002.018461555148,0.8807863501483679
H_freegate@S,9,1,3340.2244022471405,6592.442239877353,1.6406953057144875,-0.6406953057144875,836.4227407497219,4290.211006092622,,9748.542680450148,0.1504451038575667
H_freegate@S,9,3,5208.137773282351,9217.96226232632,1.103723155468442,-0.1037231554684421,1332.5586597254976,6662.927109069282,9505.415104430398,9649.240655734306,0.3582838773491592
H_freegate@S,9,7,8055.729762313428,12157.564839457978,0.9981054219646897,0.0018945780353103,1474.6636552444886,9489.43187205007,13296.78047563064,9315.862946840549,0.5760138476755687
H_freegate@S,9,14,12235.041084379884,17371.314295753644,0.9404842061333014,0.0595157938666985,1661.2348681284134,13962.525201248576,19681.668270295588,11735.646841836013,0.7429525222551929
H_freegate@S,9,30,15476.509003894296,20983.624583616554,0.7017272238169309,0.2982727761830691,1790.8058027635122,17864.039929922077,25981.29744834915,14983.432473276218,0.8807863501483679
H_freeboth@S,0,1,3370.382729442617,6913.905591562736,1.6555088690860178,-0.6555088690860178,907.993675969854,4276.872958798632,,10070.890195433733,0.1504451038575667
H_freeboth@S,0,3,5393.095088157022,9535.954873756791,1.1429198280771593,-0.1429198280771593,1365.8883026002998,6975.445376653601,9626.98620824526,9940.973115771882,0.3582838773491592
H_freeboth@S,0,7,7988.184431428315,12177.82594144647,0.9897365512386352,0.0102634487613647,1546.1373072931826,9559.190750500224,14113.946875237129,10136.156985301242,0.5760138476755687
H_freeboth@S,0,14,11886.837526202688,16675.088062913328,0.9137184646268708,0.0862815353731292,1655.716938842263,13428.96118288475,18932.034938274544,12109.00588622744,0.7429525222551929
H_freeboth@S,0,30,14084.731984114103,20373.41722858541,0.638622047835913,0.3613779521640869,1692.0237075040216,16178.95763982736,27433.88113659385,13621.34652896758,0.8807863501483679
H_freeboth@S,1,1,3135.956423116212,6606.278753512603,1.5403602760552728,-0.5403602760552728,847.567814270917,4000.940593478618,,9649.273139643528,0.1504451038575667
H_freeboth@S,1,3,5273.137122786327,9492.67067713304,1.1174979998103016,-0.1174979998103016,1354.4900952758098,6769.105098377483,9722.93219431309,9765.118173172816,0.3582838773491592
H_freeboth@S,1,7,8157.368068860784,12688.885705990017,1.0106984145100468,-0.0106984145100468,1553.9856526412202,9576.457630305094,14415.088547826665,10030.900998039988,0.5760138476755687
H_freeboth@S,1,14,12778.60802898074,18888.777362901663,0.9822671574816132,0.0177328425183868,1839.4018296283664,14733.30304121254,22309.530302008618,12691.03840839393,0.7429525222551929
H_freeboth@S,1,30,16255.796395976316,23070.566519532884,0.7370612373249933,0.2629387626750067,2091.7801142845533,18619.15500343256,29072.76814188459,16048.367211623232,0.8807863501483679
H_freeboth@S,2,1,3440.6188965644646,6653.017161625315,1.6900083924146505,-0.6900083924146505,864.604672895369,4319.662155522481,,9544.399713234248,0.1504451038575667
H_freeboth@S,2,3,5446.37700970243,9388.25767109643,1.1542114822417642,-0.1542114822417641,1346.902096077135,6863.851481046035,9557.07149576332,9626.78877735588,0.3582838773491592
H_freeboth@S,2,7,7972.08438062093,11927.641675673518,0.9877417539354864,0.0122582460645135,1555.744786333922,9401.787839190432,13432.231801937643,9970.45747785695,0.5760138476755687
H_freeboth@S,2,14,12086.905926394758,16667.459899699847,0.9290973398778268,0.0709026601221732,1712.9013180429454,13648.57331884822,19076.11352123257,12226.740459971505,0.7429525222551929
H_freeboth@S,2,30,14743.403540980162,20594.37059156689,0.66848716553723,0.33151283446277,1769.813703342886,16584.78044116768,26669.467494333185,14392.079983292902,0.8807863501483679
H_freeboth@S,3,1,3414.354736044649,6866.098544223783,1.6771076169923755,-0.6771076169923755,843.5712752063533,4278.707951701841,,9952.287135154633,0.1504451038575667
H_freeboth@S,3,3,5473.5555560416215,9740.83924622478,1.1599712359641838,-0.1599712359641838,1355.756438430823,6900.270213586338,9962.539866063127,10025.717993375065,0.3582838773491592
H_freeboth@S,3,7,8112.757286518957,12713.692182245924,1.0051711357845652,-0.0051711357845651,1566.180025769007,9722.287512188288,14067.33035509709,9869.187884179268,0.5760138476755687
H_freeboth@S,3,14,12218.04833263966,17868.576175225564,0.93917800580915,0.0608219941908501,1700.8725519142786,13966.163756692473,21294.00405189633,12412.427390079056,0.7429525222551929
H_freeboth@S,3,30,14736.419180649144,21304.88961537398,0.6681704845735844,0.3318295154264156,1901.3633178588732,17091.363451282952,27819.083676988063,14492.913858746151,0.8807863501483679
H_freeboth@S,4,1,3593.0581948633994,7219.6611625632995,1.7648855296983652,-0.7648855296983652,956.0528677003056,4604.9025172850215,,10430.498604286924,0.1504451038575667
H_freeboth@S,4,3,5559.937327666427,9840.411710250788,1.1782775031374115,-0.1782775031374115,1438.3159758457405,7204.520699338722,9960.030989051036,10417.10617735289,0.3582838773491592
H_freeboth@S,4,7,7709.320968376044,11855.959720192668,0.955185350705266,0.0448146492947338,1537.148938389163,8933.818143723724,13703.957757675074,9981.980148651472,0.5760138476755687
H_freeboth@S,4,14,11636.771021226295,16330.725100783762,0.8944963306927638,0.1055036693072362,1513.895954210125,13402.71417382056,18768.869930846395,11839.032089342623,0.7429525222551929
H_freeboth@S,4,30,14131.03881411436,20100.446584827507,0.6407216662480282,0.3592783337519718,1853.4523789797504,16152.206423620448,25403.9414196494,13829.73831026175,0.8807863501483679
H_freeboth@S,5,1,3716.50067272462,7217.391076158802,1.8255196277596852,-0.8255196277596855,883.0555569359508,4598.674899435184,,9484.561747333722,0.1504451038575667
H_freeboth@S,5,3,5541.467122653833,9690.42331180996,1.174363245518646,-0.1743632455186461,1361.5809639053152,6992.1423750379245,10187.301318542686,9870.500226808505,0.3582838773491592
H_freeboth@S,5,7,8275.194004595878,12857.717591117927,1.0252970553253624,-0.0252970553253624,1655.3354729565422,9755.464612236015,14836.8748686587,10717.532187426665,0.5760138476755687
H_freeboth@S,5,14,12749.21562759152,18375.78389647488,0.980007819805814,0.019992180194186,2002.6285242380327,14644.70266915876,21741.033251882127,13299.631948572904,0.7429525222551929
H_freeboth@S,5,30,16619.6507165227,23698.435157594213,0.7535589166250579,0.246441083374942,2041.9124789658729,18843.02900328509,27934.307748161977,16793.121940474506,0.8807863501483679
H_freeboth@S,6,1,3165.721614371185,6619.347556895187,1.5549807337505324,-0.5549807337505324,857.9622856946811,4087.437105336921,,9898.323233583067,0.1504451038575667
H_freeboth@S,6,3,5089.672206557721,9133.583275806224,1.0786176005058934,-0.0786176005058933,1318.013635717402,6560.631581750241,9417.361095860775,9754.736861291238,0.3582838773491592
H_freeboth@S,6,7,7572.64624256936,11838.242686344462,0.938251343619853,0.061748656380147,1645.1435007222697,8921.407865145497,13954.338700092308,10355.66132965526,0.5760138476755687
H_freeboth@S,6,14,11472.969273904191,16461.579975999397,0.8819052036805176,0.1180947963194823,1819.1219541244895,13316.477798390531,20521.38841431491,12302.919318549595,0.7429525222551929
H_freeboth@S,6,30,15474.157856030944,22523.1201146237,0.7016206193842052,0.2983793806157948,2039.179791964382,18117.231710635424,25667.117964889305,15593.50764005174,0.8807863501483679
H_freeboth@S,7,1,3447.1001808289275,6912.409236865719,1.693191954770686,-0.693191954770686,894.1672177111932,4386.612861911448,,10058.071842660542,0.1504451038575667
H_freeboth@S,7,3,5292.252384530574,9401.809556202808,1.1215489596597508,-0.1215489596597507,1311.399565174146,6812.579841921087,9754.725684926218,10085.687050957436,0.3582838773491592
H_freeboth@S,7,7,7797.689676648426,12259.960441907544,0.9661342391934706,0.0338657608065293,1601.4703502831685,9340.055059911365,14677.81523748288,10304.75433256192,0.5760138476755687
H_freeboth@S,7,14,11868.914651212242,17089.197303131372,0.912340767507526,0.0876592324924739,2043.258223857025,13880.40087654391,22334.17879869472,13330.178690247194,0.7429525222551929
H_freeboth@S,7,30,16708.710745804103,22500.95843742009,0.7575970267107993,0.2424029732892006,2301.229164929377,19067.6277692308,24310.14706167098,17450.567616827317,0.8807863501483679
H_freeboth@S,8,1,3588.8414085594,7127.28451611627,1.7628142732014906,-0.7628142732014906,865.2456648539682,4466.098761923662,,9799.497969355512,0.1504451038575667
H_freeboth@S,8,3,5670.317580334115,9607.489737207792,1.2016695956816537,-0.2016695956816536,1348.0075638084115,7172.016385056992,10006.226247604243,9962.523814237626,0.3582838773491592
H_freeboth@S,8,7,8777.832818586063,13295.069292038215,1.0875740358517587,-0.0875740358517587,1667.143984815379,10261.286814070576,15012.248086694057,10745.275012982123,0.5760138476755687
H_freeboth@S,8,14,13169.748111305427,18864.88532051296,1.0123333474743617,-0.0123333474743616,1971.8696015665728,14917.242579362766,21503.29108879254,13127.146388922463,0.7429525222551929
H_freeboth@S,8,30,15435.948513671938,21492.80859807948,0.6998881527322807,0.3001118472677193,2019.3329201638196,17768.215163008434,27851.47367455245,15039.437543568723,0.8807863501483679
H_freeboth@S,9,1,3328.918422560316,6578.406010862135,1.6351418860741191,-0.6351418860741191,835.32426430589,4297.699542075152,,9772.521147601812,0.1504451038575667
H_freeboth@S,9,3,5181.940391823759,9178.311396256517,1.0981713329577512,-0.0981713329577511,1329.844704895934,6631.49380590994,9502.019870375334,9662.375849745458,0.3582838773491592
H_freeboth@S,9,7,7994.066655766083,12107.475566701463,0.9904653592024036,0.0095346407975964,1461.555190862434,9419.223289874664,13280.234221917504,9262.648730641267,0.5760138476755687
H_freeboth@S,9,14,12102.301900633856,17321.742373174704,0.9302807989696308,0.0697192010303692,1668.8885368429933,13798.636909373754,19801.25610023353,11644.032016346342,0.7429525222551929
H_freeboth@S,9,30,15497.936866122742,21018.319380665413,0.7026987939733604,0.2973012060266395,1789.134075475959,17968.356283691563,26057.44237024447,14987.024060914391,0.8807863501483679
H_shortonly@R,1,1,2038.249965195279,6427.181485279353,1.0011743964024789,-0.0011743964024788,974.5529386411466,3040.452871551008,,10440.033569657464,0.1504451038575667
H_shortonly@R,1,3,4721.115308490653,9949.773707078888,1.0005119895923258,-0.0005119895923257,1572.4424376455036,6561.166567662086,9630.667004541105,11251.704933341443,0.3582838773491592
H_shortonly@R,1,7,8070.587736209348,13454.86555175548,0.9999463258607344,5.367413926549158e-05,1932.6651852846587,9698.219660725144,16081.64677548686,12952.88048800599,0.5760138476755687
H_shortonly@R,1,14,13009.783343663808,18707.237756339964,1.0000371617511443,-3.716175114454323e-05,2453.546525976691,15037.982279784264,22157.03326883609,16918.53992908053,0.7429525222551929
H_shortonly@R,1,30,22055.143142656925,28493.401071968023,1.000011977151134,-1.197715113399056e-05,3331.463553281236,25388.42716108353,25668.895297271305,24794.706539094,0.8807863501483679
H_shortonly@R,2,1,2036.745705980676,6427.822370883877,1.0004355145985149,-0.0004355145985148,974.9020296188012,3039.625919548671,,10441.498049070786,0.1504451038575667
H_shortonly@R,2,3,4720.71218070574,9955.288658317657,1.0004265576221687,-0.0004265576221686,1573.5558319346349,6561.305360261991,9630.933550075251,11259.179452927903,0.3582838773491592
H_shortonly@R,2,7,8070.587736209348,13454.86555175548,0.9999463258607344,5.367413926549158e-05,1932.6651852846587,9698.219660725144,16081.64677548686,12952.88048800599,0.5760138476755687
H_shortonly@R,2,14,13009.783343663808,18707.237756339964,1.0000371617511443,-3.716175114454323e-05,2453.546525976691,15037.982279784264,22157.03326883609,16918.53992908053,0.7429525222551929
H_shortonly@R,2,30,22055.143142656925,28493.401071968023,1.000011977151134,-1.197715113399056e-05,3331.463553281236,25388.42716108353,25668.895297271305,24794.706539094,0.8807863501483679
H_shortonly@R,3,1,2045.6298830339151,6427.735451689627,1.0047993614037114,-0.0047993614037114,973.9380178801748,3046.0340085688,,10442.475249313617,0.1504451038575667
H_shortonly@R,3,3,4724.20034244506,9926.090865975586,1.0011657786353794,-0.0011657786353793,1568.280444612268,6557.194894899293,9623.273219210812,11223.279553373057,0.3582838773491592
H_shortonly@R,3,7,8069.663396592678,13449.112410372674,0.999831800124351,0.0001681998756489,1931.648750764658,9694.382896670786,16075.310702890498,12945.208291845038,0.5760138476755687
H_shortonly@R,3,14,13011.266943826096,18708.36835582436,1.0001512032579305,-0.0001512032579302,2453.5132450702718,15039.212257885332,22159.461737174603,16919.94451628856,0.7429525222551929
H_shortonly@R,3,30,22033.99860366847,28469.249817545235,0.9990532532787464,0.0009467467212537,3328.5676695643137,25365.088693570306,25637.44948166326,24768.8914643846,0.8807863501483679
H_shortonly@R,4,1,2037.2849551350955,6427.27911823911,1.00070039008283,-0.0007003900828299,974.6850283281884,3039.49420331186,,10440.1606195757,0.1504451038575667
H_shortonly@R,4,3,4719.945699653092,9955.435115103935,1.000264122809024,-0.0002641228090238,1573.7456468668938,6560.905647151617,9630.79190001606,11259.127860831486,0.3582838773491592
H_shortonly@R,4,7,8070.587736209348,13454.86555175548,0.9999463258607344,5.367413926549158e-05,1932.6651852846587,9698.219660725144,16081.64677548686,12952.88048800599,0.5760138476755687
H_shortonly@R,4,14,13009.783343663808,18707.237756339964,1.0000371617511443,-3.716175114454323e-05,2453.546525976691,15037.982279784264,22157.03326883609,16918.53992908053,0.7429525222551929
H_shortonly@R,4,30,22055.143142656925,28493.401071968023,1.000011977151134,-1.197715113399056e-05,3331.463553281236,25388.42716108353,25668.895297271305,24794.706539094,0.8807863501483679
H_shortonly@R,5,1,2038.50702993608,6427.819996603055,1.001300664839178,-0.001300664839178,974.6866051317282,3040.704803844811,,10441.188611680926,0.1504451038575667
H_shortonly@R,5,3,4727.040298644575,9938.77094167375,1.0017676301136569,-0.0017676301136566,1569.2327650475277,6563.135874655264,9634.116384653502,11236.08686000812,0.3582838773491592
H_shortonly@R,5,7,8070.587736504679,13454.865551252587,0.999946325897326,5.367410267387296e-05,1932.6651848665692,9698.21966083728,16081.646773711904,12952.880487951814,0.5760138476755687
H_shortonly@R,5,14,13009.783343691024,18707.237756398863,1.0000371617532366,-3.71617532366475e-05,2453.546525990409,15037.98227997998,22157.03326897788,16918.53992911225,0.7429525222551929
H_shortonly@R,5,30,22055.14314266555,28493.401071978584,1.0000119771515252,-1.1977151525233154e-05,3331.463553289472,25388.42716108353,25668.89529730467,24794.706539102892,0.8807863501483679
H_shortonly@R,6,1,2038.0120604990127,6427.398312725826,1.0010575392481784,-0.0010575392481784,974.6659501252396,3040.322024015849,,10440.967479904852,0.1504451038575667
H_shortonly@R,6,3,4722.992689831791,9950.432670699372,1.0009098495084916,-0.0009098495084916,1572.2079620114444,6562.316613649144,9632.693716055692,11252.39092624593,0.3582838773491592
H_shortonly@R,6,7,8070.587736209348,13454.86555175548,0.9999463258607344,5.367413926549158e-05,1932.6651852846587,9698.219660725144,16081.64677548686,12952.88048800599,0.5760138476755687
H_shortonly@R,6,14,13009.783343663808,18707.237756339964,1.0000371617511443,-3.716175114454323e-05,2453.546525976691,15037.982279784264,22157.03326883609,16918.53992908053,0.7429525222551929
H_shortonly@R,6,30,22055.143142656925,28493.401071968023,1.000011977151134,-1.197715113399056e-05,3331.463553281236,25388.42716108353,25668.895297271305,24794.706539094,0.8807863501483679
H_shortonly@R,7,1,2038.6545381154792,6426.083054375261,1.0013731198446958,-0.0013731198446957,974.3230061102588,3039.997590170642,,10437.802364699415,0.1504451038575667
H_shortonly@R,7,3,4726.116503229384,9924.990393441543,1.001571856799845,-0.001571856799845,1567.2650417719117,6560.023476252214,9626.313780245264,11219.426647770655,0.3582838773491592
H_shortonly@R,7,7,8070.587736209348,13454.86555175548,0.9999463258607344,5.367413926549158e-05,1932.6651852846587,9698.219660725144,16081.64677548686,12952.88048800599,0.5760138476755687
H_shortonly@R,7,14,13009.783343663814,18707.237756339968,1.000037161751145,-3.716175114498732e-05,2453.54652597669,15037.982279784264,22157.03326883607,16918.539929080514,0.7429525222551929
H_shortonly@R,7,30,22055.143142656925,28493.401071968023,1.000011977151134,-1.197715113399056e-05,3331.463553281236,25388.42716108353,25668.895297271305,24794.706539094,0.8807863501483679
H_shortonly@R,8,1,2036.3575793593595,6427.564196084564,1.0002448694654549,-0.0002448694654546,974.9083945682916,3039.2201957792217,,10440.908253777903,0.1504451038575667
H_shortonly@R,8,3,4721.78095486576,9954.193946887315,1.0006530552379638,-0.0006530552379637,1573.2023759491078,6562.003461733884,9631.920875622249,11257.931407869892,0.3582838773491592
H_shortonly@R,8,7,8070.587736209348,13454.86555175548,0.9999463258607344,5.367413926549158e-05,1932.6651852846587,9698.219660725144,16081.64677548686,12952.88048800599,0.5760138476755687
H_shortonly@R,8,14,13009.783343663808,18707.237756339964,1.0000371617511443,-3.716175114454323e-05,2453.546525976691,15037.982279784264,22157.03326883609,16918.53992908053,0.7429525222551929
H_shortonly@R,8,30,22055.143142656925,28493.401071968023,1.000011977151134,-1.197715113399056e-05,3331.463553281236,25388.42716108353,25668.895297271305,24794.706539094,0.8807863501483679
H_shortonly@R,9,1,2038.058312084121,6428.138436437325,1.001080257709405,-0.0010802577094046,974.7982638010088,3040.6747937362798,,10442.15737366268,0.1504451038575667
H_shortonly@R,9,3,4720.7572057173375,9957.167757848798,1.0004360994488328,-0.0004360994488328,1573.901972336115,6561.703509127314,9631.270644874776,11261.547099927231,0.3582838773491592
H_shortonly@R,9,7,8070.587736209348,13454.86555175548,0.9999463258607344,5.367413926549158e-05,1932.6651852846587,9698.219660725144,16081.64677548686,12952.88048800599,0.5760138476755687
H_shortonly@R,9,14,13009.783343663808,18707.237756339964,1.0000371617511443,-3.716175114454323e-05,2453.546525976691,15037.982279784264,22157.03326883609,16918.53992908053,0.7429525222551929
H_shortonly@R,9,30,22055.143142656925,28493.401071968023,1.000011977151134,-1.197715113399056e-05,3331.463553281236,25388.42716108353,25668.895297271305,24794.706539094,0.8807863501483679
H_longonly@R,1,1,2035.425854537664,6427.8142205637805,0.9997872126265476,0.0002127873734524,975.086647467281,3038.872451117391,,10441.780770534786,0.1504451038575667
H_longonly@R,1,3,4718.046884668566,9960.134075533471,0.9998617206150724,0.0001382793849277,1575.2705950633294,6559.940647655193,9630.541910695496,11267.002000965344,0.3582838773491592
H_longonly@R,1,7,8070.587736209348,13454.86555175548,0.9999463258607344,5.367413926549158e-05,1932.6651852846587,9698.219660725144,16081.64677548686,12952.88048800599,0.5760138476755687
H_longonly@R,1,14,12907.92522288551,17542.493552467502,0.992207522831443,0.007792477168557,1974.1036835816665,14794.653915521809,20155.64222229103,13207.538714546592,0.7429525222551929
H_longonly@R,1,30,16998.412915262204,22316.243673889207,0.7707325406084374,0.2292674593915625,2076.7073813685647,19340.353110159544,25364.373000134077,16895.41911350093,0.8807863501483679
H_longonly@R,2,1,2330.078973962008,6528.600173032038,1.1445188029737166,-0.1445188029737165,950.1653436390784,3293.637972537799,,10570.074114456074,0.1504451038575667
H_longonly@R,2,3,4994.797337591987,10185.04194620794,1.0585114523377894,-0.0585114523377894,1559.1833532122482,6763.972160600979,10141.816284695742,11487.569205674372,0.3582838773491592
H_longonly@R,2,7,8040.017236189524,13361.632529915163,0.9961586389940892,0.0038413610059107,1919.0990013111148,9648.86397041296,15944.501019840638,12849.805448873138,0.5760138476755687
H_longonly@R,2,14,12058.274934774798,17448.701140469737,0.9268965303146384,0.0731034696853617,1875.207321035493,13895.410115364024,20193.539189185467,12713.351142099664,0.7429525222551929
H_longonly@R,2,30,15459.682347041626,21934.74103822786,0.7009642789437444,0.2990357210562556,2001.523255917618,17757.552013944158,26823.23116238188,15450.928577763449,0.8807863501483679
H_longonly@R,3,1,2035.609573136843,6427.759690177222,0.9998774539417844,0.0001225460582154,975.057901047756,3039.003896241444,,10441.66266427707,0.1504451038575667
H_longonly@R,3,3,4718.114088102474,9960.05355528579,0.9998759625551592,0.0001240374448409,1575.239774394489,6559.98762204944,9630.560522170545,11266.917248496598,0.3582838773491592
H_longonly@R,3,7,8070.399792688978,13454.180636634806,0.9999230396467924,7.696035320747807e-05,1932.563075198968,9697.852911054671,16080.635435896464,12952.248150427042,0.5760138476755687
H_longonly@R,3,14,12282.706425427918,17245.820915762648,0.9441481497299328,0.0558518502700673,2186.971002635109,14470.423731152943,21080.895320995834,13576.353440172592,0.7429525222551929
H_longonly@R,3,30,15230.716343363612,21206.37152710635,0.6905826303388167,0.3094173696611833,1970.8347243,17559.925103710866,23926.455078487463,15489.934216713917,0.8807863501483679
H_longonly@R,4,1,2305.3109088026326,6506.816947030364,1.1323528993262617,-0.1323528993262615,954.3936183060556,3286.921376375055,,10554.783237521024,0.1504451038575667
H_longonly@R,4,3,4811.252762875028,9934.263714077571,1.019614171583244,-0.019614171583244,1546.7501785700108,6632.134660041097,9619.514427664915,11235.314162355286,0.3582838773491592
H_longonly@R,4,7,8434.252617957229,13877.73819297092,1.0450044274803785,-0.0450044274803784,1963.379288533992,10057.201738430676,16886.86313380823,13344.962925428505,0.5760138476755687
H_longonly@R,4,14,11995.869209364828,16986.876066428882,0.9220995215661104,0.0779004784338897,1747.7839893151504,13818.091113362228,19057.82854453175,12534.835209189216,0.7429525222551929
H_longonly@R,4,30,14919.523375112269,20788.6626025014,0.6764726926501935,0.3235273073498065,1775.34764596183,16965.68929910491,25440.263294672204,14845.935888000004,0.8807863501483679
H_longonly@R,5,1,2048.179850411986,6431.659420016477,1.006051887881906,-0.006051887881906,974.281033201271,3046.476896380931,,10448.339888979484,0.1504451038575667
H_longonly@R,5,3,4727.384157279169,9965.539864834738,1.001840501599345,-0.001840501599345,1574.49194961711,6567.465531510968,9644.3407921552,11273.71656439138,0.3582838773491592
H_longonly@R,5,7,8067.21945179707,13442.225655331256,0.9995289952111464,0.0004710047888536,1930.729850674792,9690.725880366268,16061.87647545908,12940.102923123846,0.5760138476755687
H_longonly@R,5,14,12487.920867331017,17560.746187228022,0.9599225913643562,0.0400774086356437,1942.5632794170613,14287.759507916096,21349.70473084296,13073.788079856931,0.7429525222551929
H_longonly@R,5,30,15451.570556457456,22313.221763205867,0.7005964786675075,0.2994035213324925,1963.7208054624105,17817.24648779688,26684.66065584326,15389.279751784765,0.8807863501483679
H_longonly@R,6,1,2035.425854595602,6427.814220539955,0.9997872126550064,0.0002127873449937,975.0866474751092,3038.8724511700843,,10441.78077043006,0.1504451038575667
H_longonly@R,6,3,4718.046884863727,9960.13407566377,0.9998617206564314,0.0001382793435685,1575.270595159967,6559.940648027194,9630.541911019756,11267.002001052304,0.3582838773491592
H_longonly@R,6,7,8070.58773620505,13454.865551753312,0.999946325860202,5.367413979795455e-05,1932.6651852829784,9698.219660725144,16081.64677548709,12952.88048799718,0.5760138476755687
H_longonly@R,6,14,12891.768087057864,18518.527225887778,0.9909655547042048,0.0090344452957953,1990.3540388130084,14856.56560433392,21631.94161592483,13016.605932487844,0.7429525222551929
H_longonly@R,6,30,16520.850493132966,22718.862589032065,0.7490791721003511,0.2509208278996488,2137.1994433504333,19161.21362589758,28345.32280494761,16599.43240483361,0.8807863501483679
H_longonly@R,7,1,2035.425854537664,6427.8142205637805,0.9997872126265476,0.0002127873734524,975.086647467281,3038.872451117391,,10441.780770534786,0.1504451038575667
H_longonly@R,7,3,4718.046884668566,9960.134075533471,0.9998617206150724,0.0001382793849277,1575.2705950633294,6559.940647655193,9630.541910695496,11267.002000965344,0.3582838773491592
H_longonly@R,7,7,8070.587736209348,13454.86555175548,0.9999463258607344,5.367413926549158e-05,1932.6651852846587,9698.219660725144,16081.64677548686,12952.88048800599,0.5760138476755687
H_longonly@R,7,14,13385.952103326194,18913.27102711607,1.028952534806564,-0.028952534806564,1893.753651510036,15214.754362127074,22761.807399305653,13605.162842024238,0.7429525222551929
H_longonly@R,7,30,15786.83313994565,22275.184589625384,0.7157977674013987,0.2842022325986013,2102.2766841280786,18306.63832613193,27192.325563479342,15774.517508928686,0.8807863501483679
H_longonly@R,8,1,2035.425854537664,6427.8142205637805,0.9997872126265476,0.0002127873734524,975.086647467281,3038.872451117391,,10441.780770534786,0.1504451038575667
H_longonly@R,8,3,4718.046884668566,9960.134075533471,0.9998617206150724,0.0001382793849277,1575.2705950633294,6559.940647655193,9630.541910695496,11267.002000965344,0.3582838773491592
H_longonly@R,8,7,8070.587736209348,13454.86555175548,0.9999463258607344,5.367413926549158e-05,1932.6651852846587,9698.219660725144,16081.64677548686,12952.88048800599,0.5760138476755687
H_longonly@R,8,14,13316.16158699466,19046.42997615641,1.0235878713048212,-0.0235878713048212,2278.6026019946703,15596.552229082825,22749.696716319704,14074.206169218698,0.7429525222551929
H_longonly@R,8,30,16868.085276514874,23622.787149498723,0.7648232976324041,0.2351767023675959,2208.1195652814827,19288.844319473064,26983.679709191136,17152.071092788676,0.8807863501483679
H_longonly@R,9,1,2035.4272763058536,6427.813566908873,0.9997879109893262,0.0002120890106738,975.0863530092482,3038.873009985793,,10441.779620515716,0.1504451038575667
H_longonly@R,9,3,4718.048247348544,9960.13351240212,0.9998620093980328,0.0001379906019672,1575.2701130087512,6559.941460501112,9630.541952241838,11267.001532050706,0.3582838773491592
H_longonly@R,9,7,8070.587736820844,13454.865551911893,0.9999463259364988,5.3674063501096825e-05,1932.6651849526825,9698.219662117244,16081.646775289992,12952.88048847945,0.5760138476755687
H_longonly@R,9,14,13240.454657377386,18549.78109466921,1.017768424430156,-0.0177684244301561,1896.4333307242127,15038.359705569272,20769.15728284408,13559.213515702531,0.7429525222551929
H_longonly@R,9,30,16542.285442790195,22927.01148104125,0.7500510636110166,0.2499489363889834,1999.5188623928168,19048.25500260552,29802.53175079593,16406.324130285444,0.8807863501483679
H_phys_price@R,1,1,2079.7388645727788,6414.009177755641,1.021553459079265,-0.0215534590792649,967.5697528147628,3087.5826378320044,,10403.336754306943,0.1504451038575667
H_phys_price@R,1,3,4741.915855995603,9606.067611574572,1.0049200999240857,-0.0049200999240857,1481.5260336571864,6432.028095922919,9427.193681875766,10569.013078560232,0.3582838773491592
H_phys_price@R,1,7,7410.390003004189,11705.173106893386,0.9181477853779624,0.0818522146220375,1730.0735247124107,9025.5531088208,14381.398369694516,10525.095923915456,0.5760138476755687
H_phys_price@R,1,14,10843.305279123157,15003.36623572324,0.8335041367631049,0.1664958632368951,1939.8290774248896,12867.519282756071,18115.153621118083,12586.559134796127,0.7429525222551929
H_phys_price@R,1,30,16331.512797609355,21355.53444179959,0.7404943281016014,0.2595056718983985,2153.0729462085296,18439.90917623758,19895.961897698053,16980.85897082304,0.8807863501483679
H_phys_price@R,2,1,2098.802718268161,6412.4755368566,1.0309174931979903,-0.0309174931979905,966.2513568290924,3107.5347727136486,,10410.48639888808,0.1504451038575667
H_phys_price@R,2,3,4684.257931017849,9659.9745625961,0.9927010708460392,0.0072989291539607,1497.3787680863088,6399.775931196919,9486.7486065071,10664.52621492404,0.3582838773491592
H_phys_price@R,2,7,7501.675194689886,12054.744145726503,0.929458026343694,0.0705419736563059,1719.3115196603733,9188.404167248553,15083.425062536417,10616.161059312391,0.5760138476755687
H_phys_price@R,2,14,10801.24502114261,15694.281726315869,0.8302710451810016,0.1697289548189984,1926.8987679162103,12963.8011982104,19526.45853262169,12779.85706005,0.7429525222551929
H_phys_price@R,2,30,16871.825174080313,22388.97430241792,0.7649928699781634,0.2350071300218366,2546.831673346281,19699.91274784486,19747.552855721,17907.108857308343,0.8807863501483679
H_phys_price@R,3,1,2081.4934816314976,6428.755372952857,1.0224153149382993,-0.0224153149382992,968.168128521146,3087.065332962124,,10436.279508243326,0.1504451038575667
H_phys_price@R,3,3,4704.323822931315,9416.109382440258,0.9969534909055916,0.0030465090944082,1418.989117371202,6385.056048127046,9147.859791221808,9921.485584709511,0.3582838773491592
H_phys_price@R,3,7,7079.794467464741,11158.175469049023,0.8771869778241992,0.1228130221758008,1638.9136007040663,8440.368556946914,12983.401859501764,9525.740785301054,0.5760138476755687
H_phys_price@R,3,14,10189.880658352657,14136.701278072143,0.7832766359729475,0.2167233640270525,1728.7014384641625,11886.630293761067,16018.19990794002,10928.422155137185,0.7429525222551929
H_phys_price@R,3,30,15832.47211723978,21750.107295897706,0.7178671044092726,0.2821328955907274,2043.620793875829,18099.79947412943,21711.071702339414,16108.949110930504,0.8807863501483679
H_phys_price@R,4,1,2086.606835759854,6413.934356467601,1.0249269593982364,-0.0249269593982364,962.8938633649392,3089.400713522955,,10406.962510816044,0.1504451038575667
H_phys_price@R,4,3,4677.035324074472,9623.545701393638,0.9911704357374314,0.0088295642625686,1478.3791259069428,6350.540156389666,9408.987542361883,10429.338182563177,0.3582838773491592
H_phys_price@R,4,7,7034.605969418878,11409.938588351,0.8715881200868135,0.1284118799131864,1671.028511370091,8506.709137415848,13809.022899209764,10041.245190236736,0.5760138476755687
H_phys_price@R,4,14,10013.896157470765,14310.602629168756,0.7697490439965728,0.2302509560034271,1864.6168267119451,11863.074372124986,16817.950782397405,11453.328767954266,0.7429525222551929
H_phys_price@R,4,30,15221.971865367985,20849.206359693548,0.6901861431034811,0.3098138568965188,2079.5965773533403,17556.087496150867,19510.22139573566,15652.555223823863,0.8807863501483679
H_phys_price@R,5,1,2092.2734504340533,6385.934580694002,1.027710361641809,-0.027710361641809,963.2388394096412,3087.93163201282,,10388.139924287663,0.1504451038575667
H_phys_price@R,5,3,4766.1338527488,9815.263432798933,1.0100524456797388,-0.0100524456797388,1545.2132969692473,6536.850330760187,9695.11464588702,11097.75891605688,0.3582838773491592
H_phys_price@R,5,7,7567.182855231918,12184.56127611115,0.9375744295866508,0.062425570413349,1805.2533264974363,9049.097606962025,15176.90087275631,11325.44782858519,0.5760138476755687
H_phys_price@R,5,14,11051.11152492006,15419.60169505342,0.8494778054054893,0.1505221945945106,2092.414964357044,13085.940348264325,18573.31630399484,13027.859993457683,0.7429525222551929
H_phys_price@R,5,30,16754.544426711964,21850.24080967048,0.7596751918611372,0.2403248081388628,2360.354446596285,19205.962822732807,20319.412610664836,17573.413251774506,0.8807863501483679
H_phys_price@R,6,1,2081.2284768640748,6396.667449753781,1.0222851464150078,-0.0222851464150077,962.890104617317,3088.043390964493,,10374.276474741942,0.1504451038575667
H_phys_price@R,6,3,4667.240009535924,9505.215513802812,0.9890945852238844,0.0109054147761155,1492.7886600098811,6387.540457303978,9325.468440705026,10440.704783727952,0.3582838773491592
H_phys_price@R,6,7,7023.867693075941,11215.752466009884,0.8702576469755404,0.1297423530244595,1695.8910329660368,8550.916642969514,13339.16532951692,9678.659710003936,0.5760138476755687
H_phys_price@R,6,14,10198.716858813308,14541.31980388667,0.783955857801314,0.2160441421986859,1915.882663234153,12157.39408510734,17486.652879251964,11672.424666760991,0.7429525222551929
H_phys_price@R,6,30,16080.340062469964,21378.898335479924,0.7291057942866744,0.2708942057133255,2250.2816767453014,18302.24950367419,20648.549504274048,16763.876734721725,0.8807863501483679
H_phys_price@R,7,1,2108.927790767958,6411.849821681038,1.035890859331493,-0.035890859331493,961.79187709469,3108.4901480733392,,10403.532179977145,0.1504451038575667
H_phys_price@R,7,3,4762.548673165857,9765.653685485931,1.009292664373164,-0.0092926643731638,1533.2072931980665,6529.921408357343,9639.576117678242,10924.8491279342,0.3582838773491592
H_phys_price@R,7,7,7635.051040308207,12483.862816442515,0.9459833019672076,0.0540166980327923,1831.760545452712,9222.965445465448,15396.4716243105,11200.629574810118,0.5760138476755687
H_phys_price@R,7,14,10867.51334025752,15743.08360943277,0.8353649641196265,0.1646350358803735,2122.2208291845964,12959.342200561974,18981.455458785527,12696.791703416106,0.7429525222551929
H_phys_price@R,7,30,16823.458125552563,22384.85720807248,0.7627998382887134,0.2372001617112865,2432.515890309356,19440.510432462805,20419.007877376444,17690.991355173483,0.8807863501483679
H_phys_price@R,8,1,2101.407856936873,6454.881563877057,1.0321971194355617,-0.0321971194355614,968.4205223994768,3107.9644053301417,,10464.663198865415,0.1504451038575667
H_phys_price@R,8,3,4733.513996489165,9747.969640262228,1.0031395543068364,-0.0031395543068364,1541.34395243954,6541.297876092636,9572.31723688987,10988.27919282263,0.3582838773491592
H_phys_price@R,8,7,7444.241088933612,12067.517552889898,0.9223419370442228,0.0776580629557771,1800.495788553864,9144.780893895102,15018.97513176608,11049.577006939646,0.5760138476755687
H_phys_price@R,8,14,10841.21565546307,15367.919979282042,0.8333435113891874,0.1666564886108126,2068.3627603262325,13047.45899098342,18783.267504990632,12874.988796833935,0.7429525222551929
H_phys_price@R,8,30,16819.68542358824,21855.362192330314,0.7626287785442292,0.2373712214557708,2451.169518264154,19220.59225084397,19663.33135001045,17656.64601250482,0.8807863501483679
H_phys_price@R,9,1,2111.1543806469963,6429.442166431997,1.036984545001184,-0.036984545001184,958.39282759708,3115.556124661988,,10399.468322763702,0.1504451038575667
H_phys_price@R,9,3,4679.505647790563,9469.584663435948,0.9916939536637313,0.0083060463362688,1481.995916657102,6369.2808773423685,9461.194247940191,10471.553828757302,0.3582838773491592
H_phys_price@R,9,7,7007.622757504874,11305.405188464758,0.8682448984410995,0.1317551015589004,1639.0449126061776,8466.111249451682,13757.780384948685,9819.677538119156,0.5760138476755687
H_phys_price@R,9,14,10244.735683359208,14860.711156139909,0.7874932368237264,0.2125067631762736,1887.59094906088,12287.582866663435,18081.204680423547,11896.542684607308,0.7429525222551929
H_phys_price@R,9,30,15964.615186066854,21529.034558590844,0.7238586616016175,0.2761413383983825,2313.4283573870894,18460.95291759788,20523.491759579872,16673.818388405678,0.8807863501483679
H_static_price@R,1,1,2108.334033547995,6382.045654856193,1.0355992098594182,-0.0355992098594182,958.331084365766,3112.0452017855696,,10343.043662992086,0.1504451038575667
H_static_price@R,1,3,4650.699215945598,9414.522667161667,0.9855892138819198,0.0144107861180802,1441.2663481667828,6275.751355879019,9302.495011012776,10288.20926238444,0.3582838773491592
H_static_price@R,1,7,7084.379725519106,11315.674156056157,0.8777550915842436,0.1222449084157564,1591.567670140886,8612.014436080868,13999.654208863636,9757.302086894517,0.5760138476755687
H_static_price@R,1,14,10301.638546432225,14833.336930621155,0.7918672510697643,0.2081327489302357,1779.345425083519,12324.541251576878,17984.6403387221,11748.01520607892,0.7429525222551929
H_static_price@R,1,30,16134.032916844268,21189.035840105505,0.731540305689046,0.2684596943109539,2246.9522972698205,18499.810563238563,20147.96928298945,16646.46946968765,0.8807863501483679
H_static_price@R,2,1,2111.260589411002,6372.360098994665,1.0370367140172576,-0.0370367140172576,957.1239931754778,3119.5941930061404,,10342.79885196547,0.1504451038575667
H_static_price@R,2,3,4748.355162114458,9498.067705057916,1.006284735726347,-0.0062847357263469,1445.59093872643,6351.64532166812,9498.87298418617,10332.906971814997,0.3582838773491592
H_static_price@R,2,7,7172.10809946419,11555.866538650367,0.888624642609201,0.1113753573907989,1689.9906118171646,8792.091096051503,14009.103835626573,10177.966880854274,0.5760138476755687
H_static_price@R,2,14,10168.319842671288,14340.776640008122,0.7816192973109986,0.2183807026890014,1870.8340360719023,12210.4660343688,16738.97128981951,11707.18765987573,0.7429525222551929
H_static_price@R,2,30,16179.907823357387,21307.757866030654,0.7336203400677429,0.2663796599322571,2342.535879522266,18498.05645638789,20387.349846999263,16706.090698707318,0.8807863501483679
H_static_price@R,3,1,2085.8210014500733,6406.21297186545,1.0245409629776787,-0.0245409629776787,964.2360828569592,3089.423333355125,,10407.10358436523,0.1504451038575667
H_static_price@R,3,3,4611.373652980306,9414.212076144062,0.9772552303476728,0.022744769652327,1440.5232102900677,6278.086621186593,9241.580556142362,10188.568423558014,0.3582838773491592
H_static_price@R,3,7,6805.731488368264,10889.800375944336,0.8432305575535379,0.156769442446462,1592.4761971974287,8093.278624558334,12788.89603634624,9456.615750028324,0.5760138476755687
H_static_price@R,3,14,9771.429157466177,13831.01357677742,0.7511110694740382,0.2488889305259618,1716.1978761026269,11469.373496437463,15914.978764898491,11015.448062497817,0.7429525222551929
H_static_price@R,3,30,15399.293199208514,20891.630907610983,0.6982261479448908,0.3017738520551092,2168.6000817926147,17668.836702610464,19480.88539125687,16026.203832224404,0.8807863501483679
H_static_price@R,4,1,2075.8691031238736,6410.323669355068,1.019652658809923,-0.019652658809923,964.048749010686,3076.254002931133,,10401.363887828751,0.1504451038575667
H_static_price@R,4,3,4657.177019780126,9223.761318500452,0.9869620082279966,0.0130379917720033,1402.1565893775655,6243.050158065228,9148.948327144995,9994.008457272752,0.3582838773491592
H_static_price@R,4,7,6914.063720190477,10928.045262676103,0.8566529278595939,0.1433470721404061,1570.5867174950536,8154.4635242794275,12711.20792159134,9421.347096241903,0.5760138476755687
H_static_price@R,4,14,9978.180267275178,14257.429516290356,0.7670036318311964,0.2329963681688036,1789.211645048175,11706.511148560938,16933.040691553953,11458.51297705,0.7429525222551929
H_static_price@R,4,30,15289.648441618092,20791.39383369645,0.6932546966097967,0.3067453033902033,2192.471500333681,17658.53481459078,18660.70579277038,16010.603235311904,0.8807863501483679
H_static_price@R,5,1,2067.534330628537,6410.801428031977,1.015558675753546,-0.0155586757535459,969.9098424518996,3069.02436286644,,10421.962643256546,0.1504451038575667
H_static_price@R,5,3,4702.927355907165,9728.870496160029,0.9966575476994982,0.0033424523005017,1514.5277499650297,6388.001871253914,9483.107622568175,10611.196242651164,0.3582838773491592
H_static_price@R,5,7,7146.968670685787,11656.712915019958,0.8855098658094375,0.1144901341905625,1706.0276870735463,8723.736365227285,14505.303202481684,10175.723016597594,0.5760138476755687
H_static_price@R,5,14,10022.29464655054,14671.443759686868,0.7703946197883043,0.2296053802116957,1823.899465452004,11897.051516137935,18366.00271711651,11710.519253540804,0.7429525222551929
H_static_price@R,5,30,16201.417816036792,21884.81558159,0.73459563413719,0.26540436586281,2338.917862481665,18632.14287878518,19873.191205116367,17046.57530851973,0.8807863501483679
H_static_price@R,6,1,2096.5539955553973,6397.885134220518,1.0298129360322492,-0.0298129360322492,963.0537602377256,3107.3079505273367,,10377.96108804581,0.1504451038575667
H_static_price@R,6,3,4673.310282502219,9154.054356628494,0.9903810144860448,0.0096189855139551,1376.2079757285198,6203.675345835495,9117.19462974046,9716.609451750504,0.3582838773491592
H_static_price@R,6,7,6904.602382531173,10820.360695378777,0.8554806675311791,0.1445193324688208,1479.8988811382524,8024.592419975088,12487.438641326,8973.938660763213,0.5760138476755687
H_static_price@R,6,14,9554.604687929876,13764.87345616056,0.7344441872220072,0.2655558127779928,1604.6134645375046,11112.578793451725,15379.428323052589,10613.059901380308,0.7429525222551929
H_static_price@R,6,30,15327.875782234518,21242.302924563897,0.6949879793286526,0.3050120206713473,2090.752692129354,17555.106647472967,21048.119025773118,15634.166475206754,0.8807863501483679
H_static_price@R,7,1,2094.8465037974083,6442.964064549401,1.0289742277975589,-0.0289742277975588,971.648643653558,3105.5744469368165,,10447.588415541291,0.1504451038575667
H_static_price@R,7,3,4683.9447794402495,9540.207386438497,0.9926347068859418,0.0073652931140582,1474.140208114961,6347.543452118307,9428.973105310852,10469.071140699412,0.3582838773491592
H_static_price@R,7,7,7222.07406224011,11371.239906999424,0.8948154285257844,0.1051845714742155,1665.2680194867144,8820.56202977466,13902.88472181181,10250.115246300931,0.5760138476755687
H_static_price@R,7,14,10535.072872767723,14774.56945369314,0.8098109012441955,0.1901890987558044,1890.375825871792,12583.506593597313,17911.2083575746,12509.882722172397,0.7429525222551929
H_static_price@R,7,30,16158.493352197376,21268.383638277537,0.732649377081656,0.267350622918344,2324.7572384844348,18386.44372791921,19206.291029296743,17009.785721041302,0.8807863501483679
H_static_price@R,8,1,2099.740755605553,6402.45018897134,1.0313782507012912,-0.0313782507012911,963.2699077646174,3106.986324745405,,10398.940156529865,0.1504451038575667
H_static_price@R,8,3,4616.9087152884495,9260.23956570804,0.9784282362669476,0.0215717637330524,1429.480215061897,6232.206663419381,9194.608117931884,10071.772385099992,0.3582838773491592
H_static_price@R,8,7,6940.343503012462,11100.285936002612,0.8599089945967612,0.1400910054032388,1642.333946976149,8369.051705251408,13778.698168350646,9923.561774923764,0.5760138476755687
H_static_price@R,8,14,9883.36479245229,13990.223817839367,0.7597153476355838,0.2402846523644162,1795.5464190145356,11856.8336438285,16807.339969589404,11613.292611906878,0.7429525222551929
H_static_price@R,8,30,15429.174350276337,20826.172657858933,0.6995810024006341,0.3004189975993658,2233.915571087194,17784.32241318167,19339.33412887719,16092.01623743325,0.8807863501483679
H_static_price@R,9,1,2107.0391495791578,6391.020498568114,1.0349631717394383,-0.0349631717394383,964.2581449574808,3125.792412707596,,10385.702847126897,0.1504451038575667
H_static_price@R,9,3,4628.443928939677,9404.588567011488,0.9808728110774392,0.0191271889225609,1465.6817828440314,6287.274772055405,9325.097480670003,10400.620329790534,0.3582838773491592
H_static_price@R,9,7,7064.303856462261,11557.52572357332,0.8752676901510387,0.1247323098489613,1689.204871594827,8572.15568151747,14398.16389883263,10235.66090694149,0.5760138476755687
H_static_price@R,9,14,10101.225216108009,14792.15668519226,0.7764618616993,0.2235381383007,1897.8420845476692,12025.491243511602,18270.25618076624,11932.981216857355,0.7429525222551929
H_static_price@R,9,30,15939.301423958954,21937.531204366256,0.7227108991440847,0.2772891008559153,2348.455749074157,18490.3368950477,20278.4136629265,16681.040090500952,0.8807863501483679
H_uniform_price@R,1,1,2086.9455341318526,6423.969722564941,1.0250933257144088,-0.0250933257144088,964.5733572464688,3091.0863042647907,,10406.505555237549,0.1504451038575667
H_uniform_price@R,1,3,4620.622847963451,9214.407972824498,0.9792153456742508,0.0207846543257492,1408.77205259549,6211.872971307545,9128.30665851618,9881.25047710016,0.3582838773491592
H_uniform_price@R,1,7,6888.623174739472,11201.00190933166,0.8535008426852403,0.1464991573147597,1657.9985274374797,8392.849079115143,12962.0153453331,9531.38774506353,0.5760138476755687
H_uniform_price@R,1,14,9916.31409503014,14397.460412678054,0.7622480975024507,0.2377519024975493,1838.0195104253448,11877.633796118878,16775.31930369354,11159.572185555531,0.7429525222551929
H_uniform_price@R,1,30,15814.467975363725,21866.38706229618,0.7170507706680709,0.2829492293319291,2361.138759950428,18469.75171361891,21204.677521488036,16417.172015325355,0.8807863501483679
H_uniform_price@R,2,1,2083.80499058572,6413.849991795393,1.0235507122750045,-0.0235507122750044,966.1363224459564,3095.236683557383,,10410.39131482816,0.1504451038575667
H_uniform_price@R,2,3,4794.184090958396,9838.992433319456,1.0159969307867114,-0.0159969307867113,1519.0315858988022,6469.145685220874,9698.31354876698,10816.249681473088,0.3582838773491592
H_uniform_price@R,2,7,7552.000291430475,12170.78611064621,0.9356933089809872,0.0643066910190127,1733.0115227427325,9272.12215914382,15148.21744635376,10626.96771664246,0.5760138476755687
H_uniform_price@R,2,14,10801.63069385105,15758.556200537603,0.8303006911044214,0.1696993088955786,2000.4030500571555,13144.855789845096,19624.213979444143,12724.076680949807,0.7429525222551929
H_uniform_price@R,2,30,16710.75837281501,22073.026729475165,0.7576898690706244,0.2423101309293756,2593.5919590845824,19403.883025124724,19915.373554627557,17616.7903092892,0.8807863501483679
H_uniform_price@R,3,1,2081.059270460274,6404.673343945668,1.022202033390558,-0.0222020333905579,966.8930295833236,3080.0257093489395,,10406.33336186888,0.1504451038575667
H_uniform_price@R,3,3,4673.306470429311,9473.79687005961,0.9903802066208688,0.0096197933791311,1438.7823662483386,6333.442902923164,9250.01809491804,10226.327548072366,0.3582838773491592
H_uniform_price@R,3,7,6977.974752549384,11032.258197448842,0.8645715087706877,0.1354284912293123,1608.504832915525,8328.386981714093,12982.10498670027,9589.397106575469,0.5760138476755687
H_uniform_price@R,3,14,9919.849977842772,13670.946606878702,0.7625198940511575,0.2374801059488425,1653.1522186714913,11551.907245756527,15106.534535651905,10762.736396470533,0.7429525222551929
H_uniform_price@R,3,30,15621.76308284354,21292.23174844259,0.7083132531045104,0.2916867468954895,2031.8769825145612,17703.438792409095,21282.302269163298,15833.332660170763,0.8807863501483679
H_uniform_price@R,4,1,2091.286231844417,6397.432605483932,1.0272254466448885,-0.0272254466448884,963.5182784151352,3088.978618053741,,10384.264616285802,0.1504451038575667
H_uniform_price@R,4,3,4664.076880152541,9436.21983046758,0.9884242459786186,0.0115757540213814,1458.5134857276516,6307.254596115397,9361.82343584073,10403.48159787377,0.3582838773491592
H_uniform_price@R,4,7,6982.209377008599,11269.468558988714,0.8650961790063377,0.1349038209936622,1620.390860455494,8449.103132323718,14094.0448086234,10063.693022518284,0.5760138476755687
H_uniform_price@R,4,14,10367.989795462814,14978.696648626035,0.796967544672387,0.203032455327613,1933.2288495627515,12553.053692449355,18780.51626737347,12302.036931622972,0.7429525222551929
H_uniform_price@R,4,30,16447.08862560465,21587.854573818084,0.7457347027170314,0.2542652972829686,2520.9062211507357,18938.591579989763,19476.6224273118,17291.376106603322,0.8807863501483679
H_uniform_price@R,5,1,2107.798270177492,6372.962139687237,1.035336046568243,-0.035336046568243,960.53495053992,3110.228437841072,,10367.251356187176,0.1504451038575667
H_uniform_price@R,5,3,4767.161225121825,9864.442578835342,1.0102701693127836,-0.0102701693127835,1550.8049001607903,6566.361027323805,9696.093414173863,11139.16733858288,0.3582838773491592
H_uniform_price@R,5,7,7460.69378059181,12036.054012933626,0.9243804265708682,0.0756195734291318,1784.1420490072774,8886.322076586992,14788.774025663944,11122.820245446968,0.5760138476755687
H_uniform_price@R,5,14,10922.253049225552,15253.93188347079,0.8395727008470897,0.1604272991529103,2118.9605680188056,13035.884173375009,18190.727846335427,12847.732351172255,0.7429525222551929
H_uniform_price@R,5,30,16673.84605011829,21917.487591469857,0.7560162111595227,0.2439837888404773,2466.57135966417,19308.42277310886,20641.77239986552,17515.28421147289,0.8807863501483679
H_uniform_price@R,6,1,2098.229282862569,6419.789991712241,1.030635825661686,-0.0306358256616858,966.3644099919816,3102.441080476124,,10424.843966879513,0.1504451038575667
H_uniform_price@R,6,3,4616.40251668818,9440.420564863838,0.9783209612406898,0.0216790387593102,1460.7548681244373,6273.399833751103,9263.238024406412,10163.337768262125,0.3582838773491592
H_uniform_price@R,6,7,6894.284139404881,10924.586272127448,0.8542022365617489,0.1457977634382511,1629.7809517259714,8420.526673720899,12995.385232554854,9510.633855873431,0.5760138476755687
H_uniform_price@R,6,14,10054.3188671917,14290.536448249735,0.7728562603761066,0.2271437396238934,1880.3637119727523,12212.40519950637,17422.803157579478,11737.706969326193,0.7429525222551929
H_uniform_price@R,6,30,16127.72566828307,21196.37751798524,0.7312543259489341,0.2687456740510658,2476.336036573308,18726.829437915065,19989.76215276092,16951.71533145062,0.8807863501483679
H_uniform_price@R,7,1,2098.4617230222943,6420.035306921295,1.030749998673135,-0.0307499986731349,962.3268832539007,3096.2975107548664,,10406.489879090072,0.1504451038575667
H_uniform_price@R,7,3,4632.929674147368,9220.24795067483,0.9818234427755212,0.0181765572244788,1410.1568964844273,6177.479729071391,9219.230863820949,9942.877776449748,0.3582838773491592
H_uniform_price@R,7,7,7083.044616267961,11159.246947074356,0.8775896714644281,0.1224103285355718,1640.4529215739185,8853.250094391107,13188.94737981493,9732.784619710872,0.5760138476755687
H_uniform_price@R,7,14,10243.012631887856,14410.774363645123,0.7873607891528127,0.2126392108471873,1799.3058245755997,12115.33925115786,16729.977368156957,11664.170025908794,0.7429525222551929
H_uniform_price@R,7,30,16396.10277075666,21099.332987420865,0.7434229305746567,0.2565770694253433,2260.153028062292,18948.7508227946,20725.52162795706,16732.799769702084,0.8807863501483679
H_uniform_price@R,8,1,2134.4292019906866,6451.608810080766,1.048416977533036,-0.048416977533036,965.31345043153,3142.729444589359,,10446.671485824449,0.1504451038575667
H_uniform_price@R,8,3,4734.135911599991,9693.165494199411,1.003271352300368,-0.003271352300368,1533.0603649752256,6529.766416557825,9546.246960453436,10928.892324736187,0.3582838773491592
H_uniform_price@R,8,7,7472.414220528562,12061.27805137654,0.9258325898129136,0.0741674101870863,1787.3129479784218,9138.2239189934,15131.695827230538,10970.397111777998,0.5760138476755687
H_uniform_price@R,8,14,10924.14360254467,15469.757101729065,0.8397180240646597,0.1602819759353403,2084.005611948317,13182.941318824807,19152.50929756303,12956.509813449333,0.7429525222551929
H_uniform_price@R,8,30,16734.594486529637,21673.53999432095,0.7587706328203396,0.2412293671796603,2475.6498627240053,19084.52672053593,19668.219645319383,17488.72022349434,0.8807863501483679
H_uniform_price@R,9,1,2106.944428686429,6436.170606795956,1.034916645486906,-0.034916645486906,962.8996705328652,3123.0035687399013,,10399.617972982916,0.1504451038575667
H_uniform_price@R,9,3,4650.123590522795,9431.39405317479,0.9854672257288254,0.0145327742711746,1466.2900426696604,6310.991648637796,9358.540864973624,10359.265815223844,0.3582838773491592
H_uniform_price@R,9,7,6941.145237817702,11243.066858855644,0.8600083295893315,0.1399916704106685,1641.0029357918816,8367.869958306012,13567.180165437314,9738.794890118028,0.5760138476755687
H_uniform_price@R,9,14,10107.226389034078,14703.742305995896,0.7769231603836542,0.2230768396163458,1849.327594952697,12109.61770873273,17978.526477371634,11813.099882229017,0.7429525222551929
H_uniform_price@R,9,30,15836.7337844131,21328.799588386,0.7180603345410558,0.2819396654589442,2356.8959179512085,18412.420257849677,20186.5934040761,16546.082327553133,0.8807863501483679
H_phys_price@S,1,1,2807.3941147296173,6582.775835838863,1.3789727247752028,-0.3789727247752028,909.9482173432968,3787.9760486430655,,10405.24493856918,0.1504451038575667
H_phys_price@S,1,3,4851.84821030268,9464.732885598787,1.0282172725922758,-0.0282172725922758,1444.576376357256,6489.10932984804,9748.611394122205,10402.970765996535,0.3582838773491592
H_phys_price@S,1,7,7635.212120225066,12110.06290955476,0.9460032597789928,0.0539967402210073,1685.7617716617335,9210.63359996271,16202.579061219298,10751.88085544861,0.5760138476755687
H_phys_price@S,1,14,10703.977094640766,15488.682304890808,0.8227942457156442,0.1772057542843558,1847.0007434184645,12615.394708255688,20418.25597868256,12657.4017113606,0.7429525222551929
H_phys_price@S,1,30,15845.87052571792,21140.216218725112,0.7184746075601813,0.2815253924398186,2172.778210852567,17928.829176636602,19903.996892036463,16434.091291642093,0.8807863501483679
H_phys_price@S,2,1,2502.0014067523166,6271.581207352796,1.228965922226037,-0.2289659222260369,883.5545193807212,3450.7831738360424,,9918.451405706805,0.1504451038575667
H_phys_price@S,2,3,4724.094533079467,9377.25330876982,1.0011433552180362,-0.0011433552180362,1441.9920629331082,6314.557444793664,9482.120697368511,10413.280413443235,0.3582838773491592
H_phys_price@S,2,7,7482.651130627405,11766.073225433218,0.9271009436151502,0.0728990563848498,1629.3536649814264,8913.56971132864,15350.088668741104,10681.408830219116,0.5760138476755687
H_phys_price@S,2,14,11023.782893373816,15747.270615698371,0.8473771057701368,0.1526228942298632,1823.1031731434416,13086.32184649604,20534.18626728145,12981.420419087635,0.7429525222551929
H_phys_price@S,2,30,16236.964269380816,21069.28195699506,0.7362073615632757,0.2637926384367243,2216.568955109555,18439.37689842357,19393.068755133387,16853.643340831582,0.8807863501483679
H_phys_price@S,3,1,2481.2547287824177,6275.292092302166,1.218775296371234,-0.2187752963712339,905.5885850343992,3424.961427882275,,10130.5216151151,0.1504451038575667
H_phys_price@S,3,3,4772.134272410346,9150.9453471898,1.0113240714337564,-0.0113240714337563,1343.5457244543218,6278.415438479467,9487.85328262143,9885.463223046989,0.3582838773491592
H_phys_price@S,3,7,6962.173768725573,11201.70310068257,0.86261376588553,0.13738623411447,1574.4109630212458,8310.071569799129,14044.583491735428,9741.013101535364,0.5760138476755687
H_phys_price@S,3,14,9693.021535129825,14142.759257127913,0.7450840255156859,0.2549159744843141,1672.684987539057,11412.814229198331,17532.639982431196,11161.09191395022,0.7429525222551929
H_phys_price@S,3,30,15110.501914886145,20901.68479135171,0.6851319348921235,0.3148680651078764,2108.0745493133995,17454.124702877893,19672.900318230044,15590.735609609084,0.8807863501483679
H_phys_price@S,4,1,2411.858734306907,6429.314291800762,1.1846884600812049,-0.1846884600812048,914.3371471659244,3420.459665908449,,10178.311436217757,0.1504451038575667
H_phys_price@S,4,3,4734.125393733,9342.450226623325,1.0032691233245137,-0.0032691233245134,1379.296721687022,6321.878126039027,9354.41453103974,9988.460762153672,0.3582838773491592
H_phys_price@S,4,7,6880.293500794415,10872.40800455008,0.8524687955618805,0.1475312044381195,1532.7821720621546,8368.772151855268,13034.233026422144,9322.774322533409,0.5760138476755687
H_phys_price@S,4,14,9816.539892910656,13787.615757821884,0.7545786454241309,0.2454213545758691,1691.7334925506657,11548.508645564782,16461.00505018154,10914.866276247512,0.7429525222551929
H_phys_price@S,4,30,14976.960454705502,20523.677559188087,0.6790769726203708,0.3209230273796292,2099.2869991144385,17221.43291597292,19701.404342847232,15253.190674497557,0.8807863501483679
H_phys_price@S,5,1,2379.57531335124,6219.3296319665615,1.1688310652370937,-0.1688310652370936,900.5569688562359,3347.8160214759355,,9987.037187275038,0.1504451038575667
H_phys_price@S,5,3,4658.180125300682,9091.581076688428,0.9871745891616456,0.0128254108383545,1357.3493163265337,6212.335274692818,9189.798497206497,9695.049502413587,0.3582838773491592
H_phys_price@S,5,7,6901.953357111284,11003.955764340752,0.8551524531157847,0.1448475468842153,1563.8305742527043,8159.049123908161,13435.083245207286,9414.07209638041,0.5760138476755687
H_phys_price@S,5,14,9637.320142847891,13578.16412760504,0.7408023660312997,0.2591976339687003,1565.8161531975177,11143.902125064384,16210.840800811313,10734.881892703435,0.7429525222551929
H_phys_price@S,5,30,15156.232953439256,19936.432276471613,0.6872054460901635,0.3127945539098364,2001.7256322088465,17484.888743783857,18099.931212560085,15497.971308447111,0.8807863501483679
H_phys_price@S,6,1,2496.6293753574505,6261.507356339647,1.2263272172678377,-0.2263272172678376,888.8709665396731,3445.062725253049,,9821.9905305861,0.1504451038575667
H_phys_price@S,6,3,4721.223292865026,9164.556043163851,1.0005348739436262,-0.0005348739436261,1369.876106417487,6257.524241076114,9205.158051933648,9864.374675536255,0.3582838773491592
H_phys_price@S,6,7,7340.694451547963,11779.664963873403,0.90951250218851,0.0904874978114901,1635.5813435575772,8791.09895413591,14974.452824634036,10329.6988698979,0.5760138476755687
H_phys_price@S,6,14,10890.662214085338,16078.473058582256,0.8371443737738065,0.1628556262261935,1741.6298825758547,12812.687251795278,21019.694575937392,12634.919344220398,0.7429525222551929
H_phys_price@S,6,30,16152.9175798358,21402.976831344065,0.732396563526678,0.2676034364733219,2216.893538766209,18347.27813593449,21087.435716869164,16703.142836520994,0.8807863501483679
H_phys_price@S,7,1,2839.393467964548,6607.594260325692,1.394690587504165,-0.3946905875041651,891.8749328255929,3889.09219879595,,10463.165391648256,0.1504451038575667
H_phys_price@S,7,3,4927.406959866848,9492.548192342363,1.0442298945931825,-0.0442298945931822,1396.4047933145548,6590.241051153935,9774.87580067428,10358.108047091751,0.3582838773491592
H_phys_price@S,7,7,7602.767676235177,12065.961841148704,0.9419833911371182,0.0580166088628818,1597.8390766933092,9009.09377925047,15979.046752398244,10721.840395061172,0.5760138476755687
H_phys_price@S,7,14,10387.803778997464,15026.585777421917,0.7984906076883922,0.2015093923116078,1809.7975987773857,12327.663455301928,19293.569981530247,12337.56152466744,0.7429525222551929
H_phys_price@S,7,30,15949.812482431576,21236.38561721985,0.7231874856843383,0.2768125143156617,2205.001375303378,18113.85382664465,20180.80072568513,16567.584489164212,0.8807863501483679
H_phys_price@S,8,1,2529.976098733493,6301.612914555782,1.24270689896444,-0.2427068989644398,901.3782353226688,3502.699130928769,,10123.450641159732,0.1504451038575667
H_phys_price@S,8,3,4962.380295278831,9569.737281814265,1.0516415418649177,-0.0516415418649176,1406.5189572757602,6583.533855363042,9815.67835935304,10318.082769998904,0.3582838773491592
H_phys_price@S,8,7,7159.908928269519,11594.947487876469,0.8871131645343232,0.1128868354656768,1630.480229474458,8528.422043944189,14370.923373931284,10107.522858790548,0.5760138476755687
H_phys_price@S,8,14,9698.110622650109,13948.74766854899,0.7454752139394476,0.2545247860605524,1647.0464528242958,11252.52611467205,16396.95633764763,11087.421964152289,0.7429525222551929
H_phys_price@S,8,30,15329.191544662894,20702.404472062157,0.695047637893503,0.304952362106497,2149.543297396409,17583.643625122106,20091.02000253914,15679.416983972536,0.8807863501483679
H_phys_price@S,9,1,2562.8349711135584,6268.775666086187,1.2588469515994594,-0.2588469515994593,892.2176621233634,3501.2564699497907,,9807.379327699236,0.1504451038575667
H_phys_price@S,9,3,4776.917681571132,9187.402639813048,1.0123377849111383,-0.0123377849111383,1333.8421972660392,6256.658871092468,9259.842864191243,9813.30013046495,0.3582838773491592
H_phys_price@S,9,7,6940.27801926455,11084.642991713592,0.8599008811562946,0.1400991188437054,1525.7771499137416,8317.539261301687,13792.641344649235,9793.457525300732,0.5760138476755687
H_phys_price@S,9,14,10327.258528347373,14980.165493247529,0.793836610076117,0.2061633899238829,1712.669267437188,12096.663747417855,18814.14812302722,12003.269195206429,0.7429525222551929
H_phys_price@S,9,30,15918.71848003642,21122.5289287552,0.7217776388013869,0.2782223611986131,2202.456545550244,18005.39664570358,20536.817901636616,16389.39850074283,0.8807863501483679
H_static_price@S,1,1,3363.0503329585463,6923.124813635935,1.6519072462480555,-0.6519072462480555,872.6303527630687,4345.94999534896,,10350.731162564243,0.1504451038575667
H_static_price@S,1,3,5073.82259236199,9656.078828559555,1.0752587058386265,-0.0752587058386264,1375.2045135329915,6657.903032449455,10038.955033111904,10062.639134707386,0.3582838773491592
H_static_price@S,1,7,7326.469248017909,11740.687849766671,0.907749998580417,0.0922500014195829,1583.7165079271642,8845.673973374778,15103.828742409069,10077.855542949608,0.5760138476755687
H_static_price@S,1,14,10107.547340728572,14751.227402313056,0.776947831326524,0.223052168673476,1693.4628733878396,11903.682294240938,18057.9324099763,11512.625234528125,0.7429525222551929
H_static_price@S,1,30,15574.48814498897,20576.455300895737,0.7061697392869914,0.2938302607130085,2192.173327969326,18040.325518948,20554.326067041875,15974.399229474246,0.8807863501483679
H_static_price@S,2,1,2635.365201387155,6312.577517779729,1.294473303006336,-0.294473303006336,898.0974234497016,3625.8876367745775,,9938.941050273364,0.1504451038575667
H_static_price@S,2,3,4781.374296377762,9076.41052814377,1.0132822432129742,-0.0132822432129742,1338.0956785817416,6324.4701423242095,9252.099410957033,9712.092071429945,0.3582838773491592
H_static_price@S,2,7,6793.382470941425,10646.70669398908,0.8417005135211119,0.1582994864788881,1439.366292145386,8444.765572472621,12815.7116454202,9101.44088727026,0.5760138476755687
H_static_price@S,2,14,9636.319983986312,13605.447768717711,0.7407254857326186,0.2592745142673813,1563.5676695046438,11254.65372891114,16420.640825974653,10850.34330167755,0.7429525222551929
H_static_price@S,2,30,15169.649433417952,19826.04466406719,0.6878137686289528,0.3121862313710472,2089.1676731214066,17490.643620061794,17910.311802000262,15636.053571451666,0.8807863501483679
H_static_price@S,3,1,2451.3493655114416,6484.718149828126,1.204085987143576,-0.204085987143576,928.803419681922,3457.8979597492057,,10246.13519826737,0.1504451038575667
H_static_price@S,3,3,4720.427476834854,9335.838811338344,1.0003662223798178,-0.0003662223798177,1375.1076895927397,6282.1305562591015,9304.659978444475,9778.710849108034,0.3582838773491592
H_static_price@S,3,7,6894.013113852991,11170.943031125478,0.8541686564788994,0.1458313435211006,1506.6248942895745,8352.103664442504,13847.901371957563,9301.53857395232,0.5760138476755687
H_static_price@S,3,14,9785.518683552247,14298.573533477726,0.7521941043951692,0.2478058956048308,1556.3322574094188,11347.15847600568,17856.565292129653,10853.36704756829,0.7429525222551929
H_static_price@S,3,30,15271.070280215574,20358.97695984656,0.6924123359959572,0.3075876640040428,2080.1903000948,17671.80613387913,19115.52878798749,15643.796580518088,0.8807863501483679
H_static_price@S,4,1,2446.742481224176,6173.140997298233,1.2018231171941791,-0.2018231171941793,877.9579608967638,3390.530891883712,,9732.18931327128,0.1504451038575667
H_static_price@S,4,3,4708.293298982009,8959.859064768823,0.9977947133968064,0.0022052866031937,1325.0074170370829,6260.362198204502,9200.266675619288,9657.83348522396,0.3582838773491592
H_static_price@S,4,7,7289.738323446211,11389.860991413065,0.9031990347260562,0.0968009652739437,1567.9500968511495,8933.599417283129,14642.12400045376,9987.479430888638,0.5760138476755687
H_static_price@S,4,14,10080.127208387878,14384.31486180721,0.7748400982001161,0.2251599017998838,1658.1985824450533,11968.004025272048,18088.126250785717,11543.211753013817,0.7429525222551929
H_static_price@S,4,30,15329.139571777838,20300.33681658996,0.6950452813679885,0.3049547186320115,2142.7492162227,17519.014780711503,19227.73032459522,15661.057654829936,0.8807863501483679
H_static_price@S,5,1,2520.1236491340123,6234.462570298208,1.2378674433288304,-0.2378674433288303,901.2395456517294,3505.1538557256963,,10065.985565445782,0.1504451038575667
H_static_price@S,5,3,4847.881839004137,9156.663667311788,1.02737670806884,-0.0273767080688398,1364.6219042217551,6469.129485676855,9552.644095105625,10031.05518572549,0.3582838773491592
H_static_price@S,5,7,7253.344816948085,11330.63812698428,0.8986898769921384,0.1013101230078615,1590.8792837898638,8896.756957841524,14581.136537274904,9950.16834685517,0.5760138476755687
H_static_price@S,5,14,9936.352704024504,13856.567138448288,0.7637884270479021,0.2362115729520979,1665.034881048665,11771.465180218418,16860.929985166455,11139.813027281958,0.7429525222551929
H_static_price@S,5,30,15496.37060303611,20350.101528858988,0.7026277773476297,0.2973722226523703,2175.757923830332,17828.272767882143,19433.88171249709,15821.378589118269,0.8807863501483679
H_static_price@S,6,1,2548.573798901665,6389.635878074275,1.2518419616693524,-0.2518419616693523,909.8619036443196,3515.82857530236,,10229.724288795336,0.1504451038575667
H_static_price@S,6,3,4862.355660632091,9241.32565525284,1.0304440409187587,-0.0304440409187587,1345.6717713553217,6418.237125913784,9603.833934544542,9774.779708507322,0.3582838773491592
H_static_price@S,6,7,7237.931102334029,11638.104139665546,0.8967801167863184,0.1032198832136815,1576.9902078564678,8725.789787664646,14760.078243394571,9866.865829095494,0.5760138476755687
H_static_price@S,6,14,10127.1926067559,15055.201193446946,0.7784579253504482,0.2215420746495517,1675.4152480772373,11851.924503722445,19018.53764838162,11558.62173736457,0.7429525222551929
H_static_price@S,6,30,15533.38428864898,20804.197012606117,0.7043060311994394,0.2956939688005606,2275.534873473539,18049.33506618414,19988.600821659667,16070.796456391794,0.8807863501483679
H_static_price@S,7,1,2658.6780795336936,6347.221667715524,1.3059244287786007,-0.3059244287786007,880.824319959613,3626.032205322784,,9897.814188146043,0.1504451038575667
H_static_price@S,7,3,4886.386590135294,9232.245497732432,1.0355367428584388,-0.0355367428584387,1294.500576846458,6471.141734382776,9307.368386014754,9423.87008615926,0.3582838773491592
H_static_price@S,7,7,7225.136929252332,11457.935817796322,0.8951949179403819,0.1048050820596181,1521.1167378522634,8710.73237473752,14026.538358918691,9611.154838463626,0.5760138476755687
H_static_price@S,7,14,10644.16688515359,15846.51157261731,0.8181967493116454,0.1818032506883545,1707.57315622002,12522.980197908806,19186.413118328757,11997.772421508464,0.7429525222551929
H_static_price@S,7,30,16794.238149013967,21926.19309936412,0.7614749624390457,0.2385250375609543,2424.3831144957967,19477.45623974539,21043.106138197767,17413.126394458057,0.8807863501483679
H_static_price@S,8,1,3038.665743253497,6765.227846859976,1.492571761716793,-0.492571761716793,901.312528883258,4085.056684868613,,10506.565128396123,0.1504451038575667
H_static_price@S,8,3,4994.756191718236,9613.59002414852,1.058502732588891,-0.0585027325888909,1372.8116828476552,6583.516471780707,9896.286428918937,10116.09276363592,0.3582838773491592
H_static_price@S,8,7,7086.135858754362,11410.800349721752,0.877972676602053,0.1220273233979469,1522.0888558281413,8561.382826301679,14459.446422823954,9680.616604677914,0.5760138476755687
H_static_price@S,8,14,10089.915155463445,14880.913017003886,0.7755924789703608,0.2244075210296392,1666.0462667490106,11850.680437966244,18966.89554036345,11541.624632446435,0.7429525222551929
H_static_price@S,8,30,15404.744104261765,20699.441559700503,0.6984732998361438,0.3015267001638562,2219.479810623224,17768.12475633118,19371.101575168806,15897.809575114885,0.8807863501483679
H_static_price@S,9,1,2465.035854394444,6207.288721198934,1.2108086965660174,-0.2108086965660174,892.0614299419483,3451.6369379089947,,9815.25818696012,0.1504451038575667
H_static_price@S,9,3,4729.769732428539,8924.687447446282,1.0023460593718327,-0.0023460593718327,1342.9308717009244,6229.153383746688,9287.87203441676,9806.518631369703,0.3582838773491592
H_static_price@S,9,7,6962.899733799898,11141.538703440634,0.8627037130036956,0.1372962869963043,1501.3998685396907,8589.312785352433,13915.017490490363,9554.94396743694,0.5760138476755687
H_static_price@S,9,14,9948.76576984211,14454.74413552884,0.7647425956747697,0.2352574043252303,1638.8932915106398,11688.553044403248,17701.04366578742,11184.318032144953,0.7429525222551929
H_static_price@S,9,30,15639.925464858356,21135.93561007572,0.7091367616816678,0.2908632383183321,2276.8186322676765,17889.881962309897,20735.83394649559,16080.284174872604,0.8807863501483679
H_uniform_price@S,1,1,2582.5698991109653,6194.480805689447,1.2685406128104175,-0.2685406128104175,891.6459987351262,3517.808840327805,,9655.035443623388,0.1504451038575667
H_uniform_price@S,1,3,4715.639244002415,8932.308982437302,0.999351486656418,0.000648513343582,1325.470716116699,6205.633360092868,9118.433633163351,9465.71561070474,0.3582838773491592
H_uniform_price@S,1,7,6783.322389044018,10829.603533154272,0.8404540687441054,0.1595459312558945,1459.2761356570095,8411.822808281426,13097.850124339471,9271.620509513194,0.5760138476755687
H_uniform_price@S,1,14,9657.752320972804,13975.393330196664,0.7423729484830345,0.2576270515169655,1677.0069758076731,11422.285285004906,17014.434932094653,11167.523664622724,0.7429525222551929
H_uniform_price@S,1,30,15275.49762990928,20787.13339899737,0.6926130784120054,0.3073869215879946,2276.571156682427,17773.1610746725,19392.29002190809,15863.102999506262,0.8807863501483679
H_uniform_price@S,2,1,2442.407231818925,6237.753234518057,1.1996936724348657,-0.1996936724348657,883.188952490284,3384.521030333235,,9828.606767439886,0.1504451038575667
H_uniform_price@S,2,3,4742.197850074777,9253.686060305516,1.0049798608997815,-0.0049798608997815,1405.1011380145098,6405.241724564745,9363.852341349371,10157.89660855405,0.3582838773491592
H_uniform_price@S,2,7,7492.997509594631,11753.030282068556,0.9283828606170338,0.0716171393829662,1632.5801982225212,9289.906540327993,15142.900820659415,10478.891720557023,0.5760138476755687
H_uniform_price@S,2,14,10847.105606902334,15455.741028490404,0.8337962606905848,0.1662037393094152,1838.798799577894,13044.348827502052,20209.289370340004,12680.31454008458,0.7429525222551929
H_uniform_price@S,2,30,16061.860703681048,20834.89696058834,0.7282679135257354,0.2717320864742646,2305.2496236760458,18415.56758966762,19163.449876894185,16686.294010086207,0.8807863501483679
H_uniform_price@S,3,1,2426.108251075509,6283.911075953637,1.1916877249375473,-0.1916877249375472,896.9993560329058,3393.583277455699,,10112.50897166461,0.1504451038575667
H_uniform_price@S,3,3,4658.107909757542,9106.26239535209,0.987159285041321,0.012840714958679,1360.4166410272092,6177.947682745877,9286.664705668993,9854.607087332715,0.3582838773491592
H_uniform_price@S,3,7,6818.326837242745,10995.49533773728,0.844791122067751,0.155208877932249,1529.1694895320436,8621.168372025038,13768.047321712502,9450.133193217036,0.5760138476755687
H_uniform_price@S,3,14,9419.646473321993,13635.304024493818,0.724070207400337,0.275929792599663,1593.1004766917597,11068.934886861258,16871.203748812055,10779.166302754484,0.7429525222551929
H_uniform_price@S,3,30,14835.059769665895,20161.13634616045,0.6726429910457464,0.3273570089542535,2118.8816805803017,17082.644377415367,18385.450010860404,15352.686928164669,0.8807863501483679
H_uniform_price@S,4,1,2388.1999494953943,6345.775764331698,1.1730674273287214,-0.1730674273287213,925.1483582795676,3401.0811083241465,,10116.00188808042,0.1504451038575667
H_uniform_price@S,4,3,4697.307126836772,9147.16449593495,0.9954664930012428,0.0045335069987572,1356.1921334371814,6150.750364713192,9257.825226311636,9815.822530197112,0.3582838773491592
H_uniform_price@S,4,7,6858.9102308954725,10777.749249576971,0.849819407082476,0.1501805929175239,1448.8141982216318,8391.159033911603,12626.1465122926,8957.89268526145,0.5760138476755687
H_uniform_price@S,4,14,9538.797871723798,13566.779473219014,0.7332291474940208,0.2667708525059792,1559.4940135972051,11208.793838747688,15802.961009836054,10456.807774271165,0.7429525222551929
H_uniform_price@S,4,30,14796.662292075842,20168.543090223036,0.6709019940712957,0.3290980059287043,2071.640203274545,17090.35977814131,19527.487565851134,15066.58962308517,0.8807863501483679
H_uniform_price@S,5,1,2420.2138153960373,6374.357586338452,1.1887924185794954,-0.1887924185794953,923.7560576138408,3397.903763646871,,10265.181775019768,0.1504451038575667
H_uniform_price@S,5,3,4676.054440272312,9162.168401507666,0.9909625640926332,0.0090374359073668,1358.6397856767633,6211.676201900721,9324.811461647574,9795.402618481883,0.3582838773491592
H_uniform_price@S,5,7,6915.771000500958,11205.047773650247,0.8568644599969647,0.1431355400030353,1597.45062697209,8427.881811878498,13883.731495138883,9548.449417080716,0.5760138476755687
H_uniform_price@S,5,14,9676.115014246963,13823.198547037422,0.7437844535926058,0.2562155464073942,1618.1553413386691,11308.1947314715,17073.145590495926,10913.569595221184,0.7429525222551929
H_uniform_price@S,5,30,15265.946363262536,19979.786535218303,0.6921800102164407,0.3078199897835593,2049.6483099621046,17682.951067644673,18352.66162933922,15691.87002251241,0.8807863501483679
H_uniform_price@S,6,1,2553.755504127644,6333.649894129829,1.254387179719415,-0.254387179719415,922.45741222176,3541.5226278156383,,10087.749631205472,0.1504451038575667
H_uniform_price@S,6,3,4751.834263617615,9054.24098355995,1.0070220366689138,-0.0070220366689137,1367.6694957981083,6342.365986941673,9414.88352839179,9859.1851271019,0.3582838773491592
H_uniform_price@S,6,7,7120.082310755315,11282.575173370022,0.8821786441305474,0.1178213558694526,1560.0799286937497,8693.785769457145,14352.145213398891,9786.49336099714,0.5760138476755687
H_uniform_price@S,6,14,9905.031110988168,14482.344384226402,0.7613807961001632,0.2386192038998368,1662.0811108579835,11752.927492521028,18065.712363188228,11298.092940161176,0.7429525222551929
H_uniform_price@S,6,30,15389.6941399913,20884.066379285672,0.6977909127652999,0.3022090872347001,2315.6594825356665,17883.52872837978,20404.75240223226,15958.785147774572,0.8807863501483679
H_uniform_price@S,7,1,2613.3142524001573,6424.13480423724,1.283642028177861,-0.2836420281778611,901.8051081739856,3601.503925700264,,10263.850300924958,0.1504451038575667
H_uniform_price@S,7,3,4768.27424494803,9377.800324553618,1.0105060435941784,-0.0105060435941783,1370.5448107448155,6412.368836189547,9467.18104508716,9876.89963231539,0.3582838773491592
H_uniform_price@S,7,7,6912.138964703364,11214.614354815529,0.8564144505342208,0.1435855494657791,1509.3407430855357,8665.9531407978,13914.517983647242,9458.99033784667,0.5760138476755687
H_uniform_price@S,7,14,9642.47564546698,14201.78687453708,0.7411986596566738,0.2588013403433262,1572.1288904245164,11337.567380064138,17495.665589133623,10794.270763081116,0.7429525222551929
H_uniform_price@S,7,30,15092.21078916758,20456.29486179141,0.6843025888898859,0.315697411110114,2145.7058191820224,17289.84731857731,18778.774061072847,15575.173143117636,0.8807863501483679
H_uniform_price@S,8,1,2624.0228599840025,6295.554762717576,1.2889020227404222,-0.2889020227404222,891.4311584592526,3588.5784942047017,,10049.667691126317,0.1504451038575667
H_uniform_price@S,8,3,5042.272310384836,9559.73279210052,1.0685724816457136,-0.0685724816457136,1357.4051177169008,6621.170707665731,9862.918195400543,10120.866277676863,0.3582838773491592
H_uniform_price@S,8,7,6937.031764621571,11292.178241917982,0.8594986700027634,0.1405013299972366,1561.2701231923415,8557.661607579032,13957.222586239704,9681.277207217856,0.5760138476755687
H_uniform_price@S,8,14,9275.939487120291,13398.306167012664,0.7130237262400684,0.2869762737599316,1549.1705042126912,11059.752875150243,15364.11875024941,10485.261251949869,0.7429525222551929
H_uniform_price@S,8,30,15194.553911276063,20486.18409872453,0.6889429735487177,0.3110570264512823,2142.2192713102027,17598.09548232987,20353.033088431614,15502.60129400567,0.8807863501483679
H_uniform_price@S,9,1,2501.848609312713,6246.087362840614,1.228890869172202,-0.228890869172202,887.6689846081723,3422.0339938176103,,9835.272064758075,0.1504451038575667
H_uniform_price@S,9,3,4767.003122410431,9089.682591121504,1.010236663743019,-0.0102366637430189,1304.5843566620167,6228.665578886952,9235.539896277343,9675.62640311347,0.3582838773491592
H_uniform_price@S,9,7,6940.140638872805,11102.752549314617,0.8598838597171552,0.1401161402828448,1514.9414835119271,8492.668844144187,13832.361397303432,9687.908166350471,0.5760138476755687
H_uniform_price@S,9,14,10178.19033101647,14870.37313104224,0.7823780228707614,0.2176219771292386,1708.8157183281864,12135.087816554716,18621.17568526516,11793.702886827889,0.7429525222551929
H_uniform_price@S,9,30,15711.860437884972,20912.864280495098,0.7123983970352615,0.2876016029647384,2252.2688064350064,17949.923510290115,20161.86935611696,16187.389750456634,0.8807863501483679
H_shortonly@R,0,1,2037.0902032621964,6428.073010364459,1.000604729299252,-0.0006047292992521,974.9088311772524,3039.867040113381,,10442.295812074,0.1504451038575667
H_shortonly@R,0,3,4721.541317844177,9951.078771534752,1.0006022706886406,-0.0006022706886406,1572.6488949955149,6561.682594324145,9631.949667616313,11253.00519458536,0.3582838773491592
H_shortonly@R,0,7,8070.587736209348,13454.86555175548,0.9999463258607344,5.367413926549158e-05,1932.6651852846587,9698.219660725144,16081.64677548686,12952.88048800599,0.5760138476755687
H_shortonly@R,0,14,13009.783343663808,18707.237756339964,1.0000371617511443,-3.716175114454323e-05,2453.546525976691,15037.982279784264,22157.03326883609,16918.53992908053,0.7429525222551929
H_shortonly@R,0,30,22055.143142656925,28493.401071968023,1.000011977151134,-1.197715113399056e-05,3331.463553281236,25388.42716108353,25668.895297271305,24794.706539094,0.8807863501483679
H_longonly@R,0,1,2035.4258547057293,6427.814220579665,0.9997872127091,0.0002127872908999,975.0866474629116,3038.872451064697,,10441.780770629706,0.1504451038575667
H_longonly@R,0,3,4718.046884752023,9960.134075571066,0.9998617206327588,0.0001382793672413,1575.2705950359682,6559.940647655193,9630.54191073182,11267.002001078426,0.3582838773491592
H_longonly@R,0,7,8070.587736151061,13454.865551715562,0.9999463258535128,5.367414648715929e-05,1932.6651852131329,9698.219660625464,16081.64677557533,12952.880487880531,0.5760138476755687
H_longonly@R,0,14,13221.661228522884,18597.78499694485,1.016323809500394,-0.0163238095003941,1983.2204289152023,15245.132005413254,21115.08459754117,13308.239045579072,0.7429525222551929
H_longonly@R,0,30,15542.426519040324,21368.715729664254,0.7047160189575334,0.2952839810424665,2136.120392251824,18139.099281518826,26468.387506591916,15609.630993787252,0.8807863501483679
H_phys_price@R,0,1,2101.814956407901,6421.355492626848,1.032397083902208,-0.0323970839022078,963.1626393424278,3112.432706979142,,10408.076665160586,0.1504451038575667
H_phys_price@R,0,3,4659.436011432437,9384.809181167726,0.9874407400709706,0.0125592599290293,1457.0572329935226,6309.776889570642,9283.738520983348,10191.892577094854,0.3582838773491592
H_phys_price@R,0,7,7046.599520540074,11290.65872782317,0.8730741218217127,0.1269258781782872,1666.121646817068,8469.904092912671,13089.764379202574,9578.688309566498,0.5760138476755687
H_phys_price@R,0,14,10346.076548421872,14408.93892325203,0.7952831152859247,0.2047168847140753,1812.942156600633,12128.60667395563,16961.390975671777,11389.066386799805,0.7429525222551929
H_phys_price@R,0,30,15972.776365242931,20977.205102408585,0.7242287012277929,0.2757712987722071,2149.218675307416,18100.906010549097,20877.11255047552,16296.77048720957,0.8807863501483679
H_static_price@R,0,1,2094.13883078853,6402.687063253558,1.0286266236716606,-0.0286266236716605,964.1236687789636,3093.50023244424,,10395.35847455177,0.1504451038575667
H_static_price@R,0,3,4628.825248573287,9407.257076808157,0.9809536214030432,0.0190463785969566,1459.7825799675743,6238.051794469064,9306.71295387024,10347.238194535415,0.3582838773491592
H_static_price@R,0,7,6925.386809346023,11253.639598407935,0.8580558593149676,0.1419441406850323,1656.9839678581384,8330.282925378784,13664.884570502383,9906.695083690363,0.5760138476755687
H_static_price@R,0,14,10124.011717151112,14496.588921539458,0.7782134164506312,0.2217865835493687,1857.974893184588,12099.665826233042,17726.106347879366,11793.994608910589,0.7429525222551929
H_static_price@R,0,30,15784.820758221493,21176.33949302745,0.7157065231136722,0.2842934768863278,2301.957379581893,18212.135630958397,19966.493791855904,16398.22108070397,0.8807863501483679
H_uniform_price@R,0,1,2106.492463486385,6428.490008231745,1.0346946432820368,-0.0346946432820367,964.7013684456804,3105.7455503758065,,10428.521745003356,0.1504451038575667
H_uniform_price@R,0,3,4654.258114992917,9333.183465522385,0.9863434257437204,0.0136565742562796,1434.0958534552692,6235.012976196415,9239.424234923514,10101.207738173123,0.3582838773491592
H_uniform_price@R,0,7,7006.469839150674,11353.172379633505,0.8681020517848234,0.1318979482151766,1653.5335021623027,8509.718990134641,13182.903829016386,9567.905587824624,0.5760138476755687
H_uniform_price@R,0,14,10225.299086969855,14428.266414891832,0.7859991828357501,0.2140008171642499,1832.6472538434416,12092.763056568676,17008.755807294507,11469.68997571,0.7429525222551929
H_uniform_price@R,0,30,15847.677625124725,20925.7248907421,0.718556544051775,0.2814434559482249,2271.03569721461,18084.25793832395,20387.37283652593,16340.637891929378,0.8807863501483679
H_phys_price@S,0,1,2505.102845405878,6239.460322754865,1.2304893276105482,-0.2304893276105482,904.6675172963376,3479.9406525858826,,9891.52228170553,0.1504451038575667
H_phys_price@S,0,3,4693.395377597522,9015.71168758715,0.9946375041377196,0.0053624958622805,1369.1723471036066,6269.995056125991,9154.434405357184,9764.347403262738,0.3582838773491592
H_phys_price@S,0,7,6994.824401889733,11210.844312615916,0.8666591813790072,0.1333408186209927,1559.9739651064788,8360.829804952999,14017.49185372996,9733.762985036974,0.5760138476755687
H_phys_price@S,0,14,10071.12337888473,14546.4498566973,0.7741479910478779,0.2258520089521221,1673.744229750287,11696.891105353488,18258.90483543177,11513.869703979552,0.7429525222551929
H_phys_price@S,0,30,15483.22464786898,20691.54381833051,0.7020317207936917,0.2979682792063083,2161.7635500848105,17645.460889003243,19334.837902663032,15939.963376443,0.8807863501483679
H_static_price@S,0,1,2352.439267535581,6251.724130131407,1.1555020257403903,-0.1555020257403903,890.1526665858419,3294.721459513715,,9938.69173720146,0.1504451038575667
H_static_price@S,0,3,4675.195582281353,9065.880919353374,0.9907805524997866,0.0092194475002134,1370.8447762387707,6261.932874030285,9273.651248779375,10029.657634797655,0.3582838773491592
H_static_price@S,0,7,7027.89865934266,11193.867173153336,0.8707570839483881,0.1292429160516118,1548.1673218495273,8540.240404589136,14115.943324878075,9992.750463155253,0.5760138476755687
H_static_price@S,0,14,10309.761591456738,14733.693324498632,0.7924916540038107,0.2075083459961892,1724.3686003849712,12154.152064079868,18798.18708159913,12096.773180489165,0.7429525222551929
H_static_price@S,0,30,16044.8865879633,20908.704477564628,0.7274982826550807,0.2725017173449193,2167.373463883599,18229.87921541623,19555.092066781963,16607.405239529333,0.8807863501483679
H_uniform_price@S,0,1,2472.54872715544,6229.452294435208,1.2144989681127747,-0.2144989681127747,899.1330935461303,3440.7881932133323,,9925.93148478616,0.1504451038575667
H_uniform_price@S,0,3,4699.233835483008,8890.588781832826,0.9958748064981708,0.0041251935018291,1315.7103662706272,6241.926393590747,9099.116296446977,9579.490393922491,0.3582838773491592
H_uniform_price@S,0,7,6959.379441522257,11182.338643701814,0.8622675485700708,0.1377324514299291,1522.028483847913,8522.592464246682,14024.032726001617,9593.358012928207,0.5760138476755687
H_uniform_price@S,0,14,9960.308998003738,14514.451671870234,0.765629901544765,0.234370098455235,1622.3598137402366,11729.660992252948,18281.97335534305,11274.50614349934,0.7429525222551929
H_uniform_price@S,0,30,15270.316783057186,20434.96981594742,0.6923781713488151,0.3076218286511849,2187.046181020795,17504.01783204373,18993.314662849272,15739.353667242816,0.8807863501483679
